match_id,date,team,opponent,player_id,player,position,started,minutes,goals,assists,yellow,red,penalties,rating,xg,npxg,bc_missed,bc_missed_xg,xa,shots,sot,passes,passAcc,keyPasses,touches,tackles,interceptions,aerials,dribbles,fouls,clearances,dispossessed,saves
5868011,2026-08-15,Deportivo Alaves,Getafe,141044,Antonio Sivera,GK,1,98,0,0,0,0,0,7.1,0.0,0.0,0,0.0,0.0,0,0,21,15,0,37,0,0,0,0,0,2,0,2
5868011,2026-08-15,Deportivo Alaves,Getafe,347874,Nahuel Tenaglia,DC,1,98,1,0,0,0,0,8.4,0.35,0.35,0,0.0,0.01,3,1,61,52,0,81,4,0,2,1,1,6,1,0
5868011,2026-08-15,Deportivo Alaves,Getafe,424575,Ville Koski,DC,1,98,0,0,0,0,0,6.9,0.0,0.0,0,0.0,0.0,0,0,54,49,0,58,0,0,1,1,0,3,0,0
5868011,2026-08-15,Deportivo Alaves,Getafe,115917,Jonny Otto,DC,1,98,0,0,0,0,0,7.0,0.0,0.0,0,0.0,0.0,0,0,33,30,0,47,2,0,1,0,1,2,0,0
5868011,2026-08-15,Deportivo Alaves,Getafe,506205,Angel Perez,DMR,1,64,0,0,0,0,0,6.8,0.04,0.04,0,0.0,0.04,1,1,11,9,0,32,2,1,0,0,1,2,0,0
5868011,2026-08-15,Deportivo Alaves,Getafe,447835,Abde Rebbach,DML,1,93,0,0,1,0,0,7.2,0.02,0.02,0,0.0,0.0,1,1,16,8,0,40,5,2,2,0,1,0,0,0
5868011,2026-08-15,Deportivo Alaves,Getafe,444254,Pablo Ibanez,MC,1,98,0,0,0,0,0,6.9,0.0,0.0,0,0.0,0.0,0,0,30,23,0,47,1,2,1,1,3,1,1,0
5868011,2026-08-15,Deportivo Alaves,Getafe,106525,Denis Suarez,MC,1,56,0,0,1,0,0,6.4,0.42,0.42,1,0.42,0.15,1,1,26,18,3,34,0,0,0,0,3,0,0,0
5868011,2026-08-15,Deportivo Alaves,Getafe,409467,Antonio Blanco,MC,1,93,0,0,1,0,0,6.8,0.08,0.08,0,0.0,0.01,3,0,42,39,1,53,4,1,2,0,5,1,0,0
5868011,2026-08-15,Deportivo Alaves,Getafe,280060,Toni Martinez,FW,1,98,0,0,0,0,0,7.3,0.18,0.18,0,0.0,0.0,3,0,13,9,2,27,3,0,3,0,0,3,0,0
5868011,2026-08-15,Deportivo Alaves,Getafe,514695,Aitor Manas,FW,1,56,0,0,0,0,0,6.3,0.0,0.0,0,0.0,0.0,0,0,4,2,1,16,1,1,1,0,1,2,1,0
5868011,2026-08-15,Deportivo Alaves,Getafe,519969,Youssef Enriquez,Sub,0,34,0,0,0,0,0,6.8,0.0,0.0,0,0.0,0.05,0,0,8,8,1,18,2,0,0,0,0,1,0,0
5868011,2026-08-15,Deportivo Alaves,Getafe,303268,Carles Alena,Sub,0,5,0,0,0,0,0,6.3,0.02,0.02,0,0.0,0.0,1,1,9,9,0,12,0,0,0,0,0,0,0,0
5868011,2026-08-15,Deportivo Alaves,Getafe,323236,Mariano Diaz,Sub,0,42,1,2,1,0,0,9.1,0.15,0.15,0,0.0,0.21,3,2,7,3,2,18,0,0,1,2,0,1,1,0
5868011,2026-08-15,Deportivo Alaves,Getafe,344120,Ander Guevara,Sub,0,5,0,0,0,0,0,6.1,0.0,0.0,0,0.0,0.0,0,0,4,4,0,4,0,0,0,0,0,0,0,0
5868011,2026-08-15,Deportivo Alaves,Getafe,546572,Mikel Rodriguez,Sub,0,42,1,0,0,0,0,7.9,0.44,0.44,1,0.35,0.0,2,1,15,9,2,25,4,0,1,1,0,0,0,0
5868011,2026-08-15,Getafe,Deportivo Alaves,243262,David Soria,GK,1,98,0,0,0,0,0,6.5,0.0,0.0,0,0.0,0.01,0,0,30,16,0,41,0,0,0,0,0,1,0,5
5868011,2026-08-15,Getafe,Deportivo Alaves,409740,Abdel Abqar,DC,1,98,0,0,0,0,0,6.3,0.0,0.0,0,0.0,0.0,0,0,31,22,0,43,2,1,1,0,1,7,0,0
5868011,2026-08-15,Getafe,Deportivo Alaves,332990,Djene Dakonam,DC,1,80,0,0,1,0,0,6.2,0.0,0.0,0,0.0,0.04,0,0,38,33,0,46,0,1,2,0,1,4,0,0
5868011,2026-08-15,Getafe,Deportivo Alaves,389191,Zaid Romero,DC,1,98,0,0,0,0,0,6.5,0.0,0.0,0,0.0,0.06,0,0,37,35,0,68,2,1,2,3,1,6,2,0
5868011,2026-08-15,Getafe,Deportivo Alaves,75919,Kiko Femenia,DMR,1,98,0,0,0,1,0,5.2,0.0,0.0,0,0.0,0.01,0,0,30,27,0,36,0,0,0,0,1,0,1,0
5868011,2026-08-15,Getafe,Deportivo Alaves,568737,Davinchi,DML,1,45,0,0,1,0,0,6.6,0.0,0.0,0,0.0,0.01,0,0,9,5,1,22,1,0,0,1,1,2,0,0
5868011,2026-08-15,Getafe,Deportivo Alaves,344073,Orel Mangala,MC,1,98,0,0,0,0,0,6.5,0.04,0.04,0,0.0,0.0,1,0,37,31,0,52,4,2,2,2,2,1,2,0
5868011,2026-08-15,Getafe,Deportivo Alaves,471047,Mario Martin,MC,1,65,0,0,1,0,0,6.2,0.0,0.0,0,0.0,0.05,0,0,22,20,0,28,1,0,0,0,2,0,0,0
5868011,2026-08-15,Getafe,Deportivo Alaves,444244,Ramon Terrats,MC,1,98,0,0,0,0,0,6.5,0.06,0.06,0,0.0,0.14,2,1,29,23,1,52,0,0,0,4,1,0,1,0
5868011,2026-08-15,Getafe,Deportivo Alaves,469329,Andres Garcia,FW,1,80,0,0,0,0,0,6.0,0.0,0.0,0,0.0,0.0,0,0,24,21,1,44,1,0,0,0,0,2,2,0
5868011,2026-08-15,Getafe,Deportivo Alaves,403803,Martin Satriano,FW,1,72,0,0,0,0,0,6.2,0.05,0.05,0,0.0,0.0,1,1,18,10,0,31,0,0,2,0,2,2,2,0
5868011,2026-08-15,Getafe,Deportivo Alaves,410988,Saba Sazonov,Sub,0,18,0,0,0,0,0,6.0,0.0,0.0,0,0.0,0.01,0,0,9,7,0,12,1,0,0,0,0,0,0,0
5868011,2026-08-15,Getafe,Deportivo Alaves,523331,Alberto Risco,Sub,0,33,0,0,0,0,0,5.9,0.02,0.02,0,0.0,0.0,1,0,4,3,0,13,3,0,0,0,0,0,1,0
5868011,2026-08-15,Getafe,Deportivo Alaves,134695,Enes Unal,Sub,0,53,0,0,0,0,0,5.8,0.04,0.04,0,0.0,0.0,1,0,17,11,0,26,1,0,4,0,0,0,0,0
5868011,2026-08-15,Getafe,Deportivo Alaves,484251,Sebastian Boselli,Sub,0,18,0,0,0,0,0,5.7,0.0,0.0,0,0.0,0.0,0,0,1,1,0,3,2,0,0,0,0,0,1,0
5868011,2026-08-15,Getafe,Deportivo Alaves,544767,Jean Valou,Sub,0,26,0,0,0,0,0,5.8,0.0,0.0,0,0.0,0.0,0,0,3,3,0,7,0,0,0,0,1,2,0,0
5868012,2026-08-19,Atletico Madrid,Malaga,76662,Jan Oblak,GK,1,96,0,0,0,0,0,6.6,0.0,0.0,0,0.0,0.0,0,0,28,22,0,33,0,0,0,0,0,0,0,1
5868012,2026-08-19,Atletico Madrid,Malaga,641096,Jorge Dominguez,DR,1,45,0,0,1,0,0,6.3,0.0,0.0,0,0.0,0.0,0,0,13,13,0,24,2,0,1,0,4,0,1,0
5868012,2026-08-19,Atletico Madrid,Malaga,362779,David Hancko,DC,1,96,0,0,1,0,0,7.9,0.07,0.07,0,0.0,0.18,3,0,95,91,1,113,3,2,2,0,1,2,0,0
5868012,2026-08-19,Atletico Madrid,Malaga,367008,Robin Le Normand,DC,1,96,0,0,0,0,0,7.6,0.0,0.0,0,0.0,0.0,0,0,30,28,0,48,2,3,3,0,1,8,1,0
5868012,2026-08-19,Atletico Madrid,Malaga,498163,Dani Martinez,DL,1,96,0,0,0,0,0,6.9,0.33,0.33,1,0.33,0.0,1,0,55,47,0,88,5,0,0,4,0,2,0,0
5868012,2026-08-19,Atletico Madrid,Malaga,80764,Koke,DMC,1,77,0,0,0,0,0,6.6,0.0,0.0,0,0.0,0.04,0,0,67,59,1,79,4,0,0,0,1,0,0,0
5868012,2026-08-19,Atletico Madrid,Malaga,427360,Carlos Martin,MR,1,56,0,0,0,0,0,6.0,0.07,0.07,0,0.0,0.06,2,0,20,15,0,28,0,0,1,0,4,0,1,0
5868012,2026-08-19,Atletico Madrid,Malaga,463938,Rodrigo Mendoza,MC,1,56,0,0,0,0,0,6.6,0.37,0.37,1,0.31,0.06,3,2,22,20,0,34,4,0,0,1,0,0,0,0
5868012,2026-08-19,Atletico Madrid,Malaga,434138,Pablo Barrios,MC,1,96,0,0,0,0,0,7.6,0.0,0.0,0,0.0,0.12,0,0,58,51,1,71,1,3,1,3,0,0,1,0
5868012,2026-08-19,Atletico Madrid,Malaga,444251,Arnau Ortiz,ML,1,56,0,0,0,0,0,6.6,0.0,0.0,0,0.0,0.1,0,0,7,5,3,16,2,0,0,0,0,0,1,0
5868012,2026-08-19,Atletico Madrid,Malaga,299451,Ademola Lookman,FW,1,96,0,0,0,0,0,6.5,0.33,0.33,1,0.31,0.0,2,2,23,17,0,33,2,0,0,0,2,0,0,0
5868012,2026-08-19,Atletico Madrid,Malaga,422918,Giuliano Simeone,Sub,0,40,0,0,0,0,0,6.6,0.0,0.0,0,0.0,0.0,0,0,24,17,1,29,0,1,4,0,0,0,1,0
5868012,2026-08-19,Atletico Madrid,Malaga,403647,Morten Hjulmand,Sub,0,19,0,0,0,0,0,6.3,0.0,0.0,0,0.0,0.0,0,0,11,10,0,13,1,0,0,0,1,0,0,0
5868012,2026-08-19,Atletico Madrid,Malaga,395242,Alex Baena,Sub,0,40,1,0,0,0,0,7.4,0.05,0.05,0,0.0,0.1,1,1,20,16,2,31,0,0,0,0,1,0,1,0
5868012,2026-08-19,Atletico Madrid,Malaga,254582,Marcos Llorente,Sub,0,51,0,0,0,0,0,6.5,0.0,0.0,0,0.0,0.0,0,0,33,31,0,41,1,0,0,0,2,1,0,0
5868012,2026-08-19,Atletico Madrid,Malaga,367780,Lee Kang-In,Sub,0,40,1,0,0,0,0,7.8,0.13,0.13,0,0.0,0.06,3,1,14,13,1,24,3,0,0,0,0,0,0,0
5868012,2026-08-19,Malaga,Atletico Madrid,261509,Alfonso Herrero,GK,1,96,0,0,0,0,0,6.0,0.0,0.0,0,0.0,0.0,0,0,47,32,0,54,0,0,0,0,0,0,0,4
5868012,2026-08-19,Malaga,Atletico Madrid,447938,Carlos Puga,DR,1,71,0,0,1,0,0,6.9,0.0,0.0,0,0.0,0.02,0,0,27,23,1,50,0,3,1,2,1,3,0,0
5868012,2026-08-19,Malaga,Atletico Madrid,141497,Einar Galilea,DC,1,79,0,0,0,0,0,6.8,0.0,0.0,0,0.0,0.0,0,0,51,42,0,65,4,0,0,1,1,6,0,0
5868012,2026-08-19,Malaga,Atletico Madrid,511043,Angel Recio,DC,1,96,0,0,0,0,0,6.1,0.0,0.0,0,0.0,0.0,0,0,57,50,0,64,2,2,0,0,0,3,0,0
5868012,2026-08-19,Malaga,Atletico Madrid,508349,Rafita,DL,1,96,0,0,0,0,0,7.1,0.04,0.04,0,0.0,0.0,1,0,39,34,0,71,0,3,3,1,1,7,0,0
5868012,2026-08-19,Malaga,Atletico Madrid,508035,Izan Merino,DMC,1,96,0,0,0,0,0,6.1,0.0,0.0,0,0.0,0.0,0,0,47,43,0,54,1,2,0,0,1,1,0,0
5868012,2026-08-19,Malaga,Atletico Madrid,448303,David Larrubia,MR,1,96,0,0,0,0,0,6.3,0.07,0.07,0,0.0,0.01,2,1,23,21,0,47,10,0,0,1,0,0,1,0
5868012,2026-08-19,Malaga,Atletico Madrid,448294,Dani Lorenzo,MC,1,79,0,0,0,0,0,6.8,0.0,0.0,0,0.0,0.06,0,0,50,49,1,67,2,2,0,2,0,0,2,0
5868012,2026-08-19,Malaga,Atletico Madrid,461527,Carlos Dotor,MC,1,66,0,0,0,0,0,7.1,0.0,0.0,0,0.0,0.0,0,0,27,23,0,36,4,1,0,1,1,0,1,0
5868012,2026-08-19,Malaga,Atletico Madrid,366204,Joaquin Munoz,ML,1,66,0,0,0,0,0,6.4,0.0,0.0,0,0.0,0.02,0,0,23,18,0,37,2,0,0,1,1,0,1,0
5868012,2026-08-19,Malaga,Atletico Madrid,541868,Chupe,FW,1,96,0,0,0,0,0,5.9,0.06,0.06,0,0.0,0.07,1,0,18,11,0,31,2,0,0,0,1,3,0,0
5868012,2026-08-19,Malaga,Atletico Madrid,463425,Eneko Jauregi,Sub,0,17,0,0,0,0,0,6.0,0.0,0.0,0,0.0,0.0,0,0,4,3,0,8,1,0,0,0,1,0,2,0
5868012,2026-08-19,Malaga,Atletico Madrid,357786,Juan Cruz,Sub,0,30,0,0,1,0,0,5.8,0.0,0.0,0,0.0,0.0,0,0,8,8,0,14,1,0,0,0,1,0,1,0
5868012,2026-08-19,Malaga,Atletico Madrid,402092,Jose Salinas,Sub,0,25,0,0,0,0,0,6.0,0.0,0.0,0,0.0,0.0,0,0,11,6,0,16,0,0,2,0,0,0,0,0
5868012,2026-08-19,Malaga,Atletico Madrid,448289,Ramon Enriquez,Sub,0,17,0,0,1,0,0,5.8,0.0,0.0,0,0.0,0.01,0,0,24,22,0,26,0,0,0,0,1,0,0,0
5868012,2026-08-19,Malaga,Atletico Madrid,471958,Rafa Rodriguez,Sub,0,30,0,0,0,0,0,6.0,0.02,0.02,0,0.0,0.01,1,0,11,10,0,20,0,0,0,1,1,0,0,0
5868013,2026-08-27,Celta Vigo,Osasuna,296723,Ionut Radu,GK,1,99,0,0,0,0,0,6.1,0.0,0.0,0,0.0,0.0,0,0,44,27,0,53,0,0,0,1,0,2,0,2
5868013,2026-08-27,Celta Vigo,Osasuna,508331,Javi Rodriguez,DC,1,99,0,0,0,0,0,6.1,0.0,0.0,0,0.0,0.03,0,0,72,65,0,81,2,2,0,0,0,1,0,0
5868013,2026-08-27,Celta Vigo,Osasuna,528001,Yoel Lago,DC,1,99,0,0,0,0,0,5.9,0.0,0.0,0,0.0,0.0,0,0,57,54,0,65,2,0,1,0,2,4,0,0
5868013,2026-08-27,Celta Vigo,Osasuna,84008,Marcos Alonso,DC,1,99,0,0,0,1,0,6.1,0.0,0.0,0,0.0,0.0,0,0,72,66,0,81,0,3,1,0,1,4,1,0
5868013,2026-08-27,Celta Vigo,Osasuna,463588,Javi Rueda,DMR,1,64,0,0,0,0,0,6.3,0.0,0.0,0,0.0,0.0,0,0,18,17,0,35,1,2,1,1,0,1,3,0
5868013,2026-08-27,Celta Vigo,Osasuna,369497,Javi Galan,DML,1,64,0,0,0,0,0,5.9,0.0,0.0,0,0.0,0.0,0,0,39,29,0,55,2,0,1,1,1,1,0,0
5868013,2026-08-27,Celta Vigo,Osasuna,409030,Ilaix Moriba,MC,1,99,0,0,0,0,0,5.9,0.0,0.0,0,0.0,0.0,0,0,61,58,0,70,4,0,0,0,0,0,1,0
5868013,2026-08-27,Celta Vigo,Osasuna,462768,Miguel Roman,MC,1,99,0,0,0,0,0,6.4,0.0,0.0,0,0.0,0.0,0,0,76,70,1,87,0,1,1,0,1,1,1,0
5868013,2026-08-27,Celta Vigo,Osasuna,91242,Iago Aspas,FWR,1,51,1,0,0,0,0,7.3,0.05,0.05,0,0.0,0.0,1,1,22,18,0,29,2,0,0,1,0,0,0,0
5868013,2026-08-27,Celta Vigo,Osasuna,459082,Pablo Duran,FW,1,78,0,0,0,0,0,6.5,0.0,0.0,0,0.0,0.04,0,0,14,9,0,23,0,0,0,3,1,0,1,0
5868013,2026-08-27,Celta Vigo,Osasuna,444227,Williot Swedberg,FWL,1,64,0,0,0,0,0,6.5,0.0,0.0,0,0.0,0.0,0,0,11,9,0,26,2,1,0,1,0,0,1,0
5868013,2026-08-27,Celta Vigo,Osasuna,427001,Hugo Alvarez,Sub,0,35,0,0,0,0,0,6.1,0.0,0.0,0,0.0,0.02,0,0,15,12,1,24,0,0,0,0,0,0,1,0
5868013,2026-08-27,Celta Vigo,Osasuna,386622,Sergio Carreira,Sub,0,35,0,0,0,0,0,6.6,0.02,0.02,0,0.0,0.0,1,0,24,20,0,32,0,0,0,0,0,0,0,0
5868013,2026-08-27,Celta Vigo,Osasuna,396158,Ferran Jutgla,Sub,0,21,0,0,0,0,0,6.2,0.0,0.0,0,0.0,0.0,0,0,6,5,0,9,0,0,1,0,0,0,0,0
5868013,2026-08-27,Celta Vigo,Osasuna,378626,Carl Starfelt,Sub,0,48,0,0,0,0,0,6.4,0.02,0.02,0,0.0,0.0,1,0,20,20,0,29,1,0,3,0,1,4,0,0
5868013,2026-08-27,Celta Vigo,Osasuna,441888,Jones El Abdellaoui,Sub,0,35,0,0,0,0,0,6.1,0.04,0.04,0,0.0,0.0,1,1,6,5,0,13,0,0,0,0,0,0,2,0
5868013,2026-08-27,Osasuna,Celta Vigo,381674,Sergio Herrera,GK,1,99,0,0,0,0,0,5.9,0.0,0.0,0,0.0,0.0,0,0,16,12,0,21,0,0,0,0,0,0,0,1
5868013,2026-08-27,Osasuna,Celta Vigo,517618,Inigo Arguibide,DR,1,99,0,0,0,0,0,6.7,0.0,0.0,0,0.0,0.0,0,0,35,29,0,64,3,1,0,1,1,3,1,0
5868013,2026-08-27,Osasuna,Celta Vigo,374638,Alejandro Catena,DC,1,99,0,0,0,0,0,7.1,0.0,0.0,0,0.0,0.01,0,0,90,83,0,103,0,3,0,1,1,5,0,0
5868013,2026-08-27,Osasuna,Celta Vigo,444253,Jorge Herrando,DC,1,57,0,0,0,0,0,6.1,0.0,0.0,0,0.0,0.0,0,0,40,34,0,43,0,0,0,1,1,0,0,0
5868013,2026-08-27,Osasuna,Celta Vigo,518928,Asier Osambela,DC,1,99,0,0,0,0,0,6.7,0.0,0.0,0,0.0,0.01,0,0,74,64,0,86,1,1,2,0,3,7,1,0
5868013,2026-08-27,Osasuna,Celta Vigo,461771,Abel Bretones,DL,1,99,0,0,0,0,0,6.8,0.03,0.03,0,0.0,0.01,1,0,45,41,1,61,4,1,1,0,2,3,0,0
5868013,2026-08-27,Osasuna,Celta Vigo,447853,Jonathan Dubasin,MR,1,57,0,0,1,0,0,6.5,0.0,0.0,0,0.0,0.07,0,0,22,18,1,34,2,2,1,1,1,0,0,0
5868013,2026-08-27,Osasuna,Celta Vigo,249960,Lucas Torro,MC,1,99,0,0,0,0,0,6.9,0.04,0.04,0,0.0,0.0,1,0,54,45,1,65,5,0,3,1,1,4,0,0
5868013,2026-08-27,Osasuna,Celta Vigo,381673,Jon Moncayola,MC,1,45,0,0,0,0,0,6.0,0.0,0.0,0,0.0,0.01,0,0,19,16,0,27,4,0,0,0,0,1,0,0
5868013,2026-08-27,Osasuna,Celta Vigo,336251,Kike Barja,ML,1,73,1,0,0,0,0,7.5,0.38,0.38,0,0.0,0.18,2,1,27,24,2,39,1,0,0,0,1,0,0,0
5868013,2026-08-27,Osasuna,Celta Vigo,383924,Raul Garcia,FW,1,81,0,0,0,0,0,7.3,0.1,0.1,0,0.0,0.04,3,2,17,16,2,28,1,0,1,1,1,1,0,0
5868013,2026-08-27,Osasuna,Celta Vigo,98126,Ante Budimir,Sub,0,42,1,0,0,0,1,6.9,1.44,0.65,1,0.56,0.0,4,2,2,1,0,13,2,0,1,0,1,0,0,0
5868013,2026-08-27,Osasuna,Celta Vigo,101238,Moi Gomez,Sub,0,26,0,0,0,0,0,6.0,0.0,0.0,0,0.0,0.03,0,0,10,10,0,15,0,0,0,0,1,0,1,0
5868013,2026-08-27,Osasuna,Celta Vigo,119189,Ruben Garcia,Sub,0,42,0,0,0,0,0,6.3,0.31,0.31,1,0.31,0.49,1,0,25,23,2,34,0,1,1,1,0,0,0,0
5868013,2026-08-27,Osasuna,Celta Vigo,395321,Aimar Oroz,Sub,0,18,0,0,0,0,0,6.1,0.0,0.0,0,0.0,0.0,0,0,6,5,0,9,0,0,0,1,1,0,0,0
5868013,2026-08-27,Osasuna,Celta Vigo,474267,Iker Munoz,Sub,0,54,0,0,0,0,0,6.3,0.03,0.03,0,0.0,0.0,1,0,33,30,0,39,0,0,0,0,1,0,0,0
5868014,2026-08-17,Deportivo A Coruña,Elche,423420,Leo Roman,GK,1,96,0,0,0,0,0,7.1,0.0,0.0,0,0.0,0.0,0,0,33,24,0,43,0,0,0,0,0,2,0,5
5868014,2026-08-17,Deportivo A Coruña,Elche,100881,Ximo Navarro,DR,1,96,0,0,1,0,0,6.4,0.0,0.0,0,0.0,0.0,0,0,36,30,0,67,4,1,0,0,1,2,0,0
5868014,2026-08-17,Deportivo A Coruña,Elche,431768,Lucas Noubi,DC,1,96,0,0,0,0,0,6.4,0.0,0.0,0,0.0,0.0,0,0,53,44,0,67,1,1,2,0,1,5,0,0
5868014,2026-08-17,Deportivo A Coruña,Elche,631884,Bright Ede,DC,1,96,0,0,0,0,0,6.6,0.03,0.03,0,0.0,0.0,1,0,38,33,0,53,2,1,4,0,0,5,1,0
5868014,2026-08-17,Deportivo A Coruña,Elche,393081,Giacomo Quagliata,DL,1,96,0,0,0,0,0,6.2,0.0,0.0,0,0.0,0.02,0,0,30,24,1,60,0,0,0,0,2,2,1,0
5868014,2026-08-17,Deportivo A Coruña,Elche,470032,Lorenzo Amatucci,DMC,1,96,0,1,1,0,0,6.7,0.0,0.0,0,0.0,0.02,0,0,62,54,1,76,2,0,1,0,4,1,0,0
5868014,2026-08-17,Deportivo A Coruña,Elche,409130,Mario Soriano,DMC,1,70,0,0,0,0,0,6.8,0.04,0.04,0,0.0,0.0,1,0,42,37,1,53,2,0,0,0,0,1,2,0
5868014,2026-08-17,Deportivo A Coruña,Elche,448041,Adria Alti,AMR,1,70,0,0,0,0,0,6.7,0.0,0.0,0,0.0,0.02,0,0,14,13,1,21,3,0,0,0,1,0,0,0
5868014,2026-08-17,Deportivo A Coruña,Elche,598590,Bil Nsongo,AMC,1,59,0,0,0,0,0,6.7,0.02,0.02,0,0.0,0.0,1,1,11,9,0,27,2,0,1,0,1,1,2,0
5868014,2026-08-17,Deportivo A Coruña,Elche,527113,Jonathan Asp Jensen,AML,1,59,0,0,0,0,0,6.3,0.03,0.03,0,0.0,0.0,1,0,9,7,0,20,2,0,0,0,1,0,1,0
5868014,2026-08-17,Deportivo A Coruña,Elche,44120,Pierre-Emerick Aubameyang,FW,1,84,1,0,0,0,0,7.6,0.07,0.07,0,0.0,0.03,2,2,16,12,1,27,0,1,1,0,2,2,0,0
5868014,2026-08-17,Deportivo A Coruña,Elche,429003,Zakaria Eddahchouri,Sub,0,37,0,0,0,0,0,6.0,0.03,0.03,0,0.0,0.0,1,0,9,6,0,15,2,0,0,0,2,0,1,0
5868014,2026-08-17,Deportivo A Coruña,Elche,507361,David Mella,Sub,0,26,0,0,0,0,0,5.9,0.0,0.0,0,0.0,0.0,0,0,6,3,0,11,3,0,0,0,1,0,1,0
5868014,2026-08-17,Deportivo A Coruña,Elche,511028,Kevin Sanchez,Sub,0,12,0,0,0,0,0,6.0,0.0,0.0,0,0.0,0.0,0,0,1,0,0,1,0,0,0,0,0,0,0,0
5868014,2026-08-17,Deportivo A Coruña,Elche,448009,Diego Villares,Sub,0,37,0,0,0,0,0,6.2,0.0,0.0,0,0.0,0.0,0,0,31,25,0,38,2,0,0,0,1,2,0,0
5868014,2026-08-17,Deportivo A Coruña,Elche,428620,Luismi Cruz,Sub,0,26,0,0,0,0,0,5.9,0.04,0.04,0,0.0,0.0,1,0,10,5,1,13,0,0,0,0,0,0,0,0
5868014,2026-08-17,Elche,Deportivo A Coruña,422916,Matias Dituro,GK,1,96,0,0,0,0,0,6.1,0.0,0.0,0,0.0,0.0,0,0,56,40,0,61,0,0,0,0,0,0,0,2
5868014,2026-08-17,Elche,Deportivo A Coruña,510360,Buba Sangare,DR,1,96,0,0,0,0,0,6.5,0.0,0.0,0,0.0,0.0,0,0,44,41,0,66,2,1,1,0,2,4,1,0
5868014,2026-08-17,Elche,Deportivo A Coruña,419616,Federico Redondo,DC,1,59,0,0,0,0,0,6.6,0.03,0.03,0,0.0,0.0,1,0,64,60,1,73,1,0,0,0,1,3,0,0
5868014,2026-08-17,Elche,Deportivo A Coruña,423282,David Affengruber,DC,1,96,0,0,0,0,0,6.8,0.07,0.07,0,0.0,0.0,2,0,88,83,0,109,2,0,0,1,1,5,0,0
5868014,2026-08-17,Elche,Deportivo A Coruña,402862,Victor Chust,DC,1,96,0,0,0,0,0,7.2,0.0,0.0,0,0.0,0.25,0,0,81,74,2,97,2,1,2,0,0,6,0,0
5868014,2026-08-17,Elche,Deportivo A Coruña,390240,German Valera,DL,1,80,0,0,0,0,0,6.7,0.0,0.0,0,0.0,0.07,0,0,35,31,1,55,1,0,0,1,1,2,1,0
5868014,2026-08-17,Elche,Deportivo A Coruña,357388,Gonzalo Villar,MR,1,96,0,1,1,0,0,7.3,0.13,0.13,0,0.0,0.06,2,2,71,60,1,85,1,1,1,0,2,0,0,0
5868014,2026-08-17,Elche,Deportivo A Coruña,438351,Martim Neto,MC,1,59,0,0,0,0,0,6.3,0.0,0.0,0,0.0,0.12,0,0,24,23,2,33,1,1,0,0,1,0,2,0
5868014,2026-08-17,Elche,Deportivo A Coruña,448050,Marc Aguado,MC,1,96,1,0,0,0,0,7.3,0.04,0.04,0,0.0,0.0,1,1,65,60,1,69,0,0,1,0,1,0,0,0
5868014,2026-08-17,Elche,Deportivo A Coruña,508339,Ali Houary,ML,1,80,0,0,0,0,0,6.7,0.71,0.71,1,0.56,0.01,3,1,41,36,2,62,2,0,0,3,0,0,3,0
5868014,2026-08-17,Elche,Deportivo A Coruña,391082,Fer Nino,FW,1,68,0,0,0,0,0,6.1,0.42,0.42,1,0.42,0.02,1,1,19,14,0,30,1,0,2,0,0,1,0,0
5868014,2026-08-17,Elche,Deportivo A Coruña,516414,Lucas Cepeda,Sub,0,37,0,0,0,0,0,6.3,0.04,0.04,0,0.0,0.0,1,1,19,17,0,23,0,1,0,0,0,0,1,0
5868014,2026-08-17,Elche,Deportivo A Coruña,402087,Tete Morente,Sub,0,37,0,0,0,0,0,6.3,0.0,0.0,0,0.0,0.0,0,0,13,10,0,24,1,1,0,0,1,1,1,0
5868014,2026-08-17,Elche,Deportivo A Coruña,556141,Umaru,Sub,0,28,0,0,1,0,0,5.9,0.0,0.0,0,0.0,0.0,0,0,4,3,0,9,0,0,1,0,2,0,1,0
5868014,2026-08-17,Elche,Deportivo A Coruña,617819,Javier Morcillo,Sub,0,16,0,0,0,0,0,6.2,0.0,0.0,0,0.0,0.0,0,0,10,8,0,14,1,0,0,0,0,2,0,0
5868014,2026-08-17,Elche,Deportivo A Coruña,644193,Alvaro Padilla,Sub,0,16,0,0,0,0,0,6.1,0.0,0.0,0,0.0,0.0,0,0,7,7,0,12,0,0,0,1,0,0,1,0
5868015,2026-08-16,Espanyol,Levante,259393,Marko Dmitrovic,GK,1,94,0,0,0,0,0,7.0,0.0,0.0,0,0.0,0.0,0,0,19,14,0,33,0,0,0,0,0,0,0,0
5868015,2026-08-16,Espanyol,Levante,449410,Omar El Hilali,DR,1,94,0,0,0,0,0,7.1,0.0,0.0,0,0.0,0.0,0,0,31,26,0,59,1,2,2,0,2,4,0,0
5868015,2026-08-16,Espanyol,Levante,419935,Clemens Riedel,DC,1,94,0,0,0,0,0,7.0,0.0,0.0,0,0.0,0.0,0,0,74,60,0,83,2,0,3,0,3,6,0,0
5868015,2026-08-16,Espanyol,Levante,344200,Unai Nunez,DC,1,94,0,0,0,0,0,7.3,0.0,0.0,0,0.0,0.0,0,0,70,65,0,81,2,0,2,0,0,6,0,0
5868015,2026-08-16,Espanyol,Levante,555136,Roger Hinojo,DL,1,94,0,0,0,0,0,7.2,0.0,0.0,0,0.0,0.05,0,0,57,50,1,73,2,1,1,0,1,2,0,0
5868015,2026-08-16,Espanyol,Levante,335696,Edu Exposito,DMC,1,85,0,0,0,0,0,7.0,0.1,0.1,0,0.0,0.01,3,0,51,47,1,74,2,0,0,1,0,1,5,0
5868015,2026-08-16,Espanyol,Levante,401173,Urko Gonzalez de Zarate,DMC,1,71,0,0,1,0,0,7.0,0.0,0.0,0,0.0,0.01,0,0,31,27,1,39,2,2,0,1,1,2,0,0
5868015,2026-08-16,Espanyol,Levante,468761,Cala,AMR,1,71,0,0,1,0,0,7.1,0.11,0.11,0,0.0,0.02,2,2,25,20,1,39,4,1,2,1,3,1,3,0
5868015,2026-08-16,Espanyol,Levante,506010,Javi Hernandez,AMC,1,81,0,1,1,0,0,7.7,0.14,0.14,0,0.0,0.42,2,1,26,19,3,45,3,0,0,1,4,1,4,0
5868015,2026-08-16,Espanyol,Levante,398922,Tyrhys Dolan,AML,1,81,1,0,0,0,0,7.9,0.18,0.18,0,0.0,0.03,4,1,29,24,0,49,1,2,0,1,2,0,1,0
5868015,2026-08-16,Espanyol,Levante,448296,Roberto Fernandez,FW,1,94,2,0,0,0,0,8.3,0.92,0.92,0,0.0,0.14,2,2,12,7,2,20,1,0,0,0,0,0,1,0
5868015,2026-08-16,Espanyol,Levante,382157,Pol Lozano,Sub,0,23,0,0,0,0,0,6.3,0.04,0.04,0,0.0,0.02,1,0,11,9,1,13,1,0,0,0,1,0,0,0
5868015,2026-08-16,Espanyol,Levante,430451,Jofre Carreras,Sub,0,13,0,0,0,0,0,6.0,0.09,0.09,0,0.0,0.0,1,0,6,4,0,8,0,0,0,0,0,0,0,0
5868015,2026-08-16,Espanyol,Levante,140772,Pere Milla,Sub,0,13,0,0,0,0,0,6.4,0.0,0.0,0,0.0,0.0,0,0,3,3,0,7,1,0,0,1,0,1,0,0
5868015,2026-08-16,Espanyol,Levante,531460,Rafel Bauza,Sub,0,23,0,1,0,0,0,6.7,0.0,0.0,0,0.0,0.04,0,0,12,11,1,14,0,0,0,0,0,1,0,0
5868015,2026-08-16,Espanyol,Levante,464541,Marcos Fernandez,Sub,0,9,0,0,0,0,0,6.0,0.05,0.05,0,0.0,0.0,1,0,0,0,0,1,0,0,0,0,0,0,0,0
5868015,2026-08-16,Levante,Espanyol,81523,Mathew Ryan,GK,1,94,0,0,0,0,0,6.3,0.0,0.0,0,0.0,0.0,0,0,36,28,0,51,1,0,0,0,0,3,0,3
5868015,2026-08-16,Levante,Espanyol,578266,Nacho Perez,DR,1,75,0,0,0,0,0,7.0,0.0,0.0,0,0.0,0.08,0,0,28,23,2,54,4,1,1,0,0,3,0,0
5868015,2026-08-16,Levante,Espanyol,90115,Aissa Mandi,DC,1,94,0,0,0,0,0,6.6,0.02,0.02,0,0.0,0.0,1,0,66,61,0,80,2,2,3,1,0,4,0,0
5868015,2026-08-16,Levante,Espanyol,383780,Adrian de la Fuente,DC,1,94,0,0,0,0,0,6.1,0.06,0.06,0,0.0,0.02,1,0,69,63,0,84,3,1,0,0,1,2,0,0
5868015,2026-08-16,Levante,Espanyol,374813,Manu Sanchez,DL,1,94,0,0,0,0,0,6.0,0.0,0.0,0,0.0,0.0,0,0,63,55,0,82,5,0,1,1,1,0,1,0
5868015,2026-08-16,Levante,Espanyol,362623,Oriol Rey,DMC,1,94,0,0,0,0,0,6.2,0.0,0.0,0,0.0,0.0,0,0,26,24,0,45,4,0,1,0,1,5,5,0
5868015,2026-08-16,Levante,Espanyol,413346,Jon Ander Olasagasti,DMC,1,94,0,0,0,0,0,5.9,0.0,0.0,0,0.0,0.0,0,0,22,12,0,34,3,2,0,0,0,1,1,0
5868015,2026-08-16,Levante,Espanyol,395708,Victor Garcia,AMR,1,75,0,0,0,0,0,5.9,0.0,0.0,0,0.0,0.01,0,0,13,13,0,27,0,0,1,0,1,2,2,0
5868015,2026-08-16,Levante,Espanyol,406937,Carlos Alvarez,AMC,1,45,0,0,0,0,0,5.9,0.0,0.0,0,0.0,0.01,0,0,14,12,1,20,0,0,0,0,1,0,1,0
5868015,2026-08-16,Levante,Espanyol,541854,Paco Cortes,AML,1,45,0,0,0,0,0,6.0,0.0,0.0,0,0.0,0.0,0,0,11,8,0,19,0,0,0,2,0,0,1,0
5868015,2026-08-16,Levante,Espanyol,407567,Ivan Romero,FW,1,63,0,0,0,0,0,6.2,0.04,0.04,0,0.0,0.0,1,0,12,9,0,22,3,0,0,1,0,0,1,0
5868015,2026-08-16,Levante,Espanyol,445095,Karl Etta Eyong,Sub,0,49,0,0,0,0,0,5.8,0.04,0.04,0,0.0,0.0,1,0,4,3,0,12,1,0,1,0,1,0,1,0
5868015,2026-08-16,Levante,Espanyol,467181,Enzo Bardeli,Sub,0,49,0,0,0,0,0,5.8,0.0,0.0,0,0.0,0.0,0,0,22,18,0,28,0,0,0,0,1,0,0,0
5868015,2026-08-16,Levante,Espanyol,129620,Jeremy Toljan,Sub,0,19,0,0,0,0,0,5.9,0.0,0.0,0,0.0,0.0,0,0,1,0,0,5,0,0,0,0,0,0,0,0
5868015,2026-08-16,Levante,Espanyol,604365,Kareem Tunde,Sub,0,19,0,0,0,0,0,5.8,0.0,0.0,0,0.0,0.0,0,0,2,1,0,4,0,0,0,0,0,0,0,0
5868015,2026-08-16,Levante,Espanyol,644082,Marc Santos,Sub,0,31,0,0,0,0,0,6.2,0.0,0.0,0,0.0,0.0,0,0,3,2,0,12,1,1,1,0,0,1,0,0
5868016,2026-08-27,Barcelona,Athletic Club,422824,Joan Garcia,GK,1,93,0,0,0,0,0,6.7,0.0,0.0,0,0.0,0.0,0,0,34,30,0,44,0,0,0,0,0,2,0,0
5868016,2026-08-27,Barcelona,Athletic Club,368091,Eric Garcia,DR,1,79,0,0,0,0,0,7.3,0.05,0.05,0,0.0,0.18,2,0,68,58,1,94,6,1,2,0,0,3,0,0
5868016,2026-08-27,Barcelona,Athletic Club,498386,Pau Cubarsi,DC,1,93,0,0,0,0,0,7.2,0.08,0.08,0,0.0,0.02,1,0,107,102,0,120,2,0,2,0,0,3,0,0
5868016,2026-08-27,Barcelona,Athletic Club,512879,Gerard Martin,DC,1,93,0,0,0,0,0,7.1,0.09,0.09,0,0.0,0.0,1,0,95,93,0,108,0,2,0,0,1,4,0,0
5868016,2026-08-27,Barcelona,Athletic Club,591617,Xavi Espart,DL,1,93,0,0,1,0,0,7.3,0.04,0.04,0,0.0,0.25,1,1,38,30,1,56,1,2,1,0,2,1,0,0
5868016,2026-08-27,Barcelona,Athletic Club,402197,Pedri,MC,1,84,0,1,0,0,0,8.2,0.0,0.0,0,0.0,0.48,0,0,54,52,3,67,2,0,0,1,0,1,0,0
5868016,2026-08-27,Barcelona,Athletic Club,463838,Fermin Lopez,MC,1,93,1,0,0,0,0,7.8,0.91,0.91,0,0.0,0.02,3,3,43,36,0,59,2,1,1,1,2,0,2,0
5868016,2026-08-27,Barcelona,Athletic Club,534796,Marc Bernal,MC,1,62,0,0,0,0,0,7.0,0.0,0.0,0,0.0,0.06,0,0,25,21,1,38,3,1,2,1,2,4,0,0
5868016,2026-08-27,Barcelona,Athletic Club,480249,Lamine Yamal,FWR,1,93,0,0,0,0,0,7.9,0.41,0.41,0,0.0,0.63,7,3,55,45,5,86,1,0,0,3,1,0,3,0
5868016,2026-08-27,Barcelona,Athletic Club,300447,Raphinha,FW,1,62,1,0,0,0,0,8.1,0.51,0.51,1,0.17,0.12,3,1,17,16,3,31,0,0,0,3,3,1,2,0
5868016,2026-08-27,Barcelona,Athletic Club,349669,Anthony Gordon,FWL,1,79,0,0,0,0,0,6.9,0.14,0.14,0,0.0,0.19,2,0,22,19,1,37,2,0,1,3,1,1,2,0
5868016,2026-08-27,Barcelona,Athletic Club,301019,Jules Kounde,Sub,0,14,0,0,0,0,0,6.2,0.0,0.0,0,0.0,0.0,0,0,9,8,0,13,0,0,0,0,0,1,0,0
5868016,2026-08-27,Barcelona,Athletic Club,392646,Karim Adeyemi,Sub,0,14,0,0,0,0,0,6.1,0.42,0.42,1,0.42,0.0,1,1,3,3,0,7,0,0,0,0,1,0,0,0
5868016,2026-08-27,Barcelona,Athletic Club,128967,Joao Cancelo,Sub,0,9,0,0,0,0,0,6.2,0.0,0.0,0,0.0,0.0,0,0,5,5,0,7,1,0,0,0,0,0,0,0
5868016,2026-08-27,Barcelona,Athletic Club,261212,Dani Olmo,Sub,0,31,0,0,0,0,0,6.9,0.01,0.01,0,0.0,0.11,1,1,20,19,1,27,1,0,0,1,0,2,0,0
5868016,2026-08-27,Barcelona,Athletic Club,303139,Rodri,Sub,0,31,0,0,0,0,0,6.3,0.0,0.0,0,0.0,0.04,0,0,26,23,1,29,0,0,0,0,0,1,0,0
5868016,2026-08-27,Athletic Club,Barcelona,332823,Unai Simon,GK,1,93,0,0,0,0,0,8.0,0.0,0.0,0,0.0,0.0,0,0,35,23,0,60,1,0,0,0,0,3,0,8
5868016,2026-08-27,Athletic Club,Barcelona,481851,Hugo Rincon,DR,1,93,0,0,0,0,0,6.1,0.0,0.0,0,0.0,0.0,0,0,12,8,0,32,2,1,1,0,1,0,1,0
5868016,2026-08-27,Athletic Club,Barcelona,279839,Yeray Alvarez,DC,1,93,0,0,0,0,0,6.3,0.02,0.02,0,0.0,0.0,1,0,26,21,0,39,3,3,1,0,0,3,0,0
5868016,2026-08-27,Athletic Club,Barcelona,122117,Aymeric Laporte,DC,1,93,0,0,0,0,0,5.3,0.0,0.0,0,0.0,0.0,0,0,34,31,0,44,1,1,0,0,1,1,0,0
5868016,2026-08-27,Athletic Club,Barcelona,431668,Johaneko Louis-Jean,DL,1,69,0,0,1,0,0,7.4,0.0,0.0,0,0.0,0.0,0,0,18,15,0,51,4,5,0,3,1,5,0,0
5868016,2026-08-27,Athletic Club,Barcelona,511120,Mikel Jauregizar,DMC,1,69,0,0,0,0,0,6.2,0.0,0.0,0,0.0,0.0,0,0,12,7,0,20,5,1,0,0,1,1,0,0
5868016,2026-08-27,Athletic Club,Barcelona,536242,Peio Canales,DMC,1,93,0,0,0,0,0,5.8,0.0,0.0,0,0.0,0.0,0,0,33,26,1,41,3,1,0,0,0,0,1,0
5868016,2026-08-27,Athletic Club,Barcelona,255182,Inaki Williams,AMR,1,59,0,0,0,0,0,6.0,0.0,0.0,0,0.0,0.0,0,0,6,2,0,15,2,0,0,0,1,0,1,0
5868016,2026-08-27,Athletic Club,Barcelona,381510,Oihan Sancet,AMC,1,93,0,0,0,0,0,6.9,0.13,0.13,0,0.0,0.01,2,0,19,12,1,34,1,1,4,2,0,0,2,0
5868016,2026-08-27,Athletic Club,Barcelona,408449,Nico Williams,AML,1,59,0,0,0,0,0,6.2,0.02,0.02,0,0.0,0.0,1,0,13,7,0,26,0,0,1,2,0,1,1,0
5868016,2026-08-27,Athletic Club,Barcelona,362602,Gorka Guruzeta,FW,1,80,0,0,1,0,0,6.1,0.0,0.0,0,0.0,0.0,0,0,10,7,0,18,3,1,1,0,1,2,0,0
5868016,2026-08-27,Athletic Club,Barcelona,400237,Robert Navarro,Sub,0,34,0,0,0,0,0,5.9,0.0,0.0,0,0.0,0.06,0,0,6,4,0,14,0,1,0,0,0,0,0,0
5868016,2026-08-27,Athletic Club,Barcelona,444806,Alvaro Djalo,Sub,0,13,0,0,0,0,0,5.9,0.0,0.0,0,0.0,0.0,0,0,1,0,0,5,2,0,0,0,0,0,2,0
5868016,2026-08-27,Athletic Club,Barcelona,515307,Adama Boiro,Sub,0,24,0,0,0,0,0,6.0,0.0,0.0,0,0.0,0.0,0,0,8,7,0,14,1,1,0,0,0,1,0,0
5868016,2026-08-27,Athletic Club,Barcelona,238899,Alex Berenguer,Sub,0,34,0,0,0,0,0,6.2,0.03,0.03,0,0.0,0.05,1,0,9,3,2,21,1,1,0,0,0,0,0,0
5868016,2026-08-27,Athletic Club,Barcelona,536243,Benat Gerenabarrena,Sub,0,24,0,0,0,0,0,6.3,0.0,0.0,0,0.0,0.13,0,0,10,10,1,13,0,1,0,0,0,1,0,0
5868017,2026-08-16,Racing Santander,Villarreal,423108,Julen Agirrezabala,GK,1,93,0,0,0,0,0,7.2,0.0,0.0,0,0.0,0.0,0,0,20,16,0,32,0,0,0,0,0,1,0,5
5868017,2026-08-16,Racing Santander,Villarreal,448397,Alvaro Mantilla,DR,1,93,0,0,0,0,0,6.3,0.16,0.16,1,0.11,0.05,2,0,21,16,0,33,2,2,1,0,1,2,0,0
5868017,2026-08-16,Racing Santander,Villarreal,413758,Pablo Ramon,DC,1,76,0,0,1,0,0,6.6,0.0,0.0,0,0.0,0.01,0,0,31,28,1,46,4,2,0,0,1,7,0,0
5868017,2026-08-16,Racing Santander,Villarreal,478316,Pedro Felipe,DC,1,15,0,0,0,0,0,6.3,0.0,0.0,0,0.0,0.0,0,0,3,2,0,5,0,0,0,0,0,1,0,0
5868017,2026-08-16,Racing Santander,Villarreal,541900,Jorge Salinas,DL,1,93,0,0,0,0,0,7.2,0.0,0.0,0,0.0,0.13,0,0,39,31,1,71,8,2,2,1,0,4,1,0
5868017,2026-08-16,Racing Santander,Villarreal,472904,Gustavo Puerta,DMC,1,93,0,0,1,0,0,6.6,0.09,0.09,0,0.0,0.07,2,0,63,61,3,82,2,2,0,0,2,1,1,0
5868017,2026-08-16,Racing Santander,Villarreal,586240,Sergio Martinez,DMC,1,68,1,0,0,0,0,7.4,0.05,0.05,0,0.0,0.0,1,1,22,17,0,34,3,1,1,0,3,3,1,0
5868017,2026-08-16,Racing Santander,Villarreal,422961,Andres Martin,AMR,1,93,1,0,0,0,1,7.2,1.11,0.32,0,0.0,0.26,6,1,29,20,3,64,7,2,0,1,2,0,2,0
5868017,2026-08-16,Racing Santander,Villarreal,44189,Sergio Canales,AMC,1,76,0,0,0,0,0,7.0,0.14,0.14,0,0.0,0.03,3,1,40,35,0,59,1,0,1,4,1,0,2,0
5868017,2026-08-16,Racing Santander,Villarreal,402137,Inigo Vicente,AML,1,93,0,0,0,0,0,7.2,0.0,0.0,0,0.0,0.04,0,0,66,53,1,88,5,0,0,4,1,1,0,0
5868017,2026-08-16,Racing Santander,Villarreal,331171,Asier Villalibre,FW,1,68,0,0,0,0,0,6.1,0.08,0.08,0,0.0,0.0,1,0,9,4,0,24,0,0,2,0,0,0,2,0
5868017,2026-08-16,Racing Santander,Villarreal,485481,Maguette Gueye,Sub,0,25,0,0,0,0,0,6.3,0.06,0.06,0,0.0,0.0,1,0,12,10,0,19,0,1,1,0,2,2,0,0
5868017,2026-08-16,Racing Santander,Villarreal,538158,Yassir Zabiri,Sub,0,25,0,0,0,0,0,5.9,0.0,0.0,0,0.0,0.0,0,0,3,3,0,5,0,0,0,0,1,0,1,0
5868017,2026-08-16,Racing Santander,Villarreal,545956,Diego Diaz,Sub,0,17,0,0,0,0,0,5.9,0.0,0.0,0,0.0,0.0,0,0,4,3,0,7,1,0,0,0,0,0,0,0
5868017,2026-08-16,Racing Santander,Villarreal,444264,Facu Gonzalez,Sub,0,17,0,0,0,0,0,6.2,0.0,0.0,0,0.0,0.0,0,0,2,0,0,4,2,0,1,0,0,1,0,0
5868017,2026-08-16,Racing Santander,Villarreal,423973,Manu Hernando,Sub,0,78,0,0,0,0,0,7.1,0.02,0.02,0,0.0,0.0,1,0,13,11,0,30,1,1,2,0,0,10,0,0
5868017,2026-08-16,Villarreal,Racing Santander,400826,Luiz Junior,GK,1,93,0,0,0,0,0,5.6,0.0,0.0,0,0.0,0.0,0,0,20,18,0,28,0,0,0,0,0,0,0,3
5868017,2026-08-16,Villarreal,Racing Santander,448936,Santiago Mourino,DR,1,87,0,0,1,0,0,6.4,0.2,0.2,1,0.2,0.02,1,1,53,45,0,79,7,0,1,0,3,2,2,0
5868017,2026-08-16,Villarreal,Racing Santander,335107,Juan Foyth,DC,1,93,0,0,1,0,0,7.0,0.0,0.0,0,0.0,0.01,0,0,75,68,0,96,1,2,2,0,0,8,0,0
5868017,2026-08-16,Villarreal,Racing Santander,434077,Renato Veiga,DC,1,93,0,0,0,0,0,6.8,0.0,0.0,0,0.0,0.22,0,0,80,76,0,99,1,2,2,0,1,9,1,0
5868017,2026-08-16,Villarreal,Racing Santander,468931,Carlos Romero,DL,1,93,0,0,1,0,0,7.2,0.03,0.03,0,0.0,0.07,1,0,53,50,0,82,4,0,1,4,2,3,0,0
5868017,2026-08-16,Villarreal,Racing Santander,239872,Nicolas Pepe,MR,1,76,1,0,0,0,0,7.9,0.07,0.07,0,0.0,0.16,2,2,38,33,0,68,1,0,1,4,0,0,3,0
5868017,2026-08-16,Villarreal,Racing Santander,399047,Pape Gueye,MC,1,93,1,0,1,0,0,7.3,0.04,0.04,0,0.0,0.08,1,1,56,47,2,71,2,0,0,0,1,1,0,0
5868017,2026-08-16,Villarreal,Racing Santander,362735,Santi Comesana,MC,1,55,0,0,0,0,0,6.4,0.0,0.0,0,0.0,0.42,0,0,29,26,0,45,4,2,0,1,1,2,0,0
5868017,2026-08-16,Villarreal,Racing Santander,448211,Alberto Moleiro,ML,1,55,0,0,0,0,0,6.4,0.0,0.0,0,0.0,0.17,0,0,27,26,2,35,0,0,0,0,0,0,0,0
5868017,2026-08-16,Villarreal,Racing Santander,389020,Georges Mikautadze,FW,1,93,0,0,0,0,0,7.2,0.2,0.2,0,0.0,0.3,4,2,28,25,2,54,1,0,0,4,2,1,1,0
5868017,2026-08-16,Villarreal,Racing Santander,135366,Ayoze Perez,FW,1,55,0,0,0,0,0,6.5,0.16,0.16,0,0.0,0.0,2,1,7,7,1,23,3,0,0,0,2,0,0,0
5868017,2026-08-16,Villarreal,Racing Santander,371027,Tajon Buchanan,Sub,0,38,0,0,0,0,0,5.9,0.04,0.04,0,0.0,0.0,1,0,11,10,0,24,1,0,0,0,1,0,0,0
5868017,2026-08-16,Villarreal,Racing Santander,428500,Ilias Akhomach,Sub,0,17,0,0,0,0,0,6.0,0.0,0.0,0,0.0,0.0,0,0,9,6,0,15,1,0,0,0,0,0,0,0
5868017,2026-08-16,Villarreal,Racing Santander,97659,Gerard Moreno,Sub,0,38,0,0,0,0,0,6.8,0.0,0.0,0,0.0,0.12,0,0,19,16,2,27,1,0,1,2,0,0,2,0
5868017,2026-08-16,Villarreal,Racing Santander,440159,Alex Freeman,Sub,0,6,0,0,0,0,0,6.0,0.0,0.0,0,0.0,0.0,0,0,3,3,0,5,0,0,0,0,0,0,0,0
5868017,2026-08-16,Villarreal,Racing Santander,603190,Carlos Macia,Sub,0,38,0,0,0,0,0,6.5,0.0,0.0,0,0.0,0.0,0,0,28,27,0,38,6,1,0,0,1,3,1,0
5868018,2026-08-26,Real Madrid,Real Sociedad,73798,Thibaut Courtois,GK,1,93,0,0,0,0,0,6.7,0.0,0.0,0,0.0,0.0,0,0,23,20,0,27,0,0,0,0,0,0,0,2
5868018,2026-08-26,Real Madrid,Real Sociedad,322153,Denzel Dumfries,DR,1,93,0,0,0,0,0,6.6,0.05,0.05,0,0.0,0.0,1,0,44,42,0,55,2,2,0,0,1,0,1,0
5868018,2026-08-26,Real Madrid,Real Sociedad,345957,Ibrahima Konate,DC,1,93,0,0,1,0,0,6.5,0.0,0.0,0,0.0,0.0,0,0,54,52,1,67,0,0,0,0,1,3,0,0
5868018,2026-08-26,Real Madrid,Real Sociedad,468852,Dean Huijsen,DC,1,93,0,0,0,0,0,7.4,0.05,0.05,0,0.0,0.0,2,0,72,69,0,92,1,1,3,0,0,11,0,0
5868018,2026-08-26,Real Madrid,Real Sociedad,437583,Alvaro Carreras,DL,1,45,0,0,1,0,0,6.0,0.0,0.0,0,0.0,0.01,0,0,35,32,0,42,0,1,1,0,1,0,0,0
5868018,2026-08-26,Real Madrid,Real Sociedad,136741,Bernardo Silva,DMC,1,85,0,0,0,0,0,7.0,0.0,0.0,0,0.0,0.1,0,0,71,63,1,88,8,3,0,0,0,1,0,0
5868018,2026-08-26,Real Madrid,Real Sociedad,344644,Federico Valverde,DMC,1,93,0,1,0,0,0,7.5,0.06,0.06,0,0.0,0.1,2,1,61,57,2,72,2,1,1,0,0,0,2,0
5868018,2026-08-26,Real Madrid,Real Sociedad,415181,Arda Guler,AMR,1,77,0,0,0,0,0,8.0,0.06,0.06,0,0.0,0.32,2,1,46,41,5,59,3,0,0,2,0,1,1,0
5868018,2026-08-26,Real Madrid,Real Sociedad,379868,Jude Bellingham,AMC,1,77,0,2,0,0,0,8.9,0.11,0.11,0,0.0,0.78,1,0,42,40,4,62,2,0,0,4,2,0,1,0
5868018,2026-08-26,Real Madrid,Real Sociedad,337782,Vinicius Junior,AML,1,83,1,1,0,0,0,8.1,0.87,0.87,1,0.2,0.31,4,2,31,24,2,47,0,0,0,1,2,0,1,0
5868018,2026-08-26,Real Madrid,Real Sociedad,300713,Kylian Mbappe,FW,1,93,3,0,0,0,0,10.0,1.33,1.33,1,0.34,0.13,8,7,39,36,3,57,0,1,0,3,2,0,0,0
5868018,2026-08-26,Real Madrid,Real Sociedad,369109,Eduardo Camavinga,Sub,0,16,0,0,1,0,0,6.2,0.0,0.0,0,0.0,0.0,0,0,18,17,0,21,0,1,0,0,1,0,0,0
5868018,2026-08-26,Real Madrid,Real Sociedad,317541,Brahim Diaz,Sub,0,16,0,0,0,0,0,6.3,0.0,0.0,0,0.0,0.0,0,0,12,12,1,17,1,0,0,0,0,0,0,0
5868018,2026-08-26,Real Madrid,Real Sociedad,363496,Marc Cucurella,Sub,0,48,0,0,0,0,0,6.6,0.0,0.0,0,0.0,0.0,0,0,28,24,0,34,2,0,0,0,0,1,0,0
5868018,2026-08-26,Real Madrid,Real Sociedad,557000,Yan Diomande,Sub,0,10,0,0,0,0,0,6.2,0.0,0.0,0,0.0,0.0,0,0,6,3,0,11,0,0,1,1,0,0,1,0
5868018,2026-08-26,Real Madrid,Real Sociedad,516341,Carlos Espi,Sub,0,8,0,0,0,0,0,6.0,0.0,0.0,0,0.0,0.0,0,0,0,0,0,1,0,0,0,0,0,0,0,0
5868018,2026-08-26,Real Sociedad,Real Madrid,270504,Alex Remiro,GK,1,93,0,0,0,0,0,6.6,0.0,0.0,0,0.0,0.0,0,0,37,28,0,56,0,0,0,0,0,0,0,7
5868018,2026-08-26,Real Sociedad,Real Madrid,463961,Jon Aramburu,DR,1,56,0,0,1,0,0,6.1,0.02,0.02,0,0.0,0.0,1,0,34,30,0,48,2,1,0,2,2,0,0,0
5868018,2026-08-26,Real Sociedad,Real Madrid,546570,Luken Beitia,DC,1,93,0,0,1,0,0,5.2,0.0,0.0,0,0.0,0.0,0,0,59,56,1,73,1,2,1,0,1,5,1,0
5868018,2026-08-26,Real Sociedad,Real Madrid,495459,Jon Martin,DC,1,93,0,0,0,0,0,5.5,0.0,0.0,0,0.0,0.0,0,0,52,50,0,56,2,0,0,0,0,0,0,0
5868018,2026-08-26,Real Sociedad,Real Madrid,355110,Sergio Gomez,DL,1,93,0,0,0,0,0,6.3,0.05,0.05,0,0.0,0.05,2,0,73,66,2,101,1,2,0,1,0,1,0,0
5868018,2026-08-26,Real Sociedad,Real Madrid,407138,Benat Turrientes,DMC,1,93,0,0,0,0,0,6.5,0.02,0.02,0,0.0,0.03,1,1,73,72,1,85,3,1,0,0,0,4,1,0
5868018,2026-08-26,Real Sociedad,Real Madrid,318505,Yangel Herrera,DMC,1,65,0,0,1,0,0,5.9,0.0,0.0,0,0.0,0.0,0,0,41,37,0,54,3,1,0,0,2,1,3,0
5868018,2026-08-26,Real Sociedad,Real Madrid,377285,Takefusa Kubo,AMR,1,73,0,0,0,0,0,6.2,0.0,0.0,0,0.0,0.07,0,0,16,12,1,28,2,0,0,2,1,0,1,0
5868018,2026-08-26,Real Sociedad,Real Madrid,407080,Luka Sucic,AMC,1,93,1,0,0,0,0,6.6,0.11,0.11,0,0.0,0.12,2,1,56,55,1,70,1,0,0,0,1,0,1,0
5868018,2026-08-26,Real Sociedad,Real Madrid,599413,Job Ochieng,AML,1,65,0,0,0,0,0,5.8,0.05,0.05,0,0.0,0.0,1,0,13,9,0,19,0,0,0,0,0,0,2,0
5868018,2026-08-26,Real Sociedad,Real Madrid,298839,Mikel Oyarzabal,FW,1,57,0,0,0,0,0,5.9,0.31,0.31,1,0.31,0.0,1,1,26,21,1,32,1,0,1,0,0,0,0,0
5868018,2026-08-26,Real Sociedad,Real Madrid,428066,Orri Oskarsson,Sub,0,36,0,0,0,0,0,5.8,0.07,0.07,0,0.0,0.0,1,0,10,7,0,13,0,0,1,0,1,0,0,0
5868018,2026-08-26,Real Sociedad,Real Madrid,247995,Goncalo Guedes,Sub,0,20,0,0,0,0,0,6.0,0.03,0.03,0,0.0,0.05,1,0,10,9,1,16,1,0,0,0,0,0,2,0
5868018,2026-08-26,Real Sociedad,Real Madrid,313542,Carlos Soler,Sub,0,28,0,0,0,0,0,6.2,0.0,0.0,0,0.0,0.01,0,0,23,21,0,31,3,0,0,0,0,1,0,0
5868018,2026-08-26,Real Sociedad,Real Madrid,315566,Igor Zubeldia,Sub,0,37,0,0,0,0,0,6.2,0.0,0.0,0,0.0,0.0,0,0,20,17,0,31,3,1,0,0,0,1,1,0
5868018,2026-08-26,Real Sociedad,Real Madrid,367857,Ander Barrenetxea,Sub,0,28,0,0,0,0,0,5.8,0.0,0.0,0,0.0,0.0,0,0,10,8,0,15,1,0,0,0,0,0,0,0
5868019,2026-08-15,Sevilla,Rayo Vallecano,110273,Odysseas Vlachodimos,GK,1,102,0,0,0,0,0,6.4,0.0,0.0,0,0.0,0.0,0,0,29,16,0,38,0,0,0,0,0,2,0,2
5868019,2026-08-15,Sevilla,Rayo Vallecano,408735,Juan Iglesias,DR,1,102,0,0,0,0,0,6.9,0.0,0.0,0,0.0,0.07,0,0,27,18,2,65,2,0,1,0,1,5,1,0
5868019,2026-08-15,Sevilla,Rayo Vallecano,486031,Arouna Sangante,DC,1,102,0,0,0,0,0,6.0,0.0,0.0,0,0.0,0.0,0,0,47,39,0,58,1,3,4,0,1,4,0,0
5868019,2026-08-15,Sevilla,Rayo Vallecano,431509,Kike Salas,DC,1,102,0,0,0,1,0,6.2,0.02,0.02,0,0.0,0.05,1,0,44,31,1,55,4,1,3,0,1,5,0,0
5868019,2026-08-15,Sevilla,Rayo Vallecano,286080,Gabriel Suazo,DL,1,102,0,0,1,0,0,6.5,0.0,0.0,0,0.0,0.0,0,0,33,27,0,63,5,0,2,1,4,1,0,0
5868019,2026-08-15,Sevilla,Rayo Vallecano,388505,Lucien Agoume,DMC,1,102,0,0,1,0,0,6.7,0.0,0.0,0,0.0,0.08,0,0,35,25,0,50,4,0,1,0,3,1,2,0
5868019,2026-08-15,Sevilla,Rayo Vallecano,621893,Nico Guillen,DMC,1,45,0,0,0,0,0,6.5,0.04,0.04,0,0.0,0.0,1,0,12,10,0,27,3,1,0,1,1,1,1,0
5868019,2026-08-15,Sevilla,Rayo Vallecano,507590,Miguel Sierra,AMR,1,69,0,0,0,0,0,7.0,0.04,0.04,0,0.0,0.12,1,0,16,9,2,42,2,1,2,2,1,1,3,0
5868019,2026-08-15,Sevilla,Rayo Vallecano,335041,Jon Guridi,AMC,1,81,1,0,1,0,1,6.6,0.83,0.04,0,0.0,0.0,2,2,20,19,0,29,0,0,1,0,1,0,1,0
5868019,2026-08-15,Sevilla,Rayo Vallecano,511064,Oso,AML,1,77,0,0,0,0,0,6.2,0.05,0.05,0,0.0,0.01,2,0,17,8,0,31,2,0,3,0,1,1,0,0
5868019,2026-08-15,Sevilla,Rayo Vallecano,492362,Isaac Romero,FW,1,45,0,0,1,0,0,5.8,0.09,0.09,0,0.0,0.0,2,0,13,8,0,23,0,0,3,0,2,0,1,0
5868019,2026-08-15,Sevilla,Rayo Vallecano,337022,Chidera Ejuke,Sub,0,25,0,0,0,0,0,6.1,0.0,0.0,0,0.0,0.0,0,0,0,0,0,3,0,0,0,0,0,0,0,0
5868019,2026-08-15,Sevilla,Rayo Vallecano,469547,Manu Bueno,Sub,0,21,0,0,0,0,0,6.3,0.0,0.0,0,0.0,0.07,0,0,3,3,0,5,1,0,0,0,0,0,0,0
5868019,2026-08-15,Sevilla,Rayo Vallecano,381550,Ruben Vargas,Sub,0,33,0,0,0,0,0,6.2,0.04,0.04,0,0.0,0.0,1,0,6,2,0,10,1,0,0,0,0,1,0,0
5868019,2026-08-15,Sevilla,Rayo Vallecano,454790,Robbie Ure,Sub,0,57,0,0,0,0,0,6.6,0.05,0.05,0,0.0,0.03,1,0,6,6,1,16,1,0,0,0,0,0,1,0
5868019,2026-08-15,Sevilla,Rayo Vallecano,464952,Peque Fernandez,Sub,0,57,1,0,0,0,1,6.9,0.87,0.08,0,0.0,0.01,2,2,11,10,1,24,1,1,0,0,2,0,1,0
5868019,2026-08-15,Rayo Vallecano,Sevilla,303629,Augusto Batalla,GK,1,102,0,0,0,0,0,6.1,0.0,0.0,0,0.0,0.0,0,0,35,20,0,52,0,0,0,0,0,2,0,2
5868019,2026-08-15,Rayo Vallecano,Sevilla,372331,Andrei Ratiu,DR,1,102,0,0,0,0,0,6.2,0.04,0.04,0,0.0,0.0,1,0,26,16,1,58,0,1,0,3,0,3,1,0
5868019,2026-08-15,Rayo Vallecano,Sevilla,80758,Florian Lejeune,DC,1,102,0,0,0,0,0,7.0,0.06,0.06,0,0.0,0.0,2,1,49,35,0,74,4,2,6,0,1,11,0,0
5868019,2026-08-15,Rayo Vallecano,Sevilla,422963,Pathe Ciss,DC,1,102,0,0,1,0,0,6.4,0.0,0.0,0,0.0,0.0,0,0,52,46,0,66,0,2,4,0,0,4,1,0
5868019,2026-08-15,Rayo Vallecano,Sevilla,101613,Ivan Balliu,DL,1,102,0,0,0,0,0,6.0,0.0,0.0,0,0.0,0.0,0,0,27,18,0,53,1,0,2,0,1,2,0,0
5868019,2026-08-15,Rayo Vallecano,Sevilla,422958,Oscar Valentin,DMC,1,77,0,0,0,0,0,6.7,0.0,0.0,0,0.0,0.0,0,0,22,15,0,36,1,2,1,0,2,6,0,0
5868019,2026-08-15,Rayo Vallecano,Sevilla,236575,Unai Lopez,DMC,1,77,0,0,1,0,0,6.9,0.0,0.0,0,0.0,0.0,0,0,34,25,0,45,4,2,4,1,3,2,0,0
5868019,2026-08-15,Rayo Vallecano,Sevilla,386230,Jorge de Frutos,AMR,1,102,0,0,0,0,0,6.3,0.0,0.0,0,0.0,0.01,0,0,16,12,0,33,4,0,0,1,1,0,1,0
5868019,2026-08-15,Rayo Vallecano,Sevilla,422959,Isi Palazon,AMC,1,63,0,0,0,0,0,6.5,0.0,0.0,0,0.0,0.01,0,0,15,11,0,28,2,0,2,1,1,2,1,0
5868019,2026-08-15,Rayo Vallecano,Sevilla,135345,Alvaro Garcia,AML,1,69,1,0,1,0,0,6.8,0.85,0.85,0,0.0,0.13,1,1,13,8,1,29,3,1,0,0,2,0,0,0
5868019,2026-08-15,Rayo Vallecano,Sevilla,422960,Randy Nteka,FW,1,64,0,0,0,0,0,6.1,0.42,0.42,1,0.42,0.0,1,0,5,5,0,17,1,0,1,1,3,0,4,0
5868019,2026-08-15,Rayo Vallecano,Sevilla,436617,Alemao,Sub,0,38,0,0,0,0,0,6.0,0.33,0.33,1,0.33,0.0,1,1,5,5,0,10,1,0,0,0,2,0,1,0
5868019,2026-08-15,Rayo Vallecano,Sevilla,444265,Fran Perez,Sub,0,33,0,0,1,0,0,5.9,0.0,0.0,0,0.0,0.0,0,0,6,5,0,10,0,0,0,0,2,0,1,0
5868019,2026-08-15,Rayo Vallecano,Sevilla,448514,Pedro Diaz,Sub,0,25,0,0,0,0,0,6.3,0.0,0.0,0,0.0,0.05,0,0,9,9,2,13,0,1,0,0,0,0,0,0
5868019,2026-08-15,Rayo Vallecano,Sevilla,372469,Sergio Camello,Sub,0,39,0,0,0,0,0,5.9,0.0,0.0,0,0.0,0.0,0,0,11,8,0,19,0,0,0,0,0,0,0,0
5868019,2026-08-15,Rayo Vallecano,Sevilla,531953,Pelayo Fernandez,Sub,0,25,0,0,0,0,0,5.9,0.0,0.0,0,0.0,0.0,0,0,10,7,0,10,0,0,0,0,0,0,0,0
5868020,2026-08-25,Valencia,Real Betis,141499,Stole Dimitrievski,GK,1,96,0,0,0,0,0,6.0,0.0,0.0,0,0.0,0.0,0,0,31,19,0,39,0,0,0,0,0,2,0,2
5868020,2026-08-25,Valencia,Real Betis,294848,Pablo Maffeo,DR,1,54,0,0,0,0,0,6.8,0.0,0.0,0,0.0,0.0,0,0,20,16,0,42,1,1,0,2,0,1,0,0
5868020,2026-08-25,Valencia,Real Betis,322095,Mouctar Diakhaby,DC,1,96,0,0,1,0,0,6.0,0.09,0.09,0,0.0,0.0,2,0,31,28,0,39,0,2,1,0,0,2,0,0
5868020,2026-08-25,Valencia,Real Betis,427831,Cesar Tarrega,DC,1,96,0,0,0,0,0,6.8,0.07,0.07,0,0.0,0.01,2,0,54,49,0,67,2,0,3,0,2,5,0,0
5868020,2026-08-25,Valencia,Real Betis,302889,Pepelu,DC,1,87,0,0,0,0,0,6.4,0.0,0.0,0,0.0,0.02,0,0,34,27,0,42,3,2,1,0,0,2,0,0
5868020,2026-08-25,Valencia,Real Betis,408732,Jesus Vazquez,DL,1,96,0,0,0,0,0,6.0,0.06,0.06,0,0.0,0.05,2,0,21,13,1,52,2,0,0,0,2,1,1,0
5868020,2026-08-25,Valencia,Real Betis,562981,Ryunosuke Sato,MR,1,96,0,0,1,0,0,6.1,0.25,0.25,0,0.0,0.0,4,1,19,16,1,46,2,0,0,1,1,0,3,0
5868020,2026-08-25,Valencia,Real Betis,303876,Guido Rodriguez,MC,1,87,0,0,0,0,0,7.1,0.0,0.0,0,0.0,0.0,0,0,49,43,1,65,5,4,2,1,3,1,1,0
5868020,2026-08-25,Valencia,Real Betis,431507,Javi Guerra,MC,1,96,0,0,0,0,0,6.8,0.0,0.0,0,0.0,0.23,0,0,43,34,2,62,2,0,0,2,0,1,0,0
5868020,2026-08-25,Valencia,Real Betis,323625,Arnaut Danjuma,ML,1,54,0,0,0,0,0,6.5,0.08,0.08,0,0.0,0.0,2,1,7,5,0,16,1,0,0,0,1,0,1,0
5868020,2026-08-25,Valencia,Real Betis,354526,Hugo Duro,FW,1,54,0,0,0,0,0,6.6,0.0,0.0,0,0.0,0.01,0,0,12,4,2,16,1,1,3,0,0,1,0,0
5868020,2026-08-25,Valencia,Real Betis,431121,Aliou Dieng,Sub,0,9,0,0,0,0,0,5.9,0.0,0.0,0,0.0,0.0,0,0,4,2,0,6,0,0,0,0,1,0,0,0
5868020,2026-08-25,Valencia,Real Betis,297546,Umar Sadiq,Sub,0,42,0,0,0,0,0,5.9,0.35,0.35,1,0.35,0.0,1,1,7,4,0,16,1,0,0,1,0,0,2,0
5868020,2026-08-25,Valencia,Real Betis,381713,Luis Rioja,Sub,0,42,0,0,0,0,0,6.0,0.04,0.04,0,0.0,0.07,2,0,17,13,1,26,0,0,0,0,0,0,0,0
5868020,2026-08-25,Valencia,Real Betis,510999,David Otorbi,Sub,0,9,0,0,0,0,0,6.3,0.0,0.0,0,0.0,0.0,0,0,5,3,0,9,1,0,0,1,0,0,0,0
5868020,2026-08-25,Valencia,Real Betis,379684,Filip Ugrinic,Sub,0,42,0,0,0,0,0,6.2,0.05,0.05,0,0.0,0.02,1,0,17,14,1,30,1,0,0,0,0,0,2,0
5868020,2026-08-25,Real Betis,Valencia,448208,Alvaro Valles,GK,1,96,0,0,0,0,0,7.4,0.0,0.0,0,0.0,0.0,0,0,24,17,0,35,0,0,1,0,0,3,0,3
5868020,2026-08-25,Real Betis,Valencia,545675,Angel Ortiz,DR,1,70,0,0,0,0,0,7.2,0.02,0.02,0,0.0,0.0,1,0,36,33,1,61,5,0,0,0,1,2,0,0
5868020,2026-08-25,Real Betis,Valencia,433286,Valentin Gomez,DC,1,96,0,0,0,0,0,7.9,0.0,0.0,0,0.0,0.0,0,0,62,58,1,81,5,2,1,2,1,9,1,0
5868020,2026-08-25,Real Betis,Valencia,123232,Diego Llorente,DC,1,96,0,0,0,0,0,7.9,0.0,0.0,0,0.0,0.0,0,0,48,46,0,70,0,5,2,0,1,8,0,0
5868020,2026-08-25,Real Betis,Valencia,351252,Junior Firpo,DL,1,58,0,0,1,0,0,6.6,0.0,0.0,0,0.0,0.09,0,0,43,39,1,59,3,0,2,0,1,1,0,0
5868020,2026-08-25,Real Betis,Valencia,297203,Pablo Fornals,DMC,1,78,0,0,0,0,0,6.2,0.17,0.17,0,0.0,0.02,3,0,76,65,3,92,2,0,0,0,0,0,1,0
5868020,2026-08-25,Real Betis,Valencia,512611,Facundo Bernal,DMC,1,96,0,0,0,0,0,7.0,0.0,0.0,0,0.0,0.0,0,0,54,46,0,72,1,2,1,1,0,2,0,0
5868020,2026-08-25,Real Betis,Valencia,364315,Antony,AMR,1,96,0,0,0,0,0,7.0,0.11,0.11,0,0.0,0.13,4,1,51,42,1,70,2,0,0,1,1,0,0,0
5868020,2026-08-25,Real Betis,Valencia,432475,Nelson Deossa,AMC,1,96,0,0,0,0,0,7.0,0.1,0.1,0,0.0,0.0,4,0,59,54,0,82,3,1,0,2,1,4,1,0
5868020,2026-08-25,Real Betis,Valencia,382631,Rodrigo Riquelme,AML,1,58,0,0,0,0,0,6.4,0.0,0.0,0,0.0,0.04,0,0,20,16,1,34,1,0,0,2,0,0,2,0
5868020,2026-08-25,Real Betis,Valencia,362501,Cucho Hernandez,FW,1,70,0,0,0,0,0,6.1,0.0,0.0,0,0.0,0.05,0,0,16,11,2,22,0,0,0,0,1,0,2,0
5868020,2026-08-25,Real Betis,Valencia,82989,Isco,Sub,0,38,0,0,0,0,0,6.5,0.02,0.02,0,0.0,0.0,1,1,21,18,0,27,1,0,1,0,3,0,0,0
5868020,2026-08-25,Real Betis,Valencia,125211,Hector Bellerin,Sub,0,26,0,0,0,0,0,6.4,0.0,0.0,0,0.0,0.0,0,0,7,7,1,12,0,0,0,0,0,0,0,0
5868020,2026-08-25,Real Betis,Valencia,551186,Pablo Garcia,Sub,0,18,1,0,0,0,0,7.2,0.34,0.34,0,0.0,0.0,1,1,6,6,0,14,0,0,0,1,1,3,1,0
5868020,2026-08-25,Real Betis,Valencia,384064,Troy Parrott,Sub,0,26,0,0,0,0,0,6.3,0.18,0.18,1,0.18,0.0,1,0,5,4,1,12,1,0,0,0,0,2,0,0
5868020,2026-08-25,Real Betis,Valencia,422957,Fran Garcia,Sub,0,38,0,1,0,0,0,7.1,0.0,0.0,0,0.0,0.02,0,0,12,11,1,23,4,0,0,0,0,0,0,0
5868021,2026-08-22,Athletic Club,Sevilla,332823,Unai Simon,GK,1,96,0,0,0,0,0,4.8,0.0,0.0,0,0.0,0.0,0,0,48,29,0,54,0,0,0,0,0,1,0,2
5868021,2026-08-22,Athletic Club,Sevilla,422820,Jesus Areso,DR,1,57,0,0,0,0,0,5.3,0.08,0.08,0,0.0,0.07,1,0,22,19,2,41,1,1,1,1,2,0,1,0
5868021,2026-08-22,Athletic Club,Sevilla,279839,Yeray Alvarez,DC,1,96,0,0,0,0,0,7.2,0.09,0.09,0,0.0,0.0,2,0,54,46,2,78,0,0,4,4,1,8,0,0
5868021,2026-08-22,Athletic Club,Sevilla,402663,Aitor Paredes,DC,1,73,1,0,0,0,0,7.3,0.27,0.27,0,0.0,0.01,1,1,70,61,1,85,4,0,3,0,0,5,0,0
5868021,2026-08-22,Athletic Club,Sevilla,56057,Yuri Berchiche,DL,1,96,0,0,0,1,0,5.4,0.0,0.0,0,0.0,0.07,0,0,17,14,0,18,0,0,1,0,1,0,0,0
5868021,2026-08-22,Athletic Club,Sevilla,536242,Peio Canales,DMC,1,96,0,0,0,0,0,7.0,0.14,0.14,0,0.0,0.21,3,2,69,60,3,92,1,0,0,4,1,0,1,0
5868021,2026-08-22,Athletic Club,Sevilla,536243,Benat Gerenabarrena,DMC,1,82,0,0,0,0,0,6.2,0.04,0.04,0,0.0,0.0,1,1,41,33,0,60,4,4,1,0,5,0,0,0
5868021,2026-08-22,Athletic Club,Sevilla,255182,Inaki Williams,AMR,1,57,0,0,0,0,0,7.1,0.13,0.13,0,0.0,0.02,2,2,12,8,2,24,1,1,2,3,0,0,1,0
5868021,2026-08-22,Athletic Club,Sevilla,381510,Oihan Sancet,AMC,1,96,0,0,0,0,0,7.1,0.44,0.44,1,0.35,0.16,3,1,36,31,3,64,3,1,2,4,0,0,3,0
5868021,2026-08-22,Athletic Club,Sevilla,238899,Alex Berenguer,AML,1,96,0,0,0,0,0,6.7,0.1,0.1,0,0.0,0.06,2,1,49,42,1,85,1,0,2,1,1,1,2,0
5868021,2026-08-22,Athletic Club,Sevilla,362602,Gorka Guruzeta,FW,1,57,0,0,1,0,0,6.0,0.05,0.05,0,0.0,0.02,2,0,13,6,0,24,0,0,3,0,0,2,0,0
5868021,2026-08-22,Athletic Club,Sevilla,541704,Maroan Sannadi,Sub,0,39,0,0,0,0,0,6.2,0.0,0.0,0,0.0,0.0,0,0,6,4,0,10,0,0,1,0,0,0,0,0
5868021,2026-08-22,Athletic Club,Sevilla,106586,Inigo Ruiz de Galarreta,Sub,0,14,0,0,1,0,0,5.8,0.0,0.0,0,0.0,0.01,0,0,12,10,0,15,1,0,0,0,0,0,0,0
5868021,2026-08-22,Athletic Club,Sevilla,122117,Aymeric Laporte,Sub,0,39,0,0,0,0,0,7.0,0.0,0.0,0,0.0,0.08,0,0,41,36,0,50,3,1,2,0,0,1,0,0
5868021,2026-08-22,Athletic Club,Sevilla,408449,Nico Williams,Sub,0,39,0,0,0,0,0,6.5,0.05,0.05,0,0.0,0.2,1,0,18,12,0,33,2,0,0,2,0,0,1,0
5868021,2026-08-22,Athletic Club,Sevilla,481851,Hugo Rincon,Sub,0,23,0,0,0,0,0,6.1,0.0,0.0,0,0.0,0.0,0,0,11,11,0,19,0,0,0,0,0,1,0,0
5868021,2026-08-22,Sevilla,Athletic Club,110273,Odysseas Vlachodimos,GK,1,96,0,0,0,0,0,7.3,0.0,0.0,0,0.0,0.0,0,0,32,19,0,44,0,0,1,0,0,0,0,6
5868021,2026-08-22,Sevilla,Athletic Club,408735,Juan Iglesias,DR,1,96,0,0,0,0,0,7.2,0.05,0.05,0,0.0,0.0,1,1,13,7,0,41,6,0,0,2,0,5,0,0
5868021,2026-08-22,Sevilla,Athletic Club,486031,Arouna Sangante,DC,1,67,0,0,0,0,0,7.0,0.0,0.0,0,0.0,0.0,0,0,39,30,1,51,1,0,4,0,2,6,0,0
5868021,2026-08-22,Sevilla,Athletic Club,448284,Andres Castrin,DC,1,96,0,0,0,0,0,6.8,0.0,0.0,0,0.0,0.01,0,0,46,39,1,55,1,1,2,0,0,5,0,0
5868021,2026-08-22,Sevilla,Athletic Club,286080,Gabriel Suazo,DL,1,96,0,0,0,0,0,7.0,0.0,0.0,0,0.0,0.02,0,0,42,33,0,66,3,1,3,0,0,9,1,0
5868021,2026-08-22,Sevilla,Athletic Club,388505,Lucien Agoume,DMC,1,96,0,0,0,0,0,7.9,0.0,0.0,0,0.0,0.0,0,0,27,21,0,55,6,5,0,0,4,8,0,0
5868021,2026-08-22,Sevilla,Athletic Club,335041,Jon Guridi,DMC,1,45,0,0,1,0,0,6.3,0.0,0.0,0,0.0,0.0,0,0,16,13,0,24,3,0,0,0,1,1,2,0
5868021,2026-08-22,Sevilla,Athletic Club,507590,Miguel Sierra,AMR,1,45,0,0,1,0,0,6.8,0.02,0.02,0,0.0,0.0,1,0,7,5,0,15,3,0,0,3,0,0,0,0
5868021,2026-08-22,Sevilla,Athletic Club,464952,Peque Fernandez,AMC,1,45,0,0,1,0,0,6.0,0.04,0.04,0,0.0,0.0,1,0,4,3,0,9,1,0,0,0,2,0,0,0
5868021,2026-08-22,Sevilla,Athletic Club,511064,Oso,AML,1,77,1,1,0,0,0,8.5,0.38,0.38,0,0.0,0.13,2,1,17,14,1,44,7,2,2,1,0,3,2,0
5868021,2026-08-22,Sevilla,Athletic Club,454790,Robbie Ure,FW,1,96,0,0,0,0,0,6.4,0.0,0.0,0,0.0,0.0,0,0,7,1,1,12,1,0,1,0,1,0,0,0
5868021,2026-08-22,Sevilla,Athletic Club,337022,Chidera Ejuke,Sub,0,51,1,0,0,0,0,7.2,0.34,0.34,0,0.0,0.0,1,1,7,5,0,21,3,0,1,0,1,1,0,0
5868021,2026-08-22,Sevilla,Athletic Club,492362,Isaac Romero,Sub,0,51,1,1,0,0,0,8.3,0.09,0.09,0,0.0,0.0,1,1,7,5,1,25,2,1,3,1,0,3,1,0
5868021,2026-08-22,Sevilla,Athletic Club,422956,Jose Angel Carmona,Sub,0,29,0,0,0,0,0,6.6,0.0,0.0,0,0.0,0.0,0,0,3,1,0,9,2,1,0,0,1,1,0,0
5868021,2026-08-22,Sevilla,Athletic Club,605436,Julio Diaz,Sub,0,19,0,0,0,0,0,6.1,0.0,0.0,0,0.0,0.0,0,0,4,3,0,7,1,0,0,0,0,0,0,0
5868021,2026-08-22,Sevilla,Athletic Club,621893,Nico Guillen,Sub,0,51,0,0,1,0,0,6.3,0.0,0.0,0,0.0,0.0,0,0,13,10,0,21,3,1,0,0,4,3,0,0
5868022,2026-08-23,Atlético Madrid,Villarreal,76662,Jan Oblak,GK,1,99,0,0,0,0,0,6.8,0.0,0.0,0,0.0,0.0,0,0,29,25,0,40,0,0,0,0,0,0,0,4
5868022,2026-08-23,Atlético Madrid,Villarreal,430148,Marc Pubill,DR,1,65,1,0,0,0,0,7.1,0.04,0.04,0,0.0,0.01,1,1,32,28,0,43,4,0,1,0,1,0,0,0
5868022,2026-08-23,Atlético Madrid,Villarreal,362779,David Hancko,DC,1,99,0,0,0,0,0,6.5,0.0,0.0,0,0.0,0.03,0,0,69,62,0,82,0,2,0,2,0,1,0,0
5868022,2026-08-23,Atlético Madrid,Villarreal,367008,Robin Le Normand,DC,1,99,0,0,0,1,0,4.9,0.0,0.0,0,0.0,0.0,0,0,35,32,0,39,2,1,1,0,1,2,0,0
5868022,2026-08-23,Atlético Madrid,Villarreal,107252,Alejandro Grimaldo,DL,1,99,0,0,0,0,0,7.6,0.03,0.03,0,0.0,0.04,1,1,48,42,0,76,7,2,1,2,1,1,0,0
5868022,2026-08-23,Atlético Madrid,Villarreal,422918,Giuliano Simeone,MR,1,99,1,0,0,0,0,7.7,0.19,0.19,0,0.0,0.02,4,1,36,29,2,64,6,0,0,0,0,0,1,0
5868022,2026-08-23,Atlético Madrid,Villarreal,403647,Morten Hjulmand,MC,1,99,0,0,1,0,0,6.7,0.02,0.02,0,0.0,0.04,1,0,66,64,5,82,3,2,1,0,1,2,0,0
5868022,2026-08-23,Atlético Madrid,Villarreal,80764,Koke,MC,1,65,0,0,0,0,0,6.9,0.04,0.04,0,0.0,0.1,1,0,44,39,2,62,4,1,0,1,0,1,0,0
5868022,2026-08-23,Atlético Madrid,Villarreal,463938,Rodrigo Mendoza,ML,1,45,0,0,0,0,0,6.6,0.1,0.1,0,0.0,0.0,2,1,16,14,0,24,1,0,0,1,1,0,1,0
5868022,2026-08-23,Atlético Madrid,Villarreal,299451,Ademola Lookman,FW,1,78,0,0,0,0,0,6.4,0.03,0.03,0,0.0,0.23,1,0,13,12,2,23,1,0,0,0,0,0,1,0
5868022,2026-08-23,Atlético Madrid,Villarreal,367780,Lee Kang-In,FW,1,65,0,0,0,0,0,6.8,0.26,0.26,0,0.0,0.08,6,0,31,25,2,49,5,1,0,2,1,0,0,0
5868022,2026-08-23,Atlético Madrid,Villarreal,365409,Julian Alvarez,Sub,0,34,0,0,0,0,0,6.0,0.04,0.04,0,0.0,0.0,1,0,10,9,1,12,0,0,0,0,0,0,0,0
5868022,2026-08-23,Atlético Madrid,Villarreal,395242,Alex Baena,Sub,0,54,0,1,1,0,0,6.3,0.0,0.0,0,0.0,0.09,0,0,24,18,2,32,0,0,0,0,3,0,2,0
5868022,2026-08-23,Atlético Madrid,Villarreal,254582,Marcos Llorente,Sub,0,34,0,0,0,0,0,6.3,0.03,0.03,0,0.0,0.01,1,0,21,20,0,27,3,1,0,0,2,1,0,0
5868022,2026-08-23,Atlético Madrid,Villarreal,135914,Jose Maria Gimenez,Sub,0,21,0,0,1,0,0,6.0,0.0,0.0,0,0.0,0.0,0,0,19,17,0,22,0,0,0,0,1,1,0,0
5868022,2026-08-23,Atlético Madrid,Villarreal,434138,Pablo Barrios,Sub,0,34,0,0,0,0,0,6.2,0.0,0.0,0,0.0,0.28,0,0,27,23,0,30,1,0,0,0,0,0,0,0
5868022,2026-08-23,Villarreal,Atlético Madrid,400826,Luiz Junior,GK,1,99,0,0,0,0,0,6.0,0.0,0.0,0,0.0,0.0,0,0,26,25,0,31,0,0,0,0,0,0,0,2
5868022,2026-08-23,Villarreal,Atlético Madrid,448936,Santiago Mourino,DR,1,99,0,0,1,0,0,6.6,0.0,0.0,0,0.0,0.38,0,0,39,37,1,55,7,1,0,1,2,2,2,0
5868022,2026-08-23,Villarreal,Atlético Madrid,335107,Juan Foyth,DC,1,99,0,0,1,0,0,6.8,0.0,0.0,0,0.0,0.24,0,0,68,62,1,81,0,3,3,0,0,4,1,0
5868022,2026-08-23,Villarreal,Atlético Madrid,434077,Renato Veiga,DC,1,99,0,0,0,0,0,6.9,0.0,0.0,0,0.0,0.0,0,0,58,52,0,73,0,2,1,0,1,8,0,0
5868022,2026-08-23,Villarreal,Atlético Madrid,468931,Carlos Romero,DL,1,99,0,0,0,0,0,6.1,0.0,0.0,0,0.0,0.0,0,0,43,34,1,64,3,1,0,1,0,1,2,0
5868022,2026-08-23,Villarreal,Atlético Madrid,239872,Nicolas Pepe,MR,1,78,0,0,0,0,0,7.0,0.09,0.09,0,0.0,0.21,2,1,31,30,1,48,2,1,0,3,0,1,2,0
5868022,2026-08-23,Villarreal,Atlético Madrid,399047,Pape Gueye,MC,1,99,0,0,0,0,0,6.4,0.07,0.07,0,0.0,0.02,2,0,70,63,0,84,1,1,0,0,1,1,0,0
5868022,2026-08-23,Villarreal,Atlético Madrid,362735,Santi Comesana,MC,1,83,0,0,0,0,0,6.2,0.0,0.0,0,0.0,0.0,0,0,50,43,0,56,1,1,0,0,4,2,0,0
5868022,2026-08-23,Villarreal,Atlético Madrid,448211,Alberto Moleiro,ML,1,59,0,0,0,0,0,6.7,0.0,0.0,0,0.0,0.06,0,0,29,26,1,48,3,0,0,2,1,1,3,0
5868022,2026-08-23,Villarreal,Atlético Madrid,389020,Georges Mikautadze,FW,1,78,1,0,0,0,1,7.5,1.78,0.99,2,0.84,0.15,5,2,21,17,1,34,1,0,0,1,0,1,0,0
5868022,2026-08-23,Villarreal,Atlético Madrid,135366,Ayoze Perez,FW,1,60,0,0,0,0,0,6.2,0.33,0.33,1,0.33,0.02,1,1,25,20,1,35,0,0,0,1,0,0,2,0
5868022,2026-08-23,Villarreal,Atlético Madrid,371027,Tajon Buchanan,Sub,0,39,0,0,0,0,0,6.8,0.45,0.45,1,0.42,0.0,2,1,10,9,0,22,0,1,0,1,1,0,0,0
5868022,2026-08-23,Villarreal,Atlético Madrid,445292,Tani Oluwaseyi,Sub,0,16,0,0,0,0,0,6.0,0.0,0.0,0,0.0,0.0,0,0,2,1,0,6,0,0,1,0,0,2,0,0
5868022,2026-08-23,Villarreal,Atlético Madrid,428500,Ilias Akhomach,Sub,0,21,0,0,0,0,0,6.0,0.0,0.0,0,0.0,0.0,0,0,1,1,0,6,0,1,0,0,1,0,1,0
5868022,2026-08-23,Villarreal,Atlético Madrid,97659,Gerard Moreno,Sub,0,40,1,0,0,0,1,6.9,0.8,0.0,0,0.0,0.01,1,1,13,10,1,18,0,0,1,1,2,0,0,0
5868022,2026-08-23,Villarreal,Atlético Madrid,603190,Carlos Macia,Sub,0,21,0,0,0,0,0,6.1,0.0,0.0,0,0.0,0.0,0,0,12,10,0,15,1,1,0,0,0,0,0,0
5868023,2026-08-21,Real Betis,Real Sociedad,448208,Alvaro Valles,GK,1,95,0,0,0,0,0,7.2,0.0,0.0,0,0.0,0.0,0,0,28,21,0,43,0,0,0,0,0,3,0,3
5868023,2026-08-21,Real Betis,Real Sociedad,125211,Hector Bellerin,DR,1,95,0,0,1,0,0,5.9,0.0,0.0,0,0.0,0.0,0,0,50,43,0,62,2,0,0,0,0,1,0,0
5868023,2026-08-21,Real Betis,Real Sociedad,402206,Natan,DC,1,95,0,0,1,0,0,7.3,0.0,0.0,0,0.0,0.0,0,0,53,48,0,65,3,0,4,0,1,7,0,0
5868023,2026-08-21,Real Betis,Real Sociedad,83686,Marc Bartra,DC,1,95,0,0,0,0,0,7.8,0.02,0.02,0,0.0,0.0,1,0,46,38,1,60,1,2,5,0,0,6,0,0
5868023,2026-08-21,Real Betis,Real Sociedad,422957,Fran Garcia,DL,1,95,0,0,1,0,0,6.8,0.0,0.0,0,0.0,0.04,0,0,44,38,1,63,3,2,1,0,2,0,0,0
5868023,2026-08-21,Real Betis,Real Sociedad,323148,Marc Roca,DMC,1,95,0,0,0,0,0,7.7,0.06,0.06,0,0.0,0.0,2,0,56,51,0,73,5,2,2,1,2,3,0,0
5868023,2026-08-21,Real Betis,Real Sociedad,512611,Facundo Bernal,DMC,1,57,0,0,0,0,0,6.8,0.04,0.04,0,0.0,0.0,1,0,37,32,0,44,5,1,1,0,1,0,0,0
5868023,2026-08-21,Real Betis,Real Sociedad,364315,Antony,AMR,1,95,0,0,0,0,0,7.8,0.31,0.31,0,0.0,0.33,5,2,42,40,3,68,2,3,1,1,0,1,1,0
5868023,2026-08-21,Real Betis,Real Sociedad,297203,Pablo Fornals,AMC,1,95,0,0,0,0,0,7.4,0.1,0.1,0,0.0,0.17,2,0,56,48,4,75,1,4,0,0,1,0,0,0
5868023,2026-08-21,Real Betis,Real Sociedad,382631,Rodrigo Riquelme,AML,1,72,1,0,0,0,0,8.0,0.04,0.04,0,0.0,0.1,1,1,31,25,2,51,3,2,0,3,1,0,0,0
5868023,2026-08-21,Real Betis,Real Sociedad,362501,Cucho Hernandez,FW,1,79,0,1,0,0,0,7.6,0.08,0.08,0,0.0,0.08,2,1,19,14,2,38,2,0,2,2,0,2,3,0
5868023,2026-08-21,Real Betis,Real Sociedad,432475,Nelson Deossa,Sub,0,16,0,0,0,0,0,6.3,0.04,0.04,0,0.0,0.1,1,1,4,4,1,8,0,0,0,0,0,1,1,0
5868023,2026-08-21,Real Betis,Real Sociedad,82989,Isco,Sub,0,38,0,0,0,0,0,6.7,0.46,0.46,1,0.43,0.03,2,2,9,7,1,20,1,1,0,0,1,1,1,0
5868023,2026-08-21,Real Betis,Real Sociedad,551186,Pablo Garcia,Sub,0,23,0,0,0,0,0,6.3,0.05,0.05,0,0.0,0.04,1,0,6,6,2,9,0,0,0,0,0,0,0,0
5868023,2026-08-21,Real Sociedad,Real Betis,270504,Alex Remiro,GK,1,95,0,0,0,0,0,7.2,0.0,0.0,0,0.0,0.01,0,0,48,33,0,62,0,0,0,0,0,0,0,6
5868023,2026-08-21,Real Sociedad,Real Betis,463961,Jon Aramburu,DR,1,95,0,0,1,0,0,6.8,0.02,0.02,0,0.0,0.0,1,1,49,43,0,80,4,6,2,0,5,5,0,0
5868023,2026-08-21,Real Sociedad,Real Betis,315566,Igor Zubeldia,DC,1,95,0,0,1,0,0,6.4,0.0,0.0,0,0.0,0.0,0,0,75,65,0,80,2,1,3,0,1,1,0,0
5868023,2026-08-21,Real Sociedad,Real Betis,495459,Jon Martin,DC,1,95,0,0,0,0,0,6.4,0.0,0.0,0,0.0,0.0,0,0,70,62,0,82,6,0,2,0,0,4,0,0
5868023,2026-08-21,Real Sociedad,Real Betis,355110,Sergio Gomez,DL,1,71,0,0,1,0,0,6.8,0.04,0.04,0,0.0,0.07,1,0,27,26,1,40,2,0,0,1,2,1,0,0
5868023,2026-08-21,Real Sociedad,Real Betis,313542,Carlos Soler,DMC,1,95,0,0,0,0,0,6.4,0.0,0.0,0,0.0,0.01,0,0,62,55,0,70,1,0,0,1,0,1,0,0
5868023,2026-08-21,Real Sociedad,Real Betis,318505,Yangel Herrera,DMC,1,71,0,0,0,0,0,6.4,0.0,0.0,0,0.0,0.0,0,0,46,43,1,60,0,0,0,1,1,1,3,0
5868023,2026-08-21,Real Sociedad,Real Betis,377285,Takefusa Kubo,AMR,1,57,0,0,0,0,0,6.8,0.06,0.06,0,0.0,0.0,1,0,16,12,0,34,1,1,0,4,1,0,0,0
5868023,2026-08-21,Real Sociedad,Real Betis,407080,Luka Sucic,AMC,1,86,0,0,0,0,0,6.5,0.12,0.12,0,0.0,0.0,2,1,32,29,1,41,1,0,0,0,0,0,1,0
5868023,2026-08-21,Real Sociedad,Real Betis,367857,Ander Barrenetxea,AML,1,57,0,0,0,0,0,6.2,0.03,0.03,0,0.0,0.02,1,0,15,11,0,27,1,0,0,2,1,0,3,0
5868023,2026-08-21,Real Sociedad,Real Betis,428066,Orri Oskarsson,FW,1,95,0,0,0,0,0,6.1,0.82,0.82,2,0.74,0.0,3,1,14,6,1,27,1,0,2,1,1,0,2,0
5868023,2026-08-21,Real Sociedad,Real Betis,400185,Arsen Zakharyan,Sub,0,9,0,0,0,0,0,6.0,0.0,0.0,0,0.0,0.0,0,0,2,1,0,8,0,0,0,0,0,0,0,0
5868023,2026-08-21,Real Sociedad,Real Betis,407138,Benat Turrientes,Sub,0,24,0,0,0,0,0,6.1,0.0,0.0,0,0.0,0.0,0,0,26,23,1,26,0,0,0,0,0,0,0,0
5868023,2026-08-21,Real Sociedad,Real Betis,298839,Mikel Oyarzabal,Sub,0,38,0,0,0,0,0,6.0,0.0,0.0,0,0.0,0.07,0,0,17,15,1,22,0,1,0,0,0,0,0,0
5868023,2026-08-21,Real Sociedad,Real Betis,367583,Aihen Munoz,Sub,0,24,0,0,0,0,0,6.0,0.0,0.0,0,0.0,0.01,0,0,7,6,0,15,2,0,0,0,0,0,0,0
5868023,2026-08-21,Real Sociedad,Real Betis,546574,Alex Marchal,Sub,0,38,0,0,0,0,0,6.0,0.0,0.0,0,0.0,0.07,0,0,10,7,1,17,1,0,0,0,0,0,0,0
5868024,2026-08-23,Elche,Barcelona,422916,Matias Dituro,GK,1,93,0,0,0,0,0,5.4,0.0,0.0,0,0.0,0.0,0,0,52,34,0,62,0,0,0,0,0,0,0,2
5868024,2026-08-23,Elche,Barcelona,510360,Buba Sangare,DR,1,93,0,0,0,0,0,5.1,0.0,0.0,0,0.0,0.0,0,0,26,19,0,41,1,0,0,1,2,0,0,0
5868024,2026-08-23,Elche,Barcelona,419616,Federico Redondo,DC,1,80,0,0,0,0,0,5.1,0.0,0.0,0,0.0,0.02,0,0,53,46,1,63,4,3,1,0,0,1,0,0
5868024,2026-08-23,Elche,Barcelona,423282,David Affengruber,DC,1,93,0,0,0,0,0,5.3,0.2,0.2,1,0.2,0.0,1,0,47,37,0,62,1,4,1,0,0,2,1,0
5868024,2026-08-23,Elche,Barcelona,402862,Victor Chust,DC,1,93,0,0,0,0,0,5.1,0.0,0.0,0,0.0,0.01,0,0,60,55,0,75,2,1,0,0,2,1,0,0
5868024,2026-08-23,Elche,Barcelona,390240,German Valera,DL,1,93,0,0,0,0,0,5.6,0.0,0.0,0,0.0,0.12,0,0,27,22,2,53,1,0,0,1,0,1,1,0
5868024,2026-08-23,Elche,Barcelona,402087,Tete Morente,MR,1,63,0,0,0,0,0,5.7,0.0,0.0,0,0.0,0.0,0,0,18,12,0,27,1,0,1,0,2,0,1,0
5868024,2026-08-23,Elche,Barcelona,448050,Marc Aguado,MC,1,63,0,0,0,0,0,5.9,0.0,0.0,0,0.0,0.0,0,0,25,21,0,30,1,0,0,0,1,1,0,0
5868024,2026-08-23,Elche,Barcelona,357388,Gonzalo Villar,MC,1,93,0,0,0,0,0,6.3,0.0,0.0,0,0.0,0.29,0,0,45,39,2,62,2,1,1,0,3,0,1,0
5868024,2026-08-23,Elche,Barcelona,508339,Ali Houary,ML,1,63,0,0,1,0,0,5.5,0.34,0.34,1,0.34,0.01,1,0,29,24,0,47,0,1,0,1,1,0,4,0
5868024,2026-08-23,Elche,Barcelona,391082,Fer Nino,FW,1,68,0,0,0,0,0,6.1,0.0,0.0,0,0.0,0.0,0,0,18,11,0,29,2,1,4,0,1,0,2,0
5868024,2026-08-23,Elche,Barcelona,137031,Ezequiel Ponce,Sub,0,25,0,0,0,0,0,6.5,0.04,0.04,0,0.0,0.05,1,1,5,5,1,12,1,1,1,0,0,0,0,0
5868024,2026-08-23,Elche,Barcelona,432384,Facundo Buonanotte,Sub,0,30,0,0,0,0,0,6.1,0.4,0.4,1,0.33,0.0,2,1,5,3,0,13,0,0,0,1,0,0,1,0
5868024,2026-08-23,Elche,Barcelona,516414,Lucas Cepeda,Sub,0,30,0,0,0,0,0,5.9,0.04,0.04,0,0.0,0.01,1,0,9,9,1,14,1,0,0,1,1,0,1,0
5868024,2026-08-23,Elche,Barcelona,438351,Martim Neto,Sub,0,30,0,0,0,0,0,6.0,0.03,0.03,0,0.0,0.0,1,0,11,8,0,15,0,0,0,2,0,0,0,0
5868024,2026-08-23,Elche,Barcelona,108100,Pedro Bigas,Sub,0,13,0,0,0,0,0,6.0,0.0,0.0,0,0.0,0.0,0,0,6,4,0,8,0,0,0,0,0,0,0,0
5868024,2026-08-23,Barcelona,Elche,422824,Joan Garcia,GK,1,93,0,0,0,0,0,7.3,0.0,0.0,0,0.0,0.0,0,0,21,19,0,32,0,0,0,0,0,1,0,2
5868024,2026-08-23,Barcelona,Elche,368091,Eric Garcia,DR,1,93,0,0,0,0,0,8.3,0.0,0.0,0,0.0,0.08,0,0,71,62,1,101,4,2,1,1,1,5,0,0
5868024,2026-08-23,Barcelona,Elche,130331,Andreas Christensen,DC,1,93,0,0,0,0,0,7.6,0.0,0.0,0,0.0,0.0,0,0,74,72,0,89,0,2,3,0,3,10,0,0
5868024,2026-08-23,Barcelona,Elche,512879,Gerard Martin,DC,1,93,0,0,0,0,0,8.0,0.0,0.0,0,0.0,0.0,0,0,58,56,0,75,2,1,1,0,0,12,0,0
5868024,2026-08-23,Barcelona,Elche,591617,Xavi Espart,DL,1,93,0,0,0,0,0,8.4,0.0,0.0,0,0.0,0.0,0,0,52,44,1,81,7,2,3,1,1,5,0,0
5868024,2026-08-23,Barcelona,Elche,422937,Gavi,DMC,1,44,0,0,0,0,0,6.5,0.0,0.0,0,0.0,0.01,0,0,14,12,0,25,2,1,2,0,2,0,0,0
5868024,2026-08-23,Barcelona,Elche,534796,Marc Bernal,DMC,1,79,0,0,0,0,0,7.5,0.31,0.31,1,0.31,0.03,1,0,42,32,0,59,8,2,0,0,2,1,0,0
5868024,2026-08-23,Barcelona,Elche,480249,Lamine Yamal,AMR,1,64,0,0,0,0,0,6.7,0.26,0.26,1,0.2,0.15,2,0,29,22,1,41,1,1,0,1,1,0,1,0
5868024,2026-08-23,Barcelona,Elche,463838,Fermin Lopez,AMC,1,93,2,0,0,0,0,8.9,0.85,0.85,0,0.0,0.02,2,2,33,27,1,51,3,0,1,1,2,0,1,0
5868024,2026-08-23,Barcelona,Elche,392646,Karim Adeyemi,AML,1,64,1,0,0,0,0,7.5,0.42,0.42,0,0.0,0.06,1,1,20,11,1,31,0,0,0,2,0,0,0,0
5868024,2026-08-23,Barcelona,Elche,300447,Raphinha,FW,1,79,2,1,0,0,1,9.7,1.56,0.77,1,0.34,0.33,3,3,18,15,3,26,1,0,0,0,0,1,0,0
5868024,2026-08-23,Barcelona,Elche,301019,Jules Kounde,Sub,0,14,0,0,0,0,0,6.2,0.0,0.0,0,0.0,0.0,0,0,15,14,0,17,0,0,1,0,0,0,0,0
5868024,2026-08-23,Barcelona,Elche,128967,Joao Cancelo,Sub,0,14,0,0,0,0,0,6.1,0.0,0.0,0,0.0,0.0,0,0,12,8,0,14,0,0,0,0,0,1,0,0
5868024,2026-08-23,Barcelona,Elche,261212,Dani Olmo,Sub,0,29,0,0,0,0,0,6.2,0.09,0.09,0,0.0,0.0,1,0,15,15,0,23,0,0,0,1,0,0,0,0
5868024,2026-08-23,Barcelona,Elche,402197,Pedri,Sub,0,49,0,0,0,0,0,6.7,0.0,0.0,0,0.0,0.05,0,0,46,41,0,53,3,0,0,0,0,1,0,0
5868024,2026-08-23,Barcelona,Elche,349669,Anthony Gordon,Sub,0,29,0,2,0,0,0,7.7,0.2,0.2,1,0.2,0.29,1,1,13,13,2,16,0,0,0,0,0,0,0,0
5868025,2026-08-22,Espanyol,Real Madrid,259393,Marko Dmitrovic,GK,1,94,0,0,0,0,0,6.6,0.0,0.0,0,0.0,0.0,0,0,21,9,0,33,1,0,0,0,0,1,0,6
5868025,2026-08-22,Espanyol,Real Madrid,449410,Omar El Hilali,DR,1,94,0,0,0,0,0,6.0,0.0,0.0,0,0.0,0.0,0,0,19,17,0,51,3,1,0,0,4,5,0,0
5868025,2026-08-22,Espanyol,Real Madrid,419935,Clemens Riedel,DC,1,65,0,0,1,0,0,6.2,0.02,0.02,0,0.0,0.0,1,1,26,22,0,34,1,0,1,0,3,4,1,0
5868025,2026-08-22,Espanyol,Real Madrid,344200,Unai Nunez,DC,1,94,0,0,0,0,0,6.3,0.0,0.0,0,0.0,0.0,0,0,39,37,0,51,0,0,1,0,0,5,0,0
5868025,2026-08-22,Espanyol,Real Madrid,555136,Roger Hinojo,DL,1,94,0,0,0,0,0,6.0,0.0,0.0,0,0.0,0.0,0,0,42,35,0,52,4,0,0,0,1,0,0,0
5868025,2026-08-22,Espanyol,Real Madrid,468761,Cala,MR,1,65,1,0,1,0,0,7.2,0.38,0.38,0,0.0,0.01,2,1,23,15,1,33,4,0,0,1,3,1,1,0
5868025,2026-08-22,Espanyol,Real Madrid,335696,Edu Exposito,MC,1,87,0,0,1,0,0,6.9,0.09,0.09,0,0.0,0.01,3,1,47,40,0,69,6,0,0,3,1,1,1,0
5868025,2026-08-22,Espanyol,Real Madrid,401173,Urko Gonzalez de Zarate,MC,1,74,0,0,0,0,0,5.8,0.0,0.0,0,0.0,0.0,0,0,28,28,0,36,4,0,0,0,0,0,1,0
5868025,2026-08-22,Espanyol,Real Madrid,398922,Tyrhys Dolan,ML,1,94,0,0,0,0,0,5.3,0.0,0.0,0,0.0,0.06,0,0,21,18,0,39,1,2,0,0,2,1,2,0
5868025,2026-08-22,Espanyol,Real Madrid,506010,Javi Hernandez,FW,1,74,0,1,0,0,0,6.9,0.0,0.0,0,0.0,0.25,0,0,16,15,2,32,2,0,0,1,2,0,5,0
5868025,2026-08-22,Espanyol,Real Madrid,448296,Roberto Fernandez,FW,1,94,0,0,0,0,0,6.6,0.47,0.47,1,0.42,0.01,2,0,10,8,1,22,1,0,4,0,2,3,0,0
5868025,2026-08-22,Espanyol,Real Madrid,361696,Vanja Drkusic,Sub,0,29,0,0,0,0,0,6.3,0.0,0.0,0,0.0,0.0,0,0,9,7,0,16,2,0,0,0,1,4,0,0
5868025,2026-08-22,Espanyol,Real Madrid,382157,Pol Lozano,Sub,0,20,0,0,1,0,0,6.0,0.0,0.0,0,0.0,0.0,0,0,7,6,0,9,2,0,0,0,0,1,0,0
5868025,2026-08-22,Espanyol,Real Madrid,430451,Jofre Carreras,Sub,0,7,0,0,0,0,0,5.9,0.0,0.0,0,0.0,0.0,0,0,4,2,0,6,0,0,0,0,0,0,1,0
5868025,2026-08-22,Espanyol,Real Madrid,140772,Pere Milla,Sub,0,20,0,0,1,0,0,5.7,0.0,0.0,0,0.0,0.0,0,0,5,5,0,7,0,0,0,0,0,0,1,0
5868025,2026-08-22,Espanyol,Real Madrid,531460,Rafel Bauza,Sub,0,29,0,0,0,0,0,6.3,0.0,0.0,0,0.0,0.0,0,0,9,9,0,19,5,0,0,0,0,0,0,0
5868025,2026-08-22,Real Madrid,Espanyol,73798,Thibaut Courtois,GK,1,94,0,0,0,0,0,6.2,0.0,0.0,0,0.0,0.0,0,0,24,19,0,29,0,0,0,0,0,0,0,2
5868025,2026-08-22,Real Madrid,Espanyol,322153,Denzel Dumfries,DR,1,79,0,0,0,0,0,6.7,0.19,0.19,0,0.0,0.0,4,1,31,27,0,53,4,0,0,0,1,1,0,0
5868025,2026-08-22,Real Madrid,Espanyol,345957,Ibrahima Konate,DC,1,94,0,0,0,0,0,7.3,0.04,0.04,0,0.0,0.0,1,1,75,73,0,89,3,1,4,0,0,5,0,0
5868025,2026-08-22,Real Madrid,Espanyol,468852,Dean Huijsen,DC,1,94,0,0,0,0,0,6.7,0.04,0.04,0,0.0,0.0,1,0,76,74,0,85,0,1,3,0,0,5,0,0
5868025,2026-08-22,Real Madrid,Espanyol,437583,Alvaro Carreras,DL,1,63,0,0,0,0,0,6.7,0.0,0.0,0,0.0,0.0,0,0,34,32,2,47,2,0,0,1,0,1,0,0
5868025,2026-08-22,Real Madrid,Espanyol,136741,Bernardo Silva,DMC,1,79,0,0,0,0,0,6.4,0.0,0.0,0,0.0,0.01,0,0,55,52,1,68,3,1,0,1,3,2,1,0
5868025,2026-08-22,Real Madrid,Espanyol,344644,Federico Valverde,DMC,1,94,0,0,0,0,0,7.3,0.05,0.05,0,0.0,0.03,1,0,66,64,1,79,4,1,0,1,1,2,0,0
5868025,2026-08-22,Real Madrid,Espanyol,415181,Arda Guler,AMR,1,63,0,1,0,0,0,8.3,0.0,0.0,0,0.0,0.6,0,0,41,38,7,63,2,0,1,1,0,0,1,0
5868025,2026-08-22,Real Madrid,Espanyol,379868,Jude Bellingham,AMC,1,79,1,0,0,0,0,8.2,0.09,0.09,0,0.0,0.02,2,2,39,37,2,61,4,0,2,3,0,2,3,0
5868025,2026-08-22,Real Madrid,Espanyol,337782,Vinicius Junior,AML,1,94,0,0,1,0,0,6.7,0.04,0.04,0,0.0,0.02,1,0,13,9,0,38,1,0,0,3,1,0,0,0
5868025,2026-08-22,Real Madrid,Espanyol,300713,Kylian Mbappe,FW,1,94,0,0,0,0,0,7.0,1.39,1.39,2,0.91,0.01,10,3,39,32,1,67,0,0,0,3,0,0,2,0
5868025,2026-08-22,Real Madrid,Espanyol,369109,Eduardo Camavinga,Sub,0,15,0,0,0,0,0,6.2,0.0,0.0,0,0.0,0.0,0,0,13,13,0,15,1,0,0,0,1,0,0,0
5868025,2026-08-22,Real Madrid,Espanyol,363496,Marc Cucurella,Sub,0,31,0,0,0,0,0,6.5,0.0,0.0,0,0.0,0.05,0,0,21,19,1,27,1,1,1,0,0,0,0,0
5868025,2026-08-22,Real Madrid,Espanyol,318871,Trent Alexander-Arnold,Sub,0,15,0,0,0,0,0,6.3,0.0,0.0,0,0.0,0.02,0,0,11,7,0,15,1,0,0,0,0,0,0,0
5868025,2026-08-22,Real Madrid,Espanyol,557000,Yan Diomande,Sub,0,31,0,0,0,0,0,6.3,0.0,0.0,0,0.0,0.05,0,0,11,10,1,21,0,0,0,1,0,0,0,0
5868025,2026-08-22,Real Madrid,Espanyol,516341,Carlos Espi,Sub,0,15,1,0,0,0,0,7.1,0.51,0.51,0,0.0,0.06,1,1,3,2,1,9,0,0,0,1,0,0,0,0
5868026,2026-08-23,Getafe,Racing Santander,243262,David Soria,GK,1,96,0,0,0,0,0,8.3,0.0,0.0,0,0.0,0.0,0,0,36,17,0,42,0,0,0,0,0,0,0,3
5868026,2026-08-23,Getafe,Racing Santander,410988,Saba Sazonov,DC,1,96,0,0,1,0,0,6.5,0.0,0.0,0,0.0,0.0,0,0,32,27,0,45,3,1,1,0,3,3,0,0
5868026,2026-08-23,Getafe,Racing Santander,332990,Djene Dakonam,DC,1,96,0,0,0,0,0,7.2,0.0,0.0,0,0.0,0.0,0,0,41,34,0,50,3,2,0,1,1,3,0,0
5868026,2026-08-23,Getafe,Racing Santander,389191,Zaid Romero,DC,1,96,0,0,0,0,0,7.0,0.0,0.0,0,0.0,0.0,0,0,35,26,0,51,1,2,1,0,0,6,2,0
5868026,2026-08-23,Getafe,Racing Santander,469329,Andres Garcia,DMR,1,84,0,0,0,0,0,6.7,0.05,0.05,0,0.0,0.0,2,0,29,25,0,55,5,0,0,2,0,1,0,0
5868026,2026-08-23,Getafe,Racing Santander,135098,Johan Mojica,DML,1,96,0,0,0,0,0,7.0,0.0,0.0,0,0.0,0.05,0,0,29,18,2,69,1,1,0,1,0,1,0,0
5868026,2026-08-23,Getafe,Racing Santander,344073,Orel Mangala,MC,1,93,0,0,0,0,0,6.6,0.03,0.03,0,0.0,0.01,1,0,26,22,0,39,3,3,0,0,3,0,1,0
5868026,2026-08-23,Getafe,Racing Santander,424675,Francho Serrano,MC,1,96,0,0,0,0,0,6.8,0.0,0.0,0,0.0,0.0,0,0,38,31,0,57,4,2,0,1,1,1,1,0
5868026,2026-08-23,Getafe,Racing Santander,444244,Ramon Terrats,MC,1,93,0,0,0,0,0,7.4,0.1,0.1,0,0.0,0.1,4,0,30,23,4,59,1,0,1,2,2,4,0,0
5868026,2026-08-23,Getafe,Racing Santander,134695,Enes Unal,FW,1,96,1,0,0,0,0,7.4,0.78,0.78,0,0.0,0.0,3,1,15,8,0,34,3,0,2,0,3,0,2,0
5868026,2026-08-23,Getafe,Racing Santander,403803,Martin Satriano,FW,1,89,0,0,0,0,0,6.8,0.08,0.08,0,0.0,0.0,2,0,15,11,1,39,0,0,3,2,1,2,4,0
5868026,2026-08-23,Getafe,Racing Santander,409740,Abdel Abqar,Sub,0,3,0,0,0,0,0,6.1,0.0,0.0,0,0.0,0.0,0,0,1,0,0,3,0,0,0,0,0,1,0,0
5868026,2026-08-23,Getafe,Racing Santander,278721,Borja Mayoral,Sub,0,7,0,0,0,0,0,6.1,0.0,0.0,0,0.0,0.0,0,0,1,0,0,2,0,0,0,0,0,0,0,0
5868026,2026-08-23,Getafe,Racing Santander,523331,Alberto Risco,Sub,0,3,0,0,0,0,0,6.2,0.0,0.0,0,0.0,0.0,0,0,3,2,0,4,0,0,0,1,0,0,0,0
5868026,2026-08-23,Getafe,Racing Santander,484251,Sebastian Boselli,Sub,0,12,0,0,0,0,0,6.1,0.0,0.0,0,0.0,0.0,0,0,1,0,0,6,0,0,0,0,0,1,0,0
5868026,2026-08-23,Racing Santander,Getafe,423108,Julen Agirrezabala,GK,1,96,0,0,0,0,0,6.3,0.0,0.0,0,0.0,0.0,0,0,20,14,0,36,0,0,0,0,0,4,0,0
5868026,2026-08-23,Racing Santander,Getafe,448397,Alvaro Mantilla,DR,1,96,0,0,1,0,0,6.3,0.0,0.0,0,0.0,0.0,0,0,55,36,0,84,6,1,0,0,2,2,0,0
5868026,2026-08-23,Racing Santander,Getafe,413758,Pablo Ramon,DC,1,96,0,0,0,0,0,7.7,0.0,0.0,0,0.0,0.0,0,0,69,63,0,95,6,2,5,0,0,13,2,0
5868026,2026-08-23,Racing Santander,Getafe,423973,Manu Hernando,DC,1,87,0,0,1,0,0,6.4,0.02,0.02,0,0.0,0.0,1,0,28,21,0,42,0,0,3,0,2,10,0,0
5868026,2026-08-23,Racing Santander,Getafe,541900,Jorge Salinas,DL,1,96,0,0,1,0,0,7.0,0.0,0.0,0,0.0,0.25,0,0,30,25,0,53,3,1,2,1,1,5,0,0
5868026,2026-08-23,Racing Santander,Getafe,472904,Gustavo Puerta,DMC,1,87,0,0,0,0,0,6.2,0.0,0.0,0,0.0,0.01,0,0,51,49,0,70,6,0,0,1,5,0,1,0
5868026,2026-08-23,Racing Santander,Getafe,586240,Sergio Martinez,DMC,1,45,0,0,0,0,0,6.8,0.0,0.0,0,0.0,0.0,0,0,20,18,0,28,2,1,0,1,0,1,1,0
5868026,2026-08-23,Racing Santander,Getafe,422961,Andres Martin,AMR,1,96,0,0,0,0,0,5.5,1.2,0.41,2,1.14,0.03,3,2,34,27,0,52,1,0,0,0,1,0,0,0
5868026,2026-08-23,Racing Santander,Getafe,44189,Sergio Canales,AMC,1,63,0,0,0,0,0,6.3,0.04,0.04,0,0.0,0.0,1,1,20,16,0,24,0,0,0,0,0,1,0,0
5868026,2026-08-23,Racing Santander,Getafe,402137,Inigo Vicente,AML,1,96,0,0,0,0,0,6.3,0.03,0.03,0,0.0,0.1,1,0,83,60,3,94,0,0,0,2,1,1,2,0
5868026,2026-08-23,Racing Santander,Getafe,331171,Asier Villalibre,FW,1,63,0,0,0,0,0,6.0,0.0,0.0,0,0.0,0.0,0,0,6,4,0,11,0,0,0,0,0,1,0,0
5868026,2026-08-23,Racing Santander,Getafe,485481,Maguette Gueye,Sub,0,33,0,0,0,0,0,6.1,0.0,0.0,0,0.0,0.0,0,0,17,16,0,20,1,0,0,1,2,0,0,0
5868026,2026-08-23,Racing Santander,Getafe,431570,Juan Carlos Arana,Sub,0,9,0,0,0,0,0,6.0,0.0,0.0,0,0.0,0.0,0,0,0,0,0,1,0,0,0,0,1,0,1,0
5868026,2026-08-23,Racing Santander,Getafe,372473,Ivan Martin,Sub,0,51,0,0,0,0,0,6.6,0.0,0.0,0,0.0,0.0,0,0,21,19,0,33,5,0,0,1,0,0,0,0
5868026,2026-08-23,Racing Santander,Getafe,444264,Facu Gonzalez,Sub,0,9,0,0,0,0,0,6.0,0.0,0.0,0,0.0,0.0,0,0,8,6,0,9,0,0,0,0,1,0,0,0
5868026,2026-08-23,Racing Santander,Getafe,538158,Yassir Zabiri,Sub,0,33,0,0,0,0,0,5.8,0.0,0.0,0,0.0,0.01,0,0,7,6,0,10,4,0,0,0,1,0,1,0
5868027,2026-08-24,Málaga,Deportivo A Coruña,261509,Alfonso Herrero,GK,1,93,0,0,0,0,0,6.9,0.0,0.0,0,0.0,0.0,0,0,31,28,0,41,1,0,0,0,0,1,0,4
5868027,2026-08-24,Málaga,Deportivo A Coruña,447938,Carlos Puga,DR,1,93,0,0,0,0,0,7.0,0.02,0.02,0,0.0,0.04,1,0,60,51,0,94,5,1,0,4,3,2,3,0
5868027,2026-08-24,Málaga,Deportivo A Coruña,511043,Angel Recio,DC,1,93,0,0,0,0,0,6.2,0.0,0.0,0,0.0,0.0,0,0,59,56,1,64,1,0,0,0,1,4,0,0
5868027,2026-08-24,Málaga,Deportivo A Coruña,141497,Einar Galilea,DC,1,93,0,0,0,0,0,6.7,0.0,0.0,0,0.0,0.0,0,0,69,66,0,82,0,0,0,3,1,4,0,0
5868027,2026-08-24,Málaga,Deportivo A Coruña,508349,Rafita,DL,1,93,0,0,0,0,0,6.7,0.0,0.0,0,0.0,0.0,0,0,43,38,0,58,2,0,0,0,0,2,0,0
5868027,2026-08-24,Málaga,Deportivo A Coruña,508035,Izan Merino,DMC,1,84,0,0,0,0,0,6.4,0.04,0.04,0,0.0,0.01,1,0,71,68,1,73,2,0,0,0,1,0,0,0
5868027,2026-08-24,Málaga,Deportivo A Coruña,357786,Juan Cruz,MR,1,55,0,0,0,0,0,6.2,0.02,0.02,0,0.0,0.0,1,0,11,11,0,19,0,0,1,0,1,0,0,0
5868027,2026-08-24,Málaga,Deportivo A Coruña,448294,Dani Lorenzo,MC,1,84,0,0,0,0,0,6.8,0.0,0.0,0,0.0,0.01,0,0,71,67,0,89,3,0,0,3,0,0,2,0
5868027,2026-08-24,Málaga,Deportivo A Coruña,461527,Carlos Dotor,MC,1,72,0,0,0,0,0,6.6,0.04,0.04,0,0.0,0.03,1,1,46,37,1,56,1,1,0,1,0,0,1,0
5868027,2026-08-24,Málaga,Deportivo A Coruña,366204,Joaquin Munoz,ML,1,72,0,0,0,0,0,6.4,0.02,0.02,0,0.0,0.01,1,0,19,17,0,36,3,0,0,1,2,0,2,0
5868027,2026-08-24,Málaga,Deportivo A Coruña,541868,Chupe,FW,1,93,1,0,0,0,1,7.2,1.16,0.36,1,0.27,0.0,4,1,14,10,0,25,1,0,4,0,1,1,1,0
5868027,2026-08-24,Málaga,Deportivo A Coruña,448292,Haitam Abaida,Sub,0,21,0,0,0,0,0,6.2,0.03,0.03,0,0.0,0.0,1,0,3,2,0,11,0,0,0,1,1,0,0,0
5868027,2026-08-24,Málaga,Deportivo A Coruña,448303,David Larrubia,Sub,0,38,0,0,1,0,0,7.2,0.04,0.04,0,0.0,0.1,1,0,16,9,1,38,6,2,0,3,1,0,3,0
5868027,2026-08-24,Málaga,Deportivo A Coruña,391317,Julen Lobete,Sub,0,9,0,0,0,0,0,6.0,0.0,0.0,0,0.0,0.0,0,0,2,2,0,2,0,0,0,0,0,0,0,0
5868027,2026-08-24,Málaga,Deportivo A Coruña,448289,Ramon Enriquez,Sub,0,9,0,0,0,0,0,6.0,0.0,0.0,0,0.0,0.0,0,0,8,6,0,8,0,0,0,0,0,0,0,0
5868027,2026-08-24,Málaga,Deportivo A Coruña,471958,Rafa Rodriguez,Sub,0,21,0,0,0,0,0,6.1,0.07,0.07,0,0.0,0.0,2,0,5,5,1,8,0,0,0,0,0,0,0,0
5868027,2026-08-24,Deportivo A Coruña,Málaga,423420,Leo Roman,GK,1,93,0,0,0,0,0,6.4,0.0,0.0,0,0.0,0.0,0,0,42,39,0,49,0,0,0,0,0,0,0,1
5868027,2026-08-24,Deportivo A Coruña,Málaga,100881,Ximo Navarro,DR,1,93,0,0,1,0,0,6.6,0.0,0.0,0,0.0,0.03,0,0,38,37,1,53,5,1,1,0,2,3,0,0
5868027,2026-08-24,Deportivo A Coruña,Málaga,431768,Lucas Noubi,DC,1,93,0,0,0,0,0,6.7,0.0,0.0,0,0.0,0.0,0,0,42,38,0,56,3,1,0,0,2,5,0,0
5868027,2026-08-24,Deportivo A Coruña,Málaga,448273,Miguel Loureiro,DC,1,73,0,0,0,0,0,6.2,0.0,0.0,0,0.0,0.0,0,0,64,59,0,77,3,3,1,0,1,4,2,0
5868027,2026-08-24,Deportivo A Coruña,Málaga,393081,Giacomo Quagliata,DL,1,93,0,0,1,0,0,6.2,0.0,0.0,0,0.0,0.0,0,0,29,25,1,56,5,1,1,1,1,1,1,0
5868027,2026-08-24,Deportivo A Coruña,Málaga,470032,Lorenzo Amatucci,DMC,1,93,0,0,0,0,0,6.7,0.0,0.0,0,0.0,0.0,0,0,57,55,0,69,5,1,0,0,0,2,1,0
5868027,2026-08-24,Deportivo A Coruña,Málaga,409130,Mario Soriano,DMC,1,84,0,0,1,0,0,6.0,0.03,0.03,0,0.0,0.0,1,0,47,43,0,58,2,0,0,0,1,1,3,0
5868027,2026-08-24,Deportivo A Coruña,Málaga,448041,Adria Alti,AMR,1,61,0,0,0,0,0,6.2,0.0,0.0,0,0.0,0.0,0,0,12,10,0,19,1,0,1,0,2,1,0,0
5868027,2026-08-24,Deportivo A Coruña,Málaga,428620,Luismi Cruz,AMC,1,72,0,1,0,0,0,7.5,0.02,0.02,0,0.0,0.38,1,1,20,16,3,41,2,0,1,3,3,0,1,0
5868027,2026-08-24,Deportivo A Coruña,Málaga,527113,Jonathan Asp Jensen,AML,1,61,0,0,0,0,0,6.2,0.04,0.04,0,0.0,0.02,1,1,15,12,0,22,1,0,0,0,0,1,1,0
5868027,2026-08-24,Deportivo A Coruña,Málaga,44120,Pierre-Emerick Aubameyang,FW,1,93,1,0,0,0,0,7.2,0.91,0.91,0,0.0,0.0,3,2,12,7,0,20,0,0,0,1,0,0,0,0
5868027,2026-08-24,Deportivo A Coruña,Málaga,507361,David Mella,Sub,0,32,0,0,0,0,0,6.1,0.0,0.0,0,0.0,0.0,0,0,5,4,0,14,1,1,1,0,0,1,0,0
5868027,2026-08-24,Deportivo A Coruña,Málaga,448009,Diego Villares,Sub,0,32,0,0,0,0,0,6.2,0.0,0.0,0,0.0,0.0,0,0,21,19,0,28,3,1,2,0,0,0,0,0
5868027,2026-08-24,Deportivo A Coruña,Málaga,448011,Yeremay Hernandez,Sub,0,21,0,0,0,0,0,6.0,0.0,0.0,0,0.0,0.02,0,0,5,3,0,12,1,0,0,0,0,0,1,0
5868027,2026-08-24,Deportivo A Coruña,Málaga,598590,Bil Nsongo,Sub,0,9,0,0,1,0,0,6.2,0.0,0.0,0,0.0,0.0,0,0,4,2,0,7,1,0,0,1,0,0,0,0
5868027,2026-08-24,Deportivo A Coruña,Málaga,631884,Bright Ede,Sub,0,20,0,0,0,0,0,6.2,0.0,0.0,0,0.0,0.0,0,0,20,18,0,25,1,1,0,0,0,2,0,0
5868028,2026-08-24,Osasuna,Levante,381674,Sergio Herrera,GK,1,92,0,0,1,0,0,6.6,0.0,0.0,0,0.0,0.01,0,0,28,20,0,42,0,0,0,0,1,1,0,1
5868028,2026-08-24,Osasuna,Levante,517618,Inigo Arguibide,DR,1,80,0,0,0,0,0,7.0,0.0,0.0,0,0.0,0.04,0,0,13,8,0,45,1,1,0,3,0,0,1,0
5868028,2026-08-24,Osasuna,Levante,374638,Alejandro Catena,DC,1,92,0,0,0,0,0,7.4,0.0,0.0,0,0.0,0.02,0,0,59,48,1,73,0,0,4,0,0,9,0,0
5868028,2026-08-24,Osasuna,Levante,444253,Jorge Herrando,DC,1,92,0,0,0,0,0,7.7,0.12,0.12,0,0.0,0.0,2,2,42,33,0,61,0,3,4,0,2,7,0,0
5868028,2026-08-24,Osasuna,Levante,461771,Abel Bretones,DL,1,92,0,0,0,0,0,7.0,0.0,0.0,0,0.0,0.03,0,0,33,24,1,59,1,1,4,0,2,3,2,0
5868028,2026-08-24,Osasuna,Levante,119189,Ruben Garcia,MR,1,71,0,0,0,0,0,7.4,0.12,0.12,0,0.0,0.09,3,2,22,18,1,45,2,0,1,0,1,3,1,0
5868028,2026-08-24,Osasuna,Levante,381673,Jon Moncayola,MC,1,92,0,0,0,0,0,7.2,0.03,0.03,0,0.0,0.0,1,1,32,28,0,44,3,1,1,1,1,2,0,0
5868028,2026-08-24,Osasuna,Levante,474267,Iker Munoz,MC,1,92,0,0,0,0,0,6.6,0.0,0.0,0,0.0,0.0,0,0,42,37,1,52,2,0,1,0,1,2,0,0
5868028,2026-08-24,Osasuna,Levante,101238,Moi Gomez,ML,1,86,0,0,0,0,0,6.8,0.0,0.0,0,0.0,0.0,0,0,31,28,0,45,0,3,1,0,0,3,0,0
5868028,2026-08-24,Osasuna,Levante,98126,Ante Budimir,FW,1,79,0,0,0,0,0,7.2,0.44,0.44,2,0.36,0.0,4,2,8,1,0,21,1,0,6,1,0,1,0,0
5868028,2026-08-24,Osasuna,Levante,395321,Aimar Oroz,FW,1,71,0,0,0,0,0,6.5,0.03,0.03,0,0.0,0.09,1,0,19,15,3,31,0,0,1,0,0,0,1,0
5868028,2026-08-24,Osasuna,Levante,447853,Jonathan Dubasin,Sub,0,13,0,0,0,0,0,6.1,0.0,0.0,0,0.0,0.0,0,0,1,1,0,3,0,1,0,0,0,0,0,0
5868028,2026-08-24,Osasuna,Levante,249960,Lucas Torro,Sub,0,12,0,0,0,0,0,6.1,0.0,0.0,0,0.0,0.0,0,0,5,4,0,7,0,0,0,0,0,1,0,0
5868028,2026-08-24,Osasuna,Levante,336251,Kike Barja,Sub,0,6,0,0,1,0,0,5.9,0.0,0.0,0,0.0,0.0,0,0,1,1,0,1,0,0,0,0,1,0,0,0
5868028,2026-08-24,Osasuna,Levante,383924,Raul Garcia,Sub,0,21,0,0,0,0,0,6.1,0.03,0.03,0,0.0,0.0,1,0,4,2,0,9,0,0,1,0,0,0,0,0
5868028,2026-08-24,Osasuna,Levante,396490,Raul Moro,Sub,0,21,0,0,0,0,0,6.2,0.0,0.0,0,0.0,0.0,0,0,3,3,0,9,0,0,0,1,0,0,1,0
5868028,2026-08-24,Levante,Osasuna,81523,Mathew Ryan,GK,1,92,0,0,0,0,0,8.2,0.0,0.0,0,0.0,0.0,0,0,24,22,0,47,1,0,0,0,0,1,0,7
5868028,2026-08-24,Levante,Osasuna,578266,Nacho Perez,DR,1,77,0,0,0,0,0,6.8,0.0,0.0,0,0.0,0.0,0,0,26,19,0,55,2,3,1,0,0,6,0,0
5868028,2026-08-24,Levante,Osasuna,90115,Aissa Mandi,DC,1,92,0,0,0,0,0,7.3,0.0,0.0,0,0.0,0.0,0,0,64,59,0,77,1,0,4,0,0,10,0,0
5868028,2026-08-24,Levante,Osasuna,383780,Adrian de la Fuente,DC,1,92,0,0,0,0,0,6.7,0.06,0.06,0,0.0,0.33,1,0,71,57,0,83,0,1,1,0,2,4,0,0
5868028,2026-08-24,Levante,Osasuna,374813,Manu Sanchez,DL,1,92,0,0,0,0,0,7.4,0.01,0.01,0,0.0,0.01,1,0,59,50,0,90,4,3,0,0,0,6,1,0
5868028,2026-08-24,Levante,Osasuna,362623,Oriol Rey,DMC,1,89,0,0,0,0,0,6.4,0.0,0.0,0,0.0,0.0,0,0,35,32,0,41,1,0,1,0,3,1,0,0
5868028,2026-08-24,Levante,Osasuna,448231,Roger Brugue,MR,1,92,0,0,0,0,0,6.7,0.41,0.41,1,0.33,0.03,3,0,20,15,1,36,1,0,3,0,1,1,1,0
5868028,2026-08-24,Levante,Osasuna,467181,Enzo Bardeli,MC,1,92,0,0,0,0,0,6.5,0.0,0.0,0,0.0,0.12,0,0,25,20,2,31,2,0,0,0,1,0,0,0
5868028,2026-08-24,Levante,Osasuna,413346,Jon Ander Olasagasti,MC,1,92,0,0,0,0,0,7.2,0.06,0.06,0,0.0,0.18,2,1,39,28,3,58,3,0,2,0,0,0,0,0
5868028,2026-08-24,Levante,Osasuna,446729,Thiago Fernandez,ML,1,77,0,0,0,0,0,6.6,0.03,0.03,0,0.0,0.0,1,0,15,11,0,25,3,1,0,1,1,0,0,0
5868028,2026-08-24,Levante,Osasuna,407567,Ivan Romero,FW,1,89,0,0,1,0,0,5.8,0.36,0.36,1,0.33,0.03,2,0,16,12,1,35,3,0,1,0,2,0,2,0
5868028,2026-08-24,Levante,Osasuna,445095,Karl Etta Eyong,Sub,0,3,0,0,0,0,0,6.0,0.0,0.0,0,0.0,0.0,0,0,0,0,0,1,0,0,0,0,1,0,0,0
5868028,2026-08-24,Levante,Osasuna,129620,Jeremy Toljan,Sub,0,15,0,0,0,0,0,6.1,0.0,0.0,0,0.0,0.0,0,0,7,6,0,14,0,0,0,0,0,1,1,0
5868028,2026-08-24,Levante,Osasuna,395708,Victor Garcia,Sub,0,15,0,0,0,0,0,6.0,0.0,0.0,0,0.0,0.0,0,0,9,7,0,11,0,0,0,0,0,0,0,0
5868028,2026-08-24,Levante,Osasuna,415345,Hugo Sotelo,Sub,0,3,0,0,0,0,0,6.0,0.08,0.08,0,0.0,0.0,1,0,0,0,0,1,0,0,0,0,1,0,0,0
5868029,2026-08-20,Rayo Vallecano,Deportivo Alaves,303629,Augusto Batalla,GK,1,59,0,0,0,0,0,7.1,0.0,0.0,0,0.0,0.0,0,0,19,13,0,26,1,1,0,0,0,1,0,1
5868029,2026-08-20,Rayo Vallecano,Deportivo Alaves,372331,Andrei Ratiu,DR,1,98,0,0,0,0,0,5.6,0.2,0.2,1,0.2,0.01,1,0,29,25,0,57,5,0,1,0,0,5,0,0
5868029,2026-08-20,Rayo Vallecano,Deportivo Alaves,80758,Florian Lejeune,DC,1,98,0,0,0,0,0,6.7,0.0,0.0,0,0.0,0.04,0,0,49,41,0,60,4,2,3,0,1,3,0,0
5868029,2026-08-20,Rayo Vallecano,Deportivo Alaves,531953,Pelayo Fernandez,DC,1,54,0,0,0,0,0,6.7,0.0,0.0,0,0.0,0.0,0,0,22,18,0,28,2,1,2,0,4,2,0,0
5868029,2026-08-20,Rayo Vallecano,Deportivo Alaves,505924,Jozhua Vertrouwd,DL,1,98,0,0,0,0,0,6.0,0.0,0.0,0,0.0,0.0,0,0,29,24,0,46,1,0,0,0,0,3,1,0
5868029,2026-08-20,Rayo Vallecano,Deportivo Alaves,422963,Pathe Ciss,DMC,1,98,0,0,0,0,0,6.8,0.0,0.0,0,0.0,0.0,0,0,35,30,0,51,2,3,2,0,1,6,2,0
5868029,2026-08-20,Rayo Vallecano,Deportivo Alaves,386230,Jorge de Frutos,MR,1,98,0,0,0,0,0,7.2,0.0,0.0,0,0.0,0.01,0,0,16,11,1,36,6,0,1,3,2,2,1,0
5868029,2026-08-20,Rayo Vallecano,Deportivo Alaves,236575,Unai Lopez,MC,1,98,0,0,0,0,0,7.6,0.04,0.04,0,0.0,0.09,1,1,48,41,5,76,2,0,0,2,2,1,2,0
5868029,2026-08-20,Rayo Vallecano,Deportivo Alaves,422959,Isi Palazon,MC,1,16,0,0,0,0,0,6.2,0.07,0.07,0,0.0,0.0,1,0,6,4,0,10,2,0,0,0,0,1,0,0
5868029,2026-08-20,Rayo Vallecano,Deportivo Alaves,444265,Fran Perez,ML,1,54,0,0,0,0,0,6.5,0.0,0.0,0,0.0,0.0,0,0,8,7,1,22,1,2,0,0,1,1,0,0
5868029,2026-08-20,Rayo Vallecano,Deportivo Alaves,372469,Sergio Camello,FW,1,98,1,0,1,0,0,7.1,0.22,0.22,0,0.0,0.0,3,2,20,16,0,39,0,0,0,0,2,1,2,0
5868029,2026-08-20,Rayo Vallecano,Deportivo Alaves,135345,Alvaro Garcia,Sub,0,44,0,0,0,0,0,6.1,0.04,0.04,0,0.0,0.0,1,0,8,4,0,16,0,0,0,1,1,2,0,0
5868029,2026-08-20,Rayo Vallecano,Deportivo Alaves,386261,Dani Cardenas,Sub,0,39,0,0,0,0,0,6.2,0.0,0.0,0,0.0,0.0,0,0,10,2,0,13,0,0,0,0,0,1,0,1
5868029,2026-08-20,Rayo Vallecano,Deportivo Alaves,422958,Oscar Valentin,Sub,0,44,0,0,0,0,0,6.5,0.0,0.0,0,0.0,0.0,0,0,9,8,0,17,2,1,1,0,0,2,0,0
5868029,2026-08-20,Rayo Vallecano,Deportivo Alaves,422960,Randy Nteka,Sub,0,82,0,0,0,0,0,6.5,0.04,0.04,0,0.0,0.0,1,0,15,11,0,23,2,0,3,0,0,2,0,0
5868029,2026-08-20,Deportivo Alaves,Rayo Vallecano,141044,Antonio Sivera,GK,1,98,0,0,0,0,0,6.6,0.0,0.0,0,0.0,0.0,0,0,24,13,0,34,0,0,1,0,0,3,0,2
5868029,2026-08-20,Deportivo Alaves,Rayo Vallecano,506205,Angel Perez,DR,1,79,0,0,0,0,0,6.7,0.03,0.03,0,0.0,0.27,1,0,17,12,2,29,0,0,0,3,1,0,0,0
5868029,2026-08-20,Deportivo Alaves,Rayo Vallecano,347874,Nahuel Tenaglia,DC,1,98,0,0,1,0,0,6.9,0.02,0.02,0,0.0,0.0,1,0,29,21,0,49,2,2,1,1,1,7,0,0
5868029,2026-08-20,Deportivo Alaves,Rayo Vallecano,424575,Ville Koski,DC,1,79,0,0,0,0,0,6.6,0.0,0.0,0,0.0,0.0,0,0,26,23,0,36,1,2,2,0,0,5,0,0
5868029,2026-08-20,Deportivo Alaves,Rayo Vallecano,115917,Jonny Otto,DC,1,69,0,0,0,0,0,6.4,0.0,0.0,0,0.0,0.0,0,0,28,23,1,36,1,1,1,1,0,1,0,0
5868029,2026-08-20,Deportivo Alaves,Rayo Vallecano,447835,Abde Rebbach,DL,1,98,0,0,0,0,0,6.7,0.02,0.02,0,0.0,0.0,1,0,32,27,0,66,2,1,1,4,4,3,0,0
5868029,2026-08-20,Deportivo Alaves,Rayo Vallecano,444254,Pablo Ibanez,MC,1,98,0,0,0,0,0,7.0,0.1,0.1,0,0.0,0.03,3,1,40,32,0,56,4,1,2,1,0,1,0,0
5868029,2026-08-20,Deportivo Alaves,Rayo Vallecano,409467,Antonio Blanco,MC,1,98,0,0,0,0,0,6.7,0.0,0.0,0,0.0,0.0,0,0,49,41,0,65,3,3,0,0,2,2,0,0
5868029,2026-08-20,Deportivo Alaves,Rayo Vallecano,546572,Mikel Rodriguez,MC,1,61,0,0,0,0,0,6.6,0.0,0.0,0,0.0,0.29,0,0,15,14,1,28,1,0,0,2,0,0,0,0
5868029,2026-08-20,Deportivo Alaves,Rayo Vallecano,303800,Lucas Boye,FW,1,61,0,0,0,0,0,6.3,0.09,0.09,0,0.0,0.25,2,0,12,9,1,32,4,0,1,0,1,1,2,0
5868029,2026-08-20,Deportivo Alaves,Rayo Vallecano,280060,Toni Martinez,FW,1,98,0,0,0,0,0,6.7,1.22,1.22,3,1.18,0.0,4,0,12,9,2,29,2,0,5,0,1,3,1,0
5868029,2026-08-20,Deportivo Alaves,Rayo Vallecano,414212,Nicolas Valentini,Sub,0,19,0,0,1,0,0,6.0,0.02,0.02,0,0.0,0.0,1,0,5,5,0,6,0,0,1,0,1,0,0,0
5868029,2026-08-20,Deportivo Alaves,Rayo Vallecano,323236,Mariano Diaz,Sub,0,37,1,0,0,0,0,7.2,0.36,0.36,0,0.0,0.0,2,2,3,2,0,10,0,0,1,1,2,1,1,0
5868029,2026-08-20,Deportivo Alaves,Rayo Vallecano,106525,Denis Suarez,Sub,0,37,0,0,0,0,0,6.7,0.0,0.0,0,0.0,0.23,0,0,23,19,2,32,1,0,0,0,0,0,0,0
5868029,2026-08-20,Deportivo Alaves,Rayo Vallecano,303268,Carles Alena,Sub,0,19,0,0,0,0,0,6.4,0.0,0.0,0,0.0,0.02,0,0,9,8,1,13,1,0,0,0,0,0,1,0
5868029,2026-08-20,Deportivo Alaves,Rayo Vallecano,519969,Youssef Enriquez,Sub,0,29,0,0,0,0,0,6.5,0.0,0.0,0,0.0,0.05,0,0,16,15,1,27,1,0,0,0,0,0,1,0
5868030,2026-08-22,Valencia,Celta Vigo,141499,Stole Dimitrievski,GK,1,95,0,0,1,0,0,6.8,0.0,0.0,0,0.0,0.01,0,0,29,19,0,39,0,0,0,0,0,1,0,3
5868030,2026-08-22,Valencia,Celta Vigo,408732,Jesus Vazquez,DR,1,95,0,0,0,0,0,6.9,0.0,0.0,0,0.0,0.0,0,0,27,24,0,45,2,2,0,1,3,1,0,0
5868030,2026-08-22,Valencia,Celta Vigo,372634,Justin de Haas,DC,1,45,0,0,1,0,0,6.3,0.0,0.0,0,0.0,0.0,0,0,36,34,0,38,0,0,0,0,1,2,0,0
5868030,2026-08-22,Valencia,Celta Vigo,427831,Cesar Tarrega,DC,1,95,0,0,0,0,0,7.5,0.0,0.0,0,0.0,0.01,0,0,59,54,0,72,5,1,1,0,2,3,0,0
5868030,2026-08-22,Valencia,Celta Vigo,302889,Pepelu,DC,1,95,0,0,0,0,0,7.0,0.04,0.04,0,0.0,0.01,1,0,82,75,0,96,2,0,0,0,1,8,0,0
5868030,2026-08-22,Valencia,Celta Vigo,119817,Jose Gaya,DL,1,68,0,0,0,0,0,6.5,0.0,0.0,0,0.0,0.0,0,0,24,20,1,37,0,0,0,0,1,1,0,0
5868030,2026-08-22,Valencia,Celta Vigo,562981,Ryunosuke Sato,MR,1,56,0,0,0,0,0,6.3,0.0,0.0,0,0.0,0.0,0,0,20,18,0,25,1,0,0,0,1,0,0,0
5868030,2026-08-22,Valencia,Celta Vigo,303876,Guido Rodriguez,MC,1,95,0,0,0,0,0,7.1,0.02,0.02,0,0.0,0.0,1,1,67,60,0,81,1,2,2,0,1,3,3,0
5868030,2026-08-22,Valencia,Celta Vigo,379684,Filip Ugrinic,MC,1,68,0,0,0,0,0,6.8,0.1,0.1,0,0.0,0.12,2,1,40,39,1,52,1,0,0,0,1,0,0,0
5868030,2026-08-22,Valencia,Celta Vigo,431507,Javi Guerra,ML,1,95,0,0,0,0,0,6.2,0.08,0.08,0,0.0,0.02,1,0,38,27,1,56,2,0,0,0,0,2,1,0
5868030,2026-08-22,Valencia,Celta Vigo,323625,Arnaut Danjuma,FW,1,82,0,0,0,0,0,5.9,0.42,0.42,1,0.33,0.02,3,0,15,14,0,28,0,0,0,1,2,0,1,0
5868030,2026-08-22,Valencia,Celta Vigo,322095,Mouctar Diakhaby,Sub,0,50,0,0,0,0,0,6.6,0.0,0.0,0,0.0,0.0,0,0,31,26,0,41,0,2,1,0,0,4,0,0
5868030,2026-08-22,Valencia,Celta Vigo,431121,Aliou Dieng,Sub,0,27,0,0,0,0,0,6.0,0.0,0.0,0,0.0,0.0,0,0,7,6,0,11,0,0,0,0,2,1,0,0
5868030,2026-08-22,Valencia,Celta Vigo,297546,Umar Sadiq,Sub,0,39,0,0,0,0,0,6.0,0.0,0.0,0,0.0,0.0,0,0,6,5,0,10,0,0,1,0,1,0,1,0
5868030,2026-08-22,Valencia,Celta Vigo,294848,Pablo Maffeo,Sub,0,27,0,0,0,0,0,6.3,0.0,0.0,0,0.0,0.0,0,0,6,5,1,14,0,0,0,0,0,2,0,0
5868030,2026-08-22,Valencia,Celta Vigo,354526,Hugo Duro,Sub,0,13,0,0,0,0,0,6.0,0.0,0.0,0,0.0,0.0,0,0,1,1,0,2,0,0,0,0,1,0,0,0
5868030,2026-08-22,Celta Vigo,Valencia,296723,Ionut Radu,GK,1,95,0,0,1,0,0,7.0,0.0,0.0,0,0.0,0.0,0,0,22,15,0,30,0,0,1,0,0,2,0,2
5868030,2026-08-22,Celta Vigo,Valencia,508331,Javi Rodriguez,DC,1,95,0,0,0,0,0,7.0,0.03,0.03,0,0.0,0.0,1,1,84,80,0,93,2,1,0,0,1,4,0,0
5868030,2026-08-22,Celta Vigo,Valencia,528001,Yoel Lago,DC,1,95,0,0,0,0,0,7.3,0.0,0.0,0,0.0,0.0,0,0,63,60,0,75,1,3,1,0,2,5,0,0
5868030,2026-08-22,Celta Vigo,Valencia,84008,Marcos Alonso,DC,1,95,0,0,0,0,0,7.5,0.11,0.11,0,0.0,0.0,2,0,106,97,0,127,1,3,1,0,1,6,0,0
5868030,2026-08-22,Celta Vigo,Valencia,386622,Sergio Carreira,DMR,1,95,0,0,1,0,0,6.6,0.02,0.02,0,0.0,0.09,1,0,59,50,0,78,0,0,0,2,1,2,0,0
5868030,2026-08-22,Celta Vigo,Valencia,369497,Javi Galan,DML,1,63,0,0,0,0,0,6.5,0.0,0.0,0,0.0,0.0,0,0,23,22,1,45,0,1,0,0,1,2,0,0
5868030,2026-08-22,Celta Vigo,Valencia,462768,Miguel Roman,MC,1,95,0,0,0,0,0,6.6,0.0,0.0,0,0.0,0.19,0,0,85,77,2,94,0,0,1,0,1,1,0,0
5868030,2026-08-22,Celta Vigo,Valencia,381643,Aleix Febas,MC,1,76,0,0,0,0,0,6.8,0.02,0.02,0,0.0,0.0,1,1,64,61,0,73,2,0,0,0,5,1,0,0
5868030,2026-08-22,Celta Vigo,Valencia,441888,Jones El Abdellaoui,FWR,1,62,0,0,0,0,0,5.8,0.31,0.31,1,0.31,0.01,1,0,13,12,0,18,0,0,0,0,2,0,0,0
5868030,2026-08-22,Celta Vigo,Valencia,396158,Ferran Jutgla,FW,1,63,0,0,0,0,0,6.0,0.0,0.0,0,0.0,0.0,0,0,8,6,0,15,1,0,0,0,0,0,2,0
5868030,2026-08-22,Celta Vigo,Valencia,427001,Hugo Alvarez,FWL,1,56,0,0,0,0,0,6.1,0.0,0.0,0,0.0,0.02,0,0,27,23,1,33,1,0,0,0,0,0,2,0
5868030,2026-08-22,Celta Vigo,Valencia,409030,Ilaix Moriba,Sub,0,19,0,0,0,0,0,6.2,0.0,0.0,0,0.0,0.0,0,0,14,14,0,18,0,0,0,0,0,2,1,0
5868030,2026-08-22,Celta Vigo,Valencia,459082,Pablo Duran,Sub,0,32,0,0,0,0,0,6.3,0.05,0.05,0,0.0,0.0,1,1,5,4,0,7,1,0,0,0,0,0,0,0
5868030,2026-08-22,Celta Vigo,Valencia,463588,Javi Rueda,Sub,0,33,0,0,1,0,0,6.1,0.0,0.0,0,0.0,0.0,0,0,8,4,0,15,0,1,0,0,2,2,0,0
5868030,2026-08-22,Celta Vigo,Valencia,91242,Iago Aspas,Sub,0,32,0,0,0,0,0,6.1,0.0,0.0,0,0.0,0.01,0,0,24,18,1,24,0,0,0,0,0,0,0,0
5868030,2026-08-22,Celta Vigo,Valencia,444227,Williot Swedberg,Sub,0,39,0,0,0,0,0,6.2,0.0,0.0,0,0.0,0.05,0,0,10,8,1,18,1,0,0,0,1,0,1,0
5868031,2026-08-28,Deportivo Alavés,Villarreal,141044,Antonio Sivera,GK,1,95,0,0,1,0,0,7.8,0.0,0.0,0,0.0,0.0,0,0,25,15,0,40,0,0,0,0,0,1,0,6
5868031,2026-08-28,Deportivo Alavés,Villarreal,506205,Angel Perez,DR,1,70,0,1,0,0,0,7.8,0.07,0.07,0,0.0,0.37,2,0,7,5,1,27,3,2,0,2,0,2,0,0
5868031,2026-08-28,Deportivo Alavés,Villarreal,347874,Nahuel Tenaglia,DC,1,95,0,0,0,0,0,7.2,0.0,0.0,0,0.0,0.0,0,0,11,8,0,31,2,3,2,0,2,5,0,0
5868031,2026-08-28,Deportivo Alavés,Villarreal,424575,Ville Koski,DC,1,95,0,0,0,0,0,7.3,0.0,0.0,0,0.0,0.0,0,0,7,5,0,27,1,1,0,0,0,12,0,0
5868031,2026-08-28,Deportivo Alavés,Villarreal,115917,Jonny Otto,DC,1,95,0,0,0,0,0,7.4,0.02,0.02,0,0.0,0.0,1,0,22,19,0,42,4,1,0,0,0,9,0,0
5868031,2026-08-28,Deportivo Alavés,Villarreal,447835,Abde Rebbach,DL,1,70,0,0,1,0,0,6.6,0.0,0.0,0,0.0,0.0,0,0,24,17,0,45,5,1,1,1,1,1,0,0
5868031,2026-08-28,Deportivo Alavés,Villarreal,444254,Pablo Ibanez,MC,1,95,0,0,0,0,0,6.5,0.04,0.04,0,0.0,0.0,2,0,21,17,0,36,3,2,0,0,1,2,1,0
5868031,2026-08-28,Deportivo Alavés,Villarreal,409467,Antonio Blanco,MC,1,95,0,0,0,0,0,7.5,0.02,0.02,0,0.0,0.03,1,0,26,21,1,57,6,4,0,0,2,3,1,0
5868031,2026-08-28,Deportivo Alavés,Villarreal,546572,Mikel Rodriguez,MC,1,53,0,0,0,0,0,6.8,0.0,0.0,0,0.0,0.0,0,0,10,8,0,23,1,2,0,1,1,3,1,0
5868031,2026-08-28,Deportivo Alavés,Villarreal,303800,Lucas Boye,FW,1,81,1,0,0,0,0,7.5,0.49,0.49,0,0.0,0.0,3,2,11,9,0,35,5,0,4,0,4,1,2,0
5868031,2026-08-28,Deportivo Alavés,Villarreal,280060,Toni Martinez,FW,1,53,0,0,0,0,0,6.3,0.0,0.0,0,0.0,0.0,0,0,5,1,0,12,0,0,2,0,1,0,0,0
5868031,2026-08-28,Deportivo Alavés,Villarreal,519969,Youssef Enriquez,Sub,0,42,0,0,0,0,0,6.8,0.0,0.0,0,0.0,0.0,0,0,7,4,0,24,3,0,0,1,1,4,0,0
5868031,2026-08-28,Deportivo Alavés,Villarreal,323236,Mariano Diaz,Sub,0,42,0,0,1,0,0,6.2,0.0,0.0,0,0.0,0.02,0,0,7,5,0,11,0,0,2,1,1,1,0,0
5868031,2026-08-28,Deportivo Alavés,Villarreal,106525,Denis Suarez,Sub,0,25,0,0,0,0,0,6.4,0.0,0.0,0,0.0,0.04,0,0,8,5,2,15,0,0,0,1,0,0,1,0
5868031,2026-08-28,Deportivo Alavés,Villarreal,362393,Carlos Protesoni,Sub,0,25,0,0,0,0,0,6.2,0.0,0.0,0,0.0,0.0,0,0,5,4,1,7,0,0,1,0,0,1,1,0
5868031,2026-08-28,Deportivo Alavés,Villarreal,514695,Aitor Manas,Sub,0,14,0,0,0,0,0,6.2,0.0,0.0,0,0.0,0.0,0,0,0,0,0,5,0,1,1,0,1,1,0,0
5868031,2026-08-28,Villarreal,Deportivo Alavés,400826,Luiz Junior,GK,1,95,0,0,0,0,0,6.5,0.0,0.0,0,0.0,0.0,0,0,19,18,0,26,0,0,0,0,0,2,0,1
5868031,2026-08-28,Villarreal,Deportivo Alavés,448936,Santiago Mourino,DR,1,61,0,0,0,0,0,6.8,0.07,0.07,0,0.0,0.13,1,0,44,38,2,74,4,0,2,1,1,1,1,0
5868031,2026-08-28,Villarreal,Deportivo Alavés,335107,Juan Foyth,DC,1,95,0,0,0,0,0,7.8,0.2,0.2,0,0.0,0.0,4,1,88,83,0,107,6,2,4,0,1,4,1,0
5868031,2026-08-28,Villarreal,Deportivo Alavés,434077,Renato Veiga,DC,1,95,0,0,0,0,0,6.3,0.28,0.28,1,0.27,0.01,2,0,92,84,0,111,2,1,2,1,1,3,0,0
5868031,2026-08-28,Villarreal,Deportivo Alavés,468931,Carlos Romero,DL,1,95,0,0,0,0,0,6.5,0.08,0.08,0,0.0,0.04,1,0,57,52,1,80,1,0,2,0,0,2,0,0
5868031,2026-08-28,Villarreal,Deportivo Alavés,239872,Nicolas Pepe,MR,1,95,0,0,1,0,0,7.2,0.12,0.12,0,0.0,0.33,3,2,49,42,4,79,1,0,0,3,0,0,1,0
5868031,2026-08-28,Villarreal,Deportivo Alavés,399047,Pape Gueye,MC,1,95,0,0,0,0,0,6.2,0.0,0.0,0,0.0,0.05,0,0,85,68,3,99,1,3,1,0,2,0,0,0
5868031,2026-08-28,Villarreal,Deportivo Alavés,362735,Santi Comesana,MC,1,61,0,0,0,0,0,6.4,0.0,0.0,0,0.0,0.04,0,0,54,46,0,62,3,1,0,0,1,1,0,0
5868031,2026-08-28,Villarreal,Deportivo Alavés,371027,Tajon Buchanan,ML,1,62,0,0,0,0,0,6.5,0.03,0.03,0,0.0,0.1,1,1,24,22,1,47,3,0,1,1,1,1,3,0
5868031,2026-08-28,Villarreal,Deportivo Alavés,389020,Georges Mikautadze,FW,1,81,0,0,0,0,0,6.0,0.09,0.09,0,0.0,0.12,1,0,24,20,1,35,1,0,0,1,0,0,1,0
5868031,2026-08-28,Villarreal,Deportivo Alavés,97659,Gerard Moreno,FW,1,69,0,0,0,0,0,6.9,0.19,0.19,0,0.0,0.06,3,1,35,30,2,50,1,0,0,3,1,2,1,0
5868031,2026-08-28,Villarreal,Deportivo Alavés,445292,Tani Oluwaseyi,Sub,0,14,0,0,0,0,0,6.0,0.0,0.0,0,0.0,0.0,0,0,1,0,0,2,0,0,0,0,0,0,0,0
5868031,2026-08-28,Villarreal,Deportivo Alavés,448211,Alberto Moleiro,Sub,0,33,0,0,0,0,0,6.4,0.0,0.0,0,0.0,0.2,0,0,13,12,1,16,1,0,0,1,0,0,0,0
5868031,2026-08-28,Villarreal,Deportivo Alavés,428500,Ilias Akhomach,Sub,0,26,0,0,0,0,0,6.0,0.0,0.0,0,0.0,0.01,0,0,19,18,0,27,0,0,0,0,0,0,0,0
5868031,2026-08-28,Villarreal,Deportivo Alavés,135366,Ayoze Perez,Sub,0,34,0,0,0,0,0,6.2,0.18,0.18,0,0.0,0.01,3,1,12,10,0,18,0,0,0,0,0,0,0,0
5868031,2026-08-28,Villarreal,Deportivo Alavés,440159,Alex Freeman,Sub,0,34,0,0,0,0,0,6.4,0.0,0.0,0,0.0,0.03,0,0,33,30,1,46,2,0,0,0,0,0,0,0
5868032,2026-08-30,Celta Vigo,Athletic Club,296723,Ionut Radu,GK,1,92,0,0,0,0,0,6.9,0.0,0.0,0,0.0,0.0,0,0,46,38,0,57,0,0,0,0,0,3,0,5
5868032,2026-08-30,Celta Vigo,Athletic Club,498812,Abdoulaye Faye,DC,1,45,0,0,0,0,0,6.1,0.0,0.0,0,0.0,0.0,0,0,33,32,0,41,2,1,0,0,1,6,0,0
5868032,2026-08-30,Celta Vigo,Athletic Club,508331,Javi Rodriguez,DC,1,45,0,0,0,0,0,5.7,0.0,0.0,0,0.0,0.0,0,0,38,30,0,41,1,0,0,0,0,1,0,0
5868032,2026-08-30,Celta Vigo,Athletic Club,378626,Carl Starfelt,DC,1,92,0,0,0,0,0,6.6,0.27,0.27,1,0.27,0.0,1,0,82,81,0,98,5,2,1,0,0,5,0,0
5868032,2026-08-30,Celta Vigo,Athletic Club,509876,Alvaro Nunez,DMR,1,92,0,0,0,0,0,6.5,0.0,0.0,0,0.0,0.0,0,0,70,67,1,85,3,3,0,0,1,2,0,0
5868032,2026-08-30,Celta Vigo,Athletic Club,386622,Sergio Carreira,DML,1,92,0,0,0,0,0,5.8,0.06,0.06,0,0.0,0.0,1,0,37,26,1,47,0,0,0,0,1,1,0,0
5868032,2026-08-30,Celta Vigo,Athletic Club,409030,Ilaix Moriba,MC,1,45,0,0,0,0,0,5.9,0.0,0.0,0,0.0,0.0,0,0,22,21,0,27,0,1,0,0,0,2,0,0
5868032,2026-08-30,Celta Vigo,Athletic Club,381643,Aleix Febas,MC,1,92,0,0,0,0,0,5.3,0.0,0.0,0,0.0,0.0,0,0,44,39,0,56,4,0,0,0,0,0,0,0
5868032,2026-08-30,Celta Vigo,Athletic Club,444227,Williot Swedberg,FWR,1,56,0,0,0,0,0,5.9,0.72,0.72,2,0.65,0.02,3,2,10,6,0,21,0,0,0,0,1,1,0,0
5868032,2026-08-30,Celta Vigo,Athletic Club,427117,Hugo Gonzalez,FW,1,45,0,0,0,0,0,6.2,0.0,0.0,0,0.0,0.04,0,0,4,4,1,12,1,0,0,0,1,1,2,0
5868032,2026-08-30,Celta Vigo,Athletic Club,396158,Ferran Jutgla,FWL,1,92,0,0,0,0,0,6.5,0.03,0.03,0,0.0,0.12,1,0,13,12,1,29,1,0,2,0,1,1,0,0
5868032,2026-08-30,Celta Vigo,Athletic Club,528001,Yoel Lago,Sub,0,47,0,0,0,0,0,6.3,0.0,0.0,0,0.0,0.0,0,0,63,55,0,70,1,0,1,0,0,1,1,0
5868032,2026-08-30,Celta Vigo,Athletic Club,91242,Iago Aspas,Sub,0,47,0,0,0,0,0,6.3,0.03,0.03,0,0.0,0.08,1,0,19,16,1,26,0,0,1,1,0,0,1,0
5868032,2026-08-30,Celta Vigo,Athletic Club,427001,Hugo Alvarez,Sub,0,36,0,0,0,0,0,5.9,0.0,0.0,0,0.0,0.01,0,0,18,13,0,24,0,0,0,0,2,0,1,0
5868032,2026-08-30,Celta Vigo,Athletic Club,462768,Miguel Roman,Sub,0,47,0,0,0,0,0,6.7,0.0,0.0,0,0.0,0.09,0,0,42,37,2,50,2,0,0,1,0,0,0,0
5868032,2026-08-30,Celta Vigo,Athletic Club,463588,Javi Rueda,Sub,0,47,0,0,0,0,0,6.3,0.01,0.01,0,0.0,0.01,1,0,33,27,0,49,2,0,1,0,0,1,0,0
5868032,2026-08-30,Athletic Club,Celta Vigo,332823,Unai Simon,GK,1,92,0,0,0,0,0,7.4,0.0,0.0,0,0.0,0.0,0,0,32,22,0,44,0,0,1,1,0,0,0,2
5868032,2026-08-30,Athletic Club,Celta Vigo,422820,Jesus Areso,DR,1,85,0,0,0,0,0,7.0,0.0,0.0,0,0.0,0.16,0,0,29,24,2,47,0,0,0,0,0,2,0,0
5868032,2026-08-30,Athletic Club,Celta Vigo,402663,Aitor Paredes,DC,1,92,0,0,0,0,0,7.3,0.0,0.0,0,0.0,0.0,0,0,58,49,0,69,1,1,3,0,3,7,0,0
5868032,2026-08-30,Athletic Club,Celta Vigo,122117,Aymeric Laporte,DC,1,92,0,0,0,0,0,6.9,0.4,0.4,1,0.35,0.0,2,0,71,69,0,85,2,0,3,0,0,7,0,0
5868032,2026-08-30,Athletic Club,Celta Vigo,56057,Yuri Berchiche,DL,1,92,0,0,1,0,0,7.3,0.06,0.06,0,0.0,0.16,3,0,64,61,3,87,2,3,0,1,1,1,0,0
5868032,2026-08-30,Athletic Club,Celta Vigo,106586,Inigo Ruiz de Galarreta,DMC,1,64,0,1,0,0,0,7.8,0.02,0.02,0,0.0,0.48,1,0,44,41,3,52,1,1,1,0,4,1,1,0
5868032,2026-08-30,Athletic Club,Celta Vigo,536243,Benat Gerenabarrena,DMC,1,92,0,0,1,0,0,7.1,0.0,0.0,0,0.0,0.0,0,0,47,44,0,61,3,2,2,0,2,1,1,0
5868032,2026-08-30,Athletic Club,Celta Vigo,400237,Robert Navarro,AMR,1,73,1,0,1,0,0,7.4,0.47,0.47,0,0.0,0.02,2,2,34,31,0,45,0,0,0,1,1,0,0,0
5868032,2026-08-30,Athletic Club,Celta Vigo,381510,Oihan Sancet,AMC,1,64,0,0,0,0,0,6.5,0.65,0.65,1,0.49,0.05,3,2,24,19,0,36,0,0,0,1,1,0,3,0
5868032,2026-08-30,Athletic Club,Celta Vigo,238899,Alex Berenguer,AML,1,92,1,0,0,0,0,8.2,0.13,0.13,0,0.0,0.27,2,1,37,29,4,63,1,1,2,1,1,1,2,0
5868032,2026-08-30,Athletic Club,Celta Vigo,255182,Inaki Williams,FW,1,64,0,0,0,0,0,6.8,0.49,0.49,1,0.42,0.03,2,2,13,8,1,25,0,0,2,0,0,0,1,0
5868032,2026-08-30,Athletic Club,Celta Vigo,431668,Johaneko Louis-Jean,Sub,0,7,0,0,0,0,0,6.1,0.0,0.0,0,0.0,0.0,0,0,1,0,0,2,0,0,0,0,0,1,0,0
5868032,2026-08-30,Athletic Club,Celta Vigo,362602,Gorka Guruzeta,Sub,0,28,0,0,0,0,0,6.2,0.0,0.0,0,0.0,0.2,0,0,5,3,1,8,0,0,0,0,3,0,0,0
5868032,2026-08-30,Athletic Club,Celta Vigo,408449,Nico Williams,Sub,0,19,0,0,0,0,0,6.1,0.4,0.4,1,0.33,0.0,2,0,3,3,0,14,2,1,0,0,0,0,0,0
5868032,2026-08-30,Athletic Club,Celta Vigo,511120,Mikel Jauregizar,Sub,0,28,0,0,0,0,0,6.3,0.0,0.0,0,0.0,0.0,0,0,15,12,0,21,1,2,0,0,1,0,0,0
5868032,2026-08-30,Athletic Club,Celta Vigo,536242,Peio Canales,Sub,0,28,0,0,0,0,0,6.2,0.0,0.0,0,0.0,0.0,0,0,12,11,0,16,0,0,0,0,0,1,0,0
5868033,2026-08-30,Deportivo A Coruña,Valencia,423420,Leo Roman,GK,1,93,0,0,0,0,0,6.5,0.0,0.0,0,0.0,0.0,0,0,37,24,0,43,0,0,0,0,0,0,0,3
5868033,2026-08-30,Deportivo A Coruña,Valencia,100881,Ximo Navarro,DR,1,82,0,0,0,0,0,6.5,0.05,0.05,0,0.0,0.0,2,0,36,31,0,53,0,2,1,0,0,1,0,0
5868033,2026-08-30,Deportivo A Coruña,Valencia,431768,Lucas Noubi,DC,1,93,0,0,0,0,0,7.0,0.0,0.0,0,0.0,0.0,0,0,46,39,0,58,0,3,2,1,0,7,0,0
5868033,2026-08-30,Deportivo A Coruña,Valencia,631884,Bright Ede,DC,1,93,0,0,0,0,0,6.1,0.0,0.0,0,0.0,0.0,0,0,57,52,0,71,2,1,1,0,0,8,0,0
5868033,2026-08-30,Deportivo A Coruña,Valencia,393081,Giacomo Quagliata,DL,1,93,0,0,0,0,0,6.8,0.0,0.0,0,0.0,0.55,0,0,36,28,2,55,1,2,0,1,1,1,0,0
5868033,2026-08-30,Deportivo A Coruña,Valencia,428620,Luismi Cruz,MR,1,72,0,0,0,0,0,6.5,0.0,0.0,0,0.0,0.01,0,0,34,31,1,46,5,0,1,1,4,0,0,0
5868033,2026-08-30,Deportivo A Coruña,Valencia,470032,Lorenzo Amatucci,MC,1,93,0,0,0,0,0,7.8,0.0,0.0,0,0.0,0.0,0,0,52,45,0,74,4,2,4,1,1,7,1,0
5868033,2026-08-30,Deportivo A Coruña,Valencia,409130,Mario Soriano,MC,1,72,0,1,0,0,0,7.4,0.02,0.02,0,0.0,0.22,1,0,57,55,2,66,1,1,0,0,0,0,1,0
5868033,2026-08-30,Deportivo A Coruña,Valencia,448450,Riki Rodriguez,ML,1,63,0,0,0,0,0,6.3,0.0,0.0,0,0.0,0.01,0,0,38,31,0,44,0,1,0,0,1,1,1,0
5868033,2026-08-30,Deportivo A Coruña,Valencia,44120,Pierre-Emerick Aubameyang,FW,1,93,1,0,0,0,0,7.8,0.75,0.75,1,0.09,0.05,5,3,21,18,1,35,1,0,2,1,0,1,1,0
5868033,2026-08-30,Deportivo A Coruña,Valencia,598590,Bil Nsongo,FW,1,82,0,0,0,0,0,7.4,0.17,0.17,0,0.0,0.01,2,0,25,18,2,54,2,0,4,1,3,1,6,0
5868033,2026-08-30,Deportivo A Coruña,Valencia,513251,Teun Gijselhart,Sub,0,30,0,0,0,0,0,6.2,0.0,0.0,0,0.0,0.0,0,0,4,2,1,8,2,0,0,0,1,2,0,0
5868033,2026-08-30,Deportivo A Coruña,Valencia,448041,Adria Alti,Sub,0,21,0,0,2,1,0,5.3,0.0,0.0,0,0.0,0.0,0,0,2,2,0,12,3,1,0,1,1,2,0,0
5868033,2026-08-30,Deportivo A Coruña,Valencia,448011,Yeremay Hernandez,Sub,0,21,0,0,0,0,0,6.3,0.0,0.0,0,0.0,0.0,0,0,5,2,0,9,2,0,0,0,0,1,0,0
5868033,2026-08-30,Deportivo A Coruña,Valencia,448273,Miguel Loureiro,Sub,0,11,0,0,0,0,0,6.2,0.0,0.0,0,0.0,0.0,0,0,3,0,0,8,1,0,0,0,1,2,0,0
5868033,2026-08-30,Deportivo A Coruña,Valencia,527113,Jonathan Asp Jensen,Sub,0,11,0,0,0,0,0,6.2,0.04,0.04,0,0.0,0.0,1,1,1,1,0,2,0,0,0,0,1,0,0,0
5868033,2026-08-30,Valencia,Deportivo A Coruña,141499,Stole Dimitrievski,GK,1,93,0,0,0,0,0,6.0,0.0,0.0,0,0.0,0.0,0,0,34,21,0,42,0,0,0,0,0,1,0,3
5868033,2026-08-30,Valencia,Deportivo A Coruña,381713,Luis Rioja,DR,1,59,0,0,0,0,0,5.8,0.0,0.0,0,0.0,0.0,0,0,21,16,1,29,0,0,0,0,0,1,0,0
5868033,2026-08-30,Valencia,Deportivo A Coruña,322095,Mouctar Diakhaby,DC,1,93,0,0,1,0,0,6.0,0.0,0.0,0,0.0,0.0,0,0,65,55,0,81,3,1,4,0,1,7,0,0
5868033,2026-08-30,Valencia,Deportivo A Coruña,444239,Arnau Martinez,DC,1,81,0,0,0,0,0,5.7,0.0,0.0,0,0.0,0.0,0,0,63,59,0,80,1,0,0,0,0,0,0,0
5868033,2026-08-30,Valencia,Deportivo A Coruña,427831,Cesar Tarrega,DC,1,93,0,0,0,0,0,5.5,0.02,0.02,0,0.0,0.0,1,0,64,57,0,80,3,0,0,0,1,6,0,0
5868033,2026-08-30,Valencia,Deportivo A Coruña,408732,Jesus Vazquez,DL,1,93,0,0,0,0,0,6.2,0.0,0.0,0,0.0,0.0,0,0,44,39,0,72,3,0,1,2,1,0,2,0
5868033,2026-08-30,Valencia,Deportivo A Coruña,562981,Ryunosuke Sato,MR,1,59,0,0,0,0,0,5.5,0.05,0.05,0,0.0,0.0,1,0,23,19,0,29,3,0,1,0,0,0,0,0
5868033,2026-08-30,Valencia,Deportivo A Coruña,302889,Pepelu,MC,1,65,0,0,0,0,0,6.1,0.0,0.0,0,0.0,0.08,0,0,48,43,1,53,2,0,1,0,0,1,0,0
5868033,2026-08-30,Valencia,Deportivo A Coruña,379684,Filip Ugrinic,MC,1,93,0,0,0,0,0,6.9,0.16,0.16,0,0.0,0.02,3,1,71,67,1,95,6,1,0,1,1,0,2,0
5868033,2026-08-30,Valencia,Deportivo A Coruña,431507,Javi Guerra,ML,1,59,0,0,0,0,0,5.8,0.12,0.12,0,0.0,0.0,2,0,27,22,0,40,1,1,0,0,0,0,3,0
5868033,2026-08-30,Valencia,Deportivo A Coruña,297546,Umar Sadiq,FW,1,93,1,0,0,0,0,7.4,0.66,0.66,0,0.0,0.01,2,2,13,11,1,29,2,0,4,1,0,1,2,0
5868033,2026-08-30,Valencia,Deportivo A Coruña,431121,Aliou Dieng,Sub,0,28,0,0,0,0,0,6.1,0.0,0.0,0,0.0,0.01,0,0,28,25,0,32,1,0,0,0,1,0,0,0
5868033,2026-08-30,Valencia,Deportivo A Coruña,323625,Arnaut Danjuma,Sub,0,34,0,0,0,0,0,6.4,0.03,0.03,0,0.0,0.16,2,1,12,8,1,28,1,0,0,1,0,0,1,0
5868033,2026-08-30,Valencia,Deportivo A Coruña,510999,David Otorbi,Sub,0,34,0,0,0,0,0,6.2,0.0,0.0,0,0.0,0.17,0,0,21,19,1,31,0,0,0,0,0,0,0,0
5868033,2026-08-30,Valencia,Deportivo A Coruña,354526,Hugo Duro,Sub,0,34,0,0,0,0,0,6.1,0.0,0.0,0,0.0,0.01,0,0,12,11,0,15,0,0,1,0,0,1,0,0
5868033,2026-08-30,Valencia,Deportivo A Coruña,334221,Dani Raba,Sub,0,12,0,0,0,0,0,6.3,0.02,0.02,0,0.0,0.0,1,0,9,6,1,16,0,0,0,1,0,0,0,0
5868034,2026-08-31,Barcelona,Rayo Vallecano,422824,Joan Garcia,GK,1,94,0,0,0,0,0,6.3,0.0,0.0,0,0.0,0.0,0,0,29,24,0,42,0,0,0,0,0,0,0,3
5868034,2026-08-31,Barcelona,Rayo Vallecano,301019,Jules Kounde,DR,1,94,0,0,0,0,0,6.4,0.0,0.0,0,0.0,0.01,0,0,72,66,1,100,1,0,2,2,1,4,1,0
5868034,2026-08-31,Barcelona,Rayo Vallecano,130331,Andreas Christensen,DC,1,94,0,0,0,0,0,6.7,0.33,0.33,1,0.33,0.08,1,0,72,70,0,87,2,2,1,0,1,2,0,0
5868034,2026-08-31,Barcelona,Rayo Vallecano,498386,Pau Cubarsi,DC,1,94,0,0,0,0,0,7.0,0.04,0.04,0,0.0,0.01,1,0,110,100,0,122,2,1,3,0,1,6,0,0
5868034,2026-08-31,Barcelona,Rayo Vallecano,591617,Xavi Espart,DL,1,94,0,0,0,0,0,7.4,0.02,0.02,0,0.0,0.12,1,0,66,61,2,89,2,2,0,3,0,2,1,0
5868034,2026-08-31,Barcelona,Rayo Vallecano,402197,Pedri,DMC,1,76,0,0,0,0,0,6.5,0.08,0.08,0,0.0,0.03,2,0,72,68,2,88,2,0,0,1,0,0,4,0
5868034,2026-08-31,Barcelona,Rayo Vallecano,534796,Marc Bernal,DMC,1,63,0,1,0,0,0,8.1,0.07,0.07,0,0.0,0.02,2,1,46,41,2,63,5,1,2,3,1,1,0,0
5868034,2026-08-31,Barcelona,Rayo Vallecano,480249,Lamine Yamal,AMR,1,94,2,0,0,0,0,10.0,0.44,0.44,1,0.2,0.5,6,2,40,30,7,80,3,1,0,8,0,1,0,0
5868034,2026-08-31,Barcelona,Rayo Vallecano,261212,Dani Olmo,AMC,1,63,0,0,0,0,0,7.0,0.07,0.07,0,0.0,0.48,2,0,37,30,2,50,2,0,0,1,0,0,1,0
5868034,2026-08-31,Barcelona,Rayo Vallecano,349669,Anthony Gordon,AML,1,76,0,1,0,0,0,7.9,0.23,0.23,0,0.0,0.21,4,2,23,18,1,39,0,0,0,4,0,0,2,0
5868034,2026-08-31,Barcelona,Rayo Vallecano,300447,Raphinha,FW,1,85,2,0,0,0,0,9.3,1.26,1.26,1,0.42,0.23,4,3,27,25,3,46,2,0,0,4,0,0,0,0
5868034,2026-08-31,Barcelona,Rayo Vallecano,392646,Karim Adeyemi,Sub,0,18,0,1,0,0,0,6.7,0.34,0.34,1,0.34,0.03,1,1,2,2,1,5,1,0,1,0,0,0,0,0
5868034,2026-08-31,Barcelona,Rayo Vallecano,128967,Joao Cancelo,Sub,0,18,0,0,0,0,0,6.1,0.02,0.02,0,0.0,0.0,1,0,7,7,0,10,1,0,0,0,0,0,0,0
5868034,2026-08-31,Barcelona,Rayo Vallecano,303139,Rodri,Sub,0,31,0,0,0,0,0,6.6,0.0,0.0,0,0.0,0.0,0,0,31,31,0,38,2,1,0,0,0,1,0,0
5868034,2026-08-31,Barcelona,Rayo Vallecano,463838,Fermin Lopez,Sub,0,31,0,0,0,0,0,6.7,0.42,0.42,1,0.42,0.05,1,0,14,12,1,21,2,0,0,0,0,0,1,0
5868034,2026-08-31,Barcelona,Rayo Vallecano,559489,Hamza Abdelkarim,Sub,0,9,0,0,0,0,0,6.2,0.0,0.0,0,0.0,0.0,0,0,0,0,0,4,0,0,0,0,0,1,0,0
5868034,2026-08-31,Rayo Vallecano,Barcelona,386261,Dani Cardenas,GK,1,94,0,0,0,0,0,6.3,0.0,0.0,0,0.0,0.0,0,0,31,13,0,50,0,0,0,0,0,2,0,5
5868034,2026-08-31,Rayo Vallecano,Barcelona,101613,Ivan Balliu,DR,1,94,0,0,0,0,0,5.8,0.0,0.0,0,0.0,0.0,0,0,20,16,0,46,5,1,1,0,1,4,0,0
5868034,2026-08-31,Rayo Vallecano,Barcelona,80758,Florian Lejeune,DC,1,94,0,0,0,0,0,5.9,0.07,0.07,0,0.0,0.01,3,0,42,38,0,63,5,2,3,1,1,6,0,0
5868034,2026-08-31,Rayo Vallecano,Barcelona,422963,Pathe Ciss,DC,1,94,0,0,0,0,0,6.1,0.0,0.0,0,0.0,0.0,0,0,32,29,0,46,2,2,0,1,0,7,0,0
5868034,2026-08-31,Rayo Vallecano,Barcelona,505924,Jozhua Vertrouwd,DL,1,31,0,0,0,0,0,6.0,0.0,0.0,0,0.0,0.0,0,0,7,7,0,14,2,0,0,0,2,0,0,0
5868034,2026-08-31,Rayo Vallecano,Barcelona,422958,Oscar Valentin,DMC,1,94,0,0,0,0,0,6.4,0.0,0.0,0,0.0,0.0,0,0,23,17,0,43,9,2,1,1,3,4,1,0
5868034,2026-08-31,Rayo Vallecano,Barcelona,641813,Gnangoro,DMC,1,56,0,0,0,0,0,6.1,0.04,0.04,0,0.0,0.0,1,1,16,13,0,24,2,1,0,1,0,0,1,0
5868034,2026-08-31,Rayo Vallecano,Barcelona,386230,Jorge de Frutos,AMR,1,56,0,0,0,0,0,5.9,0.0,0.0,0,0.0,0.0,0,0,6,4,0,14,7,0,2,0,0,0,0,0
5868034,2026-08-31,Rayo Vallecano,Barcelona,236575,Unai Lopez,AMC,1,74,0,1,0,0,0,7.0,0.0,0.0,0,0.0,0.08,0,0,23,20,1,36,6,0,0,0,0,0,2,0
5868034,2026-08-31,Rayo Vallecano,Barcelona,135345,Alvaro Garcia,AML,1,94,0,1,0,0,0,6.6,0.0,0.0,0,0.0,0.24,0,0,23,15,1,37,1,1,0,1,0,1,0,0
5868034,2026-08-31,Rayo Vallecano,Barcelona,372469,Sergio Camello,FW,1,74,2,0,0,0,0,7.7,1.22,1.22,1,0.42,0.0,4,2,20,8,1,35,4,0,2,0,0,0,3,0
5868034,2026-08-31,Rayo Vallecano,Barcelona,436617,Alemao,Sub,0,20,0,0,0,0,0,6.0,0.03,0.03,0,0.0,0.01,1,1,6,4,0,10,0,0,0,0,0,0,2,0
5868034,2026-08-31,Rayo Vallecano,Barcelona,422960,Randy Nteka,Sub,0,20,0,0,0,0,0,6.0,0.34,0.34,1,0.34,0.0,1,1,2,2,0,7,1,0,0,0,0,0,0,0
5868034,2026-08-31,Rayo Vallecano,Barcelona,363966,Adria Pedrosa,Sub,0,63,0,0,1,0,0,6.6,0.0,0.0,0,0.0,0.13,0,0,19,16,2,36,3,0,0,2,2,0,1,0
5868034,2026-08-31,Rayo Vallecano,Barcelona,444265,Fran Perez,Sub,0,38,0,0,0,0,0,6.3,0.03,0.03,0,0.0,0.09,1,0,11,7,0,17,0,0,0,3,1,0,0,0
5868034,2026-08-31,Rayo Vallecano,Barcelona,448514,Pedro Diaz,Sub,0,38,0,0,0,0,0,6.5,0.0,0.0,0,0.0,0.06,0,0,5,3,3,14,2,0,0,2,1,0,1,0
5868035,2026-08-29,Levante,Real Betis,81523,Mathew Ryan,GK,1,97,0,0,0,0,0,7.3,0.0,0.0,0,0.0,0.0,0,0,39,32,0,57,0,0,0,0,0,1,0,4
5868035,2026-08-29,Levante,Real Betis,578266,Nacho Perez,DR,1,45,0,0,0,0,0,6.2,0.0,0.0,0,0.0,0.0,0,0,20,15,0,30,0,0,2,0,1,6,0,0
5868035,2026-08-29,Levante,Real Betis,90115,Aissa Mandi,DC,1,97,0,0,0,0,0,7.2,0.0,0.0,0,0.0,0.0,0,0,46,45,0,64,1,1,2,1,0,10,0,0
5868035,2026-08-29,Levante,Real Betis,383780,Adrian de la Fuente,DC,1,97,1,0,0,0,0,7.6,0.37,0.37,0,0.0,0.27,3,1,61,48,1,80,1,1,0,0,0,8,0,0
5868035,2026-08-29,Levante,Real Betis,374813,Manu Sanchez,DL,1,97,0,0,0,0,0,6.7,0.0,0.0,0,0.0,0.0,0,0,27,23,0,48,6,2,1,0,2,5,0,0
5868035,2026-08-29,Levante,Real Betis,362623,Oriol Rey,DMC,1,97,0,0,0,0,0,6.6,0.0,0.0,0,0.0,0.0,0,0,42,38,1,56,2,1,1,0,1,2,0,0
5868035,2026-08-29,Levante,Real Betis,448231,Roger Brugue,MR,1,83,2,0,0,0,0,8.2,0.75,0.75,0,0.0,0.12,4,2,11,8,1,25,3,0,2,0,0,0,0,0
5868035,2026-08-29,Levante,Real Betis,467181,Enzo Bardeli,MC,1,64,1,1,0,0,0,7.9,0.02,0.02,0,0.0,0.08,1,1,27,25,3,35,2,0,0,0,2,0,1,0
5868035,2026-08-29,Levante,Real Betis,413346,Jon Ander Olasagasti,MC,1,97,1,1,0,0,0,8.6,0.36,0.36,0,0.0,0.18,2,2,36,26,4,54,4,3,0,0,0,0,1,0
5868035,2026-08-29,Levante,Real Betis,446729,Thiago Fernandez,ML,1,71,0,0,0,0,0,6.7,0.02,0.02,0,0.0,0.22,1,0,21,19,1,37,1,1,0,2,0,1,3,0
5868035,2026-08-29,Levante,Real Betis,407567,Ivan Romero,FW,1,71,0,0,0,0,0,7.2,0.93,0.93,2,0.66,0.0,6,2,12,10,0,26,1,0,0,2,1,0,1,0
5868035,2026-08-29,Levante,Real Betis,445095,Karl Etta Eyong,Sub,0,26,0,1,0,0,0,7.1,0.04,0.04,0,0.0,0.2,1,1,6,3,1,15,1,0,2,0,0,0,2,0
5868035,2026-08-29,Levante,Real Betis,129620,Jeremy Toljan,Sub,0,52,0,0,1,0,0,6.7,0.0,0.0,0,0.0,0.0,0,0,10,9,0,24,0,1,1,1,1,4,0,0
5868035,2026-08-29,Levante,Real Betis,395708,Victor Garcia,Sub,0,26,0,0,0,0,0,6.4,0.0,0.0,0,0.0,0.0,0,0,7,4,0,14,1,1,0,0,1,1,0,0
5868035,2026-08-29,Levante,Real Betis,415345,Hugo Sotelo,Sub,0,33,0,0,0,0,0,6.7,0.0,0.0,0,0.0,0.0,0,0,11,10,0,19,2,1,0,0,0,1,1,0
5868035,2026-08-29,Levante,Real Betis,541854,Paco Cortes,Sub,0,14,0,0,0,0,0,6.3,0.05,0.05,0,0.0,0.0,1,1,2,2,0,3,0,0,0,0,0,0,0,0
5868035,2026-08-29,Real Betis,Levante,448208,Alvaro Valles,GK,1,97,0,0,0,0,0,6.0,0.0,0.0,0,0.0,0.0,0,0,27,19,0,38,1,0,1,0,0,0,0,4
5868035,2026-08-29,Real Betis,Levante,125211,Hector Bellerin,DR,1,97,0,0,0,0,0,5.3,0.0,0.0,0,0.0,0.06,0,0,49,38,2,65,1,0,1,1,0,4,0,0
5868035,2026-08-29,Real Betis,Levante,402206,Natan,DC,1,97,0,0,0,0,0,6.5,0.02,0.02,0,0.0,0.0,1,0,72,66,1,90,2,0,3,1,0,11,0,0
5868035,2026-08-29,Real Betis,Levante,83686,Marc Bartra,DC,1,97,1,0,0,0,0,8.6,0.13,0.13,0,0.0,0.0,2,1,61,53,0,87,4,2,4,0,0,13,0,0
5868035,2026-08-29,Real Betis,Levante,422957,Fran Garcia,DL,1,97,0,0,0,0,0,5.9,0.0,0.0,0,0.0,0.15,0,0,57,50,1,81,0,1,1,1,0,2,0,0
5868035,2026-08-29,Real Betis,Levante,323148,Marc Roca,DMC,1,66,0,0,0,0,0,6.8,0.04,0.04,0,0.0,0.28,1,0,42,40,2,47,3,0,2,0,0,0,0,0
5868035,2026-08-29,Real Betis,Levante,512611,Facundo Bernal,DMC,1,73,0,0,0,0,0,6.3,0.07,0.07,0,0.0,0.02,2,1,36,33,1,45,1,1,1,1,0,0,0,0
5868035,2026-08-29,Real Betis,Levante,364315,Antony,AMR,1,97,0,0,0,0,0,7.0,0.27,0.27,0,0.0,0.09,6,2,48,41,1,77,3,0,1,5,2,0,1,0
5868035,2026-08-29,Real Betis,Levante,82989,Isco,AMC,1,56,0,0,0,0,0,6.3,0.0,0.0,0,0.0,0.24,0,0,47,41,4,56,0,0,0,0,0,0,0,0
5868035,2026-08-29,Real Betis,Levante,382631,Rodrigo Riquelme,AML,1,66,1,0,0,0,0,7.7,0.51,0.51,0,0.0,0.03,3,2,36,32,1,54,2,3,1,0,1,1,1,0
5868035,2026-08-29,Real Betis,Levante,384064,Troy Parrott,FW,1,56,0,0,0,0,0,6.2,0.37,0.37,1,0.34,0.06,2,0,12,10,1,21,2,0,0,0,1,0,3,0
5868035,2026-08-29,Real Betis,Levante,432475,Nelson Deossa,Sub,0,31,0,0,0,0,0,6.5,0.03,0.03,0,0.0,0.0,1,0,19,14,0,25,2,0,4,1,1,0,1,0
5868035,2026-08-29,Real Betis,Levante,427283,Abde Ezzalzouli,Sub,0,24,0,0,0,0,0,6.0,0.0,0.0,0,0.0,0.0,0,0,13,13,0,22,0,0,0,1,0,0,1,0
5868035,2026-08-29,Real Betis,Levante,297203,Pablo Fornals,Sub,0,41,0,0,0,0,0,6.1,0.04,0.04,0,0.0,0.0,1,0,35,28,0,47,2,0,1,1,0,1,0,0
5868035,2026-08-29,Real Betis,Levante,362501,Cucho Hernandez,Sub,0,41,0,0,0,0,0,6.1,0.0,0.0,0,0.0,0.01,0,0,13,12,0,17,1,0,1,1,0,0,0,0
5868035,2026-08-29,Real Betis,Levante,551186,Pablo Garcia,Sub,0,31,0,0,1,0,0,5.8,0.05,0.05,0,0.0,0.0,1,0,6,5,1,10,0,0,1,0,2,0,2,0
5868036,2026-08-31,Osasuna,Getafe,381674,Sergio Herrera,GK,1,94,0,0,1,0,0,7.3,0.0,0.0,0,0.0,0.0,0,0,20,15,1,28,0,0,1,0,0,2,0,1
5868036,2026-08-31,Osasuna,Getafe,517618,Inigo Arguibide,DR,1,94,0,0,0,0,0,6.9,0.02,0.02,0,0.0,0.13,1,0,32,25,1,56,2,0,0,1,1,2,2,0
5868036,2026-08-31,Osasuna,Getafe,374638,Alejandro Catena,DC,1,94,0,0,0,0,0,7.3,0.0,0.0,0,0.0,0.0,0,0,58,46,0,68,2,0,2,1,0,4,1,0
5868036,2026-08-31,Osasuna,Getafe,444253,Jorge Herrando,DC,1,38,0,0,1,0,0,6.5,0.0,0.0,0,0.0,0.0,0,0,30,27,0,35,1,0,0,0,0,3,0,0
5868036,2026-08-31,Osasuna,Getafe,461771,Abel Bretones,DL,1,94,0,0,0,0,0,7.0,0.03,0.03,0,0.0,0.0,1,0,18,13,0,42,4,1,1,0,1,0,1,0
5868036,2026-08-31,Osasuna,Getafe,474267,Iker Munoz,DMC,1,70,0,0,1,0,0,6.6,0.0,0.0,0,0.0,0.04,0,0,33,23,0,47,1,2,1,0,3,4,0,0
5868036,2026-08-31,Osasuna,Getafe,381673,Jon Moncayola,DMC,1,94,0,0,0,0,0,6.9,0.04,0.04,0,0.0,0.03,1,0,42,38,0,59,3,3,0,0,2,1,0,0
5868036,2026-08-31,Osasuna,Getafe,119189,Ruben Garcia,AMR,1,45,0,0,0,0,0,6.5,0.0,0.0,0,0.0,0.0,0,0,17,12,1,26,1,0,1,0,1,2,1,0
5868036,2026-08-31,Osasuna,Getafe,395321,Aimar Oroz,AMC,1,70,0,0,0,0,0,6.3,0.06,0.06,0,0.0,0.0,1,0,24,18,1,39,1,0,0,0,1,0,1,0
5868036,2026-08-31,Osasuna,Getafe,101238,Moi Gomez,AML,1,76,0,0,0,0,0,6.5,0.0,0.0,0,0.0,0.01,0,0,38,35,1,49,2,0,0,0,0,1,0,0
5868036,2026-08-31,Osasuna,Getafe,98126,Ante Budimir,FW,1,94,1,0,0,0,1,7.0,0.8,0.0,0,0.0,0.08,1,1,17,10,1,34,2,0,2,0,3,0,1,0
5868036,2026-08-31,Osasuna,Getafe,447853,Jonathan Dubasin,Sub,0,49,0,0,0,0,0,5.9,0.51,0.51,2,0.51,0.01,2,1,18,11,0,28,0,0,1,0,1,0,1,0
5868036,2026-08-31,Osasuna,Getafe,447842,Enzo Boyomo,Sub,0,56,0,0,0,0,0,6.6,0.0,0.0,0,0.0,0.0,0,0,11,8,0,21,2,0,1,0,2,3,1,0
5868036,2026-08-31,Osasuna,Getafe,249960,Lucas Torro,Sub,0,24,0,0,0,0,0,6.1,0.0,0.0,0,0.0,0.0,0,0,13,11,0,17,2,0,0,0,0,0,0,0
5868036,2026-08-31,Osasuna,Getafe,336251,Kike Barja,Sub,0,18,0,0,1,0,0,6.3,0.06,0.06,0,0.0,0.0,1,0,4,2,0,11,1,0,0,1,1,2,0,0
5868036,2026-08-31,Osasuna,Getafe,383924,Raul Garcia,Sub,0,24,0,0,1,0,0,6.1,0.13,0.13,0,0.0,0.0,2,0,7,5,0,11,0,0,2,0,1,0,0,0
5868036,2026-08-31,Getafe,Osasuna,243262,David Soria,GK,1,94,0,0,0,0,0,5.9,0.0,0.0,0,0.0,0.02,0,0,32,17,0,39,0,0,0,0,0,2,0,1
5868036,2026-08-31,Getafe,Osasuna,75919,Kiko Femenia,DR,1,94,0,0,0,0,0,6.8,0.0,0.0,0,0.0,0.16,0,0,63,60,1,82,2,0,2,0,1,2,1,0
5868036,2026-08-31,Getafe,Osasuna,332990,Djene Dakonam,DC,1,94,0,0,1,0,0,5.8,0.0,0.0,0,0.0,0.0,0,0,51,44,0,58,2,2,0,0,3,2,0,0
5868036,2026-08-31,Getafe,Osasuna,389191,Zaid Romero,DC,1,94,0,0,0,0,0,6.8,0.0,0.0,0,0.0,0.01,0,0,56,47,0,76,4,1,5,1,0,5,0,0
5868036,2026-08-31,Getafe,Osasuna,135098,Johan Mojica,DL,1,94,0,0,1,0,0,6.3,0.04,0.04,0,0.0,0.02,1,0,44,32,1,84,1,0,3,0,2,4,1,0
5868036,2026-08-31,Getafe,Osasuna,469329,Andres Garcia,MR,1,64,0,0,0,0,0,6.3,0.04,0.04,0,0.0,0.05,1,0,24,22,1,44,2,0,0,0,0,1,1,0
5868036,2026-08-31,Getafe,Osasuna,344073,Orel Mangala,MC,1,94,0,0,1,0,0,6.1,0.04,0.04,0,0.0,0.01,1,0,47,45,1,56,0,0,0,1,2,0,2,0
5868036,2026-08-31,Getafe,Osasuna,424675,Francho Serrano,MC,1,75,0,0,0,0,0,6.1,0.0,0.0,0,0.0,0.0,0,0,35,28,0,42,1,1,0,0,0,1,2,0
5868036,2026-08-31,Getafe,Osasuna,444244,Ramon Terrats,ML,1,94,0,0,0,0,0,6.6,0.33,0.33,1,0.25,0.21,4,1,36,28,1,61,3,1,3,0,2,0,0,0
5868036,2026-08-31,Getafe,Osasuna,134695,Enes Unal,FW,1,94,0,0,1,0,0,6.1,0.0,0.0,0,0.0,0.02,0,0,19,12,2,38,2,0,2,0,1,0,2,0
5868036,2026-08-31,Getafe,Osasuna,403803,Martin Satriano,FW,1,85,0,0,0,0,0,6.0,0.51,0.51,1,0.42,0.03,3,0,25,18,0,39,2,0,2,0,1,1,1,0
5868036,2026-08-31,Getafe,Osasuna,77417,Nemanja Gudelj,Sub,0,19,0,0,0,0,0,6.2,0.04,0.04,0,0.0,0.0,1,0,12,12,0,17,0,0,0,0,1,2,0,0
5868036,2026-08-31,Getafe,Osasuna,278721,Borja Mayoral,Sub,0,9,0,0,0,0,0,5.9,0.0,0.0,0,0.0,0.0,0,0,1,0,0,3,0,0,0,0,0,0,0,0
5868036,2026-08-31,Getafe,Osasuna,523331,Alberto Risco,Sub,0,30,0,0,0,0,0,6.0,0.0,0.0,0,0.0,0.0,0,0,11,10,0,17,1,0,0,1,1,0,3,0
5868037,2026-08-28,Racing Santander,Elche,423108,Julen Agirrezabala,GK,1,95,0,0,0,0,0,6.8,0.0,0.0,0,0.0,0.0,0,0,20,14,0,32,0,0,0,0,0,1,0,5
5868037,2026-08-28,Racing Santander,Elche,448397,Alvaro Mantilla,DR,1,95,0,0,1,0,0,6.9,0.0,0.0,0,0.0,0.0,0,0,33,25,0,54,2,1,3,0,2,9,0,0
5868037,2026-08-28,Racing Santander,Elche,423973,Manu Hernando,DC,1,95,0,0,0,0,0,6.9,0.0,0.0,0,0.0,0.0,0,0,20,19,0,34,2,1,3,0,1,7,1,0
5868037,2026-08-28,Racing Santander,Elche,444264,Facu Gonzalez,DC,1,95,0,0,1,0,0,6.4,0.0,0.0,0,0.0,0.0,0,0,36,31,0,49,0,1,2,0,2,6,0,0
5868037,2026-08-28,Racing Santander,Elche,541900,Jorge Salinas,DL,1,95,0,0,0,0,0,6.8,0.05,0.05,0,0.0,0.0,1,1,22,16,0,52,8,0,2,0,1,6,0,0
5868037,2026-08-28,Racing Santander,Elche,472904,Gustavo Puerta,DMC,1,95,0,0,0,0,0,6.9,0.0,0.0,0,0.0,0.11,0,0,62,53,1,91,3,0,0,1,3,1,2,0
5868037,2026-08-28,Racing Santander,Elche,372473,Ivan Martin,DMC,1,95,0,0,0,0,0,6.7,0.05,0.05,0,0.0,0.01,1,0,43,39,1,57,2,0,0,0,2,3,0,0
5868037,2026-08-28,Racing Santander,Elche,422961,Andres Martin,AMR,1,58,0,0,0,0,0,7.5,0.0,0.0,0,0.0,0.17,0,0,17,14,3,36,2,1,0,4,0,1,0,0
5868037,2026-08-28,Racing Santander,Elche,44189,Sergio Canales,AMC,1,84,0,0,0,0,0,6.3,0.33,0.33,0,0.0,0.03,5,1,43,34,0,58,1,0,1,0,0,1,0,0
5868037,2026-08-28,Racing Santander,Elche,402137,Inigo Vicente,AML,1,68,0,1,0,0,0,8.0,0.0,0.0,0,0.0,0.5,0,0,52,40,6,69,4,1,0,0,1,0,3,0
5868037,2026-08-28,Racing Santander,Elche,538158,Yassir Zabiri,FW,1,68,3,0,0,0,0,9.2,1.22,1.22,0,0.0,0.04,5,3,8,5,0,22,1,0,1,0,1,3,1,0
5868037,2026-08-28,Racing Santander,Elche,460461,Giorgi Guliashvili,Sub,0,27,0,0,0,0,0,5.8,0.0,0.0,0,0.0,0.0,0,0,2,1,0,7,0,0,0,0,1,1,1,0
5868037,2026-08-28,Racing Santander,Elche,447544,Matteo Prati,Sub,0,37,0,0,0,0,0,6.0,0.0,0.0,0,0.0,0.0,0,0,15,10,0,20,0,1,0,0,1,1,1,0
5868037,2026-08-28,Racing Santander,Elche,485481,Maguette Gueye,Sub,0,11,0,0,0,0,0,6.1,0.0,0.0,0,0.0,0.0,0,0,2,1,0,5,0,0,0,0,2,1,0,0
5868037,2026-08-28,Racing Santander,Elche,331171,Asier Villalibre,Sub,0,27,0,0,0,0,0,5.8,0.34,0.34,1,0.34,0.0,1,1,5,3,0,14,0,0,0,0,0,2,0,0
5868037,2026-08-28,Elche,Racing Santander,422916,Matias Dituro,GK,1,95,0,0,0,0,0,5.5,0.0,0.0,0,0.0,0.0,0,0,35,25,0,48,0,0,1,0,0,0,1,3
5868037,2026-08-28,Elche,Racing Santander,510360,Buba Sangare,DR,1,83,1,0,0,0,0,6.4,0.03,0.03,0,0.0,0.0,1,1,35,31,0,57,4,0,0,0,1,2,1,0
5868037,2026-08-28,Elche,Racing Santander,423282,David Affengruber,DC,1,95,0,0,0,0,0,6.7,0.04,0.04,0,0.0,0.05,2,0,77,70,1,96,1,1,2,0,0,4,0,0
5868037,2026-08-28,Elche,Racing Santander,108100,Pedro Bigas,DC,1,61,0,0,0,0,0,5.9,0.0,0.0,0,0.0,0.0,0,0,46,41,0,55,0,1,1,0,1,2,0,0
5868037,2026-08-28,Elche,Racing Santander,402862,Victor Chust,DC,1,95,0,0,0,0,0,6.7,0.05,0.05,0,0.0,0.01,1,0,93,87,0,104,2,2,3,1,0,0,0,0
5868037,2026-08-28,Elche,Racing Santander,390240,German Valera,DL,1,95,0,0,0,0,0,6.4,0.0,0.0,0,0.0,0.24,0,0,44,39,3,60,1,0,1,0,2,1,1,0
5868037,2026-08-28,Elche,Racing Santander,432384,Facundo Buonanotte,MR,1,68,0,0,1,0,0,6.3,0.09,0.09,0,0.0,0.01,3,1,27,20,1,55,3,1,0,2,3,1,0,0
5868037,2026-08-28,Elche,Racing Santander,357388,Gonzalo Villar,MC,1,95,0,0,0,0,0,7.0,0.07,0.07,0,0.0,0.29,2,1,56,48,2,77,2,0,0,1,3,0,0,0
5868037,2026-08-28,Elche,Racing Santander,448050,Marc Aguado,MC,1,45,0,0,0,0,0,5.6,0.0,0.0,0,0.0,0.0,0,0,24,22,0,27,2,0,0,0,0,0,0,0
5868037,2026-08-28,Elche,Racing Santander,508339,Ali Houary,ML,1,45,0,0,0,0,0,5.9,0.02,0.02,0,0.0,0.0,1,1,24,15,0,32,1,0,0,1,1,0,1,0
5868037,2026-08-28,Elche,Racing Santander,391082,Fer Nino,FW,1,95,1,0,0,0,0,7.8,0.38,0.38,1,0.27,0.03,3,2,13,12,0,33,1,0,4,1,0,2,0,0
5868037,2026-08-28,Elche,Racing Santander,137031,Ezequiel Ponce,Sub,0,50,0,0,0,0,0,6.4,0.02,0.02,0,0.0,0.03,1,0,5,4,0,11,1,0,3,0,2,0,0,0
5868037,2026-08-28,Elche,Racing Santander,516414,Lucas Cepeda,Sub,0,27,0,1,0,0,0,6.9,0.11,0.11,0,0.0,0.01,3,1,19,17,1,29,0,1,0,0,2,0,0,0
5868037,2026-08-28,Elche,Racing Santander,273453,Josan,Sub,0,12,0,0,0,0,0,6.3,0.0,0.0,0,0.0,0.12,0,0,8,6,1,17,0,0,0,1,0,0,0,0
5868037,2026-08-28,Elche,Racing Santander,402087,Tete Morente,Sub,0,50,0,1,0,0,0,7.3,0.01,0.01,0,0.0,0.16,1,0,34,29,1,47,1,1,0,1,3,1,0,0
5868037,2026-08-28,Elche,Racing Santander,617819,Javier Morcillo,Sub,0,34,0,0,0,0,0,5.8,0.0,0.0,0,0.0,0.0,0,0,17,17,0,23,1,0,0,0,1,1,1,0
5868038,2026-08-30,Real Madrid,Málaga,73798,Thibaut Courtois,GK,1,93,0,0,0,0,0,6.8,0.0,0.0,0,0.0,0.0,0,0,35,31,0,37,0,0,0,0,0,0,0,1
5868038,2026-08-30,Real Madrid,Málaga,318871,Trent Alexander-Arnold,DR,1,93,0,1,0,0,0,8.4,0.07,0.07,0,0.0,0.32,2,1,96,88,3,117,0,4,0,0,0,0,0,0
5868038,2026-08-30,Real Madrid,Málaga,104010,Antonio Rudiger,DC,1,93,0,0,0,0,0,7.2,0.04,0.04,0,0.0,0.0,1,0,82,79,1,91,0,0,1,0,1,4,0,0
5868038,2026-08-30,Real Madrid,Málaga,468852,Dean Huijsen,DC,1,93,0,0,0,0,0,7.1,0.0,0.0,0,0.0,0.0,0,0,53,49,1,62,3,2,1,0,2,2,0,0
5868038,2026-08-30,Real Madrid,Málaga,363496,Marc Cucurella,DL,1,93,0,0,0,0,0,7.3,0.0,0.0,0,0.0,0.06,0,0,52,46,1,77,4,1,1,0,0,1,0,0
5868038,2026-08-30,Real Madrid,Málaga,369109,Eduardo Camavinga,DMC,1,93,0,0,0,0,0,7.4,0.0,0.0,0,0.0,0.07,0,0,71,64,0,84,4,2,1,1,1,2,1,0
5868038,2026-08-30,Real Madrid,Málaga,344644,Federico Valverde,DMC,1,76,0,0,0,0,0,6.9,0.0,0.0,0,0.0,0.03,0,0,56,50,1,64,1,1,0,0,0,0,1,0
5868038,2026-08-30,Real Madrid,Málaga,317541,Brahim Diaz,AMR,1,64,0,0,0,0,0,6.7,0.06,0.06,0,0.0,0.03,1,0,27,27,1,35,1,0,0,1,0,0,0,0
5868038,2026-08-30,Real Madrid,Málaga,379868,Jude Bellingham,AMC,1,86,1,0,0,0,0,8.7,0.41,0.41,1,0.2,0.01,5,2,38,36,1,57,2,0,1,1,0,0,0,0
5868038,2026-08-30,Real Madrid,Málaga,337782,Vinicius Junior,AML,1,93,0,1,0,0,0,8.1,0.07,0.07,0,0.0,0.69,2,0,32,26,4,53,3,0,0,4,0,0,2,0
5868038,2026-08-30,Real Madrid,Málaga,300713,Kylian Mbappe,FW,1,93,1,0,0,0,0,9.0,1.23,1.23,1,0.7,0.21,6,4,33,30,0,56,0,0,0,7,1,0,1,0
5868038,2026-08-30,Real Madrid,Málaga,136741,Bernardo Silva,Sub,0,17,0,0,0,0,0,6.1,0.0,0.0,0,0.0,0.0,0,0,9,9,0,12,2,0,0,0,1,0,0,0
5868038,2026-08-30,Real Madrid,Málaga,415181,Arda Guler,Sub,0,7,1,0,0,0,0,7.2,0.65,0.65,0,0.0,0.0,2,1,1,1,0,8,1,0,0,1,0,0,0,0
5868038,2026-08-30,Real Madrid,Málaga,557000,Yan Diomande,Sub,0,29,0,0,0,0,0,6.4,0.0,0.0,0,0.0,0.04,0,0,14,13,1,17,0,0,0,1,0,0,0,0
5868038,2026-08-30,Málaga,Real Madrid,261509,Alfonso Herrero,GK,1,93,0,0,0,0,0,6.0,0.0,0.0,0,0.0,0.0,0,0,21,18,0,34,0,0,0,0,0,1,0,4
5868038,2026-08-30,Málaga,Real Madrid,447938,Carlos Puga,DR,1,60,0,0,0,0,0,6.4,0.0,0.0,0,0.0,0.0,0,0,29,22,0,43,7,0,0,1,2,1,0,0
5868038,2026-08-30,Málaga,Real Madrid,141497,Einar Galilea,DC,1,73,0,0,0,0,0,5.9,0.0,0.0,0,0.0,0.0,0,0,34,33,0,40,4,2,1,0,0,2,0,0
5868038,2026-08-30,Málaga,Real Madrid,511043,Angel Recio,DC,1,93,0,0,0,0,0,6.0,0.0,0.0,0,0.0,0.0,0,0,40,33,0,53,4,1,0,0,0,6,0,0
5868038,2026-08-30,Málaga,Real Madrid,508349,Rafita,DL,1,93,0,0,0,0,0,6.5,0.0,0.0,0,0.0,0.01,0,0,56,52,0,73,1,2,0,3,3,1,0,0
5868038,2026-08-30,Málaga,Real Madrid,448303,David Larrubia,MR,1,93,0,0,0,0,0,7.0,0.22,0.22,0,0.0,0.11,4,1,31,26,4,59,5,0,0,5,0,0,2,0
5868038,2026-08-30,Málaga,Real Madrid,508035,Izan Merino,MC,1,86,0,0,0,0,0,6.1,0.0,0.0,0,0.0,0.02,0,0,54,48,2,57,1,1,0,0,2,0,0,0
5868038,2026-08-30,Málaga,Real Madrid,471958,Rafa Rodriguez,MC,1,45,0,0,0,0,0,6.1,0.09,0.09,0,0.0,0.01,3,0,29,24,0,37,2,0,0,0,1,1,1,0
5868038,2026-08-30,Málaga,Real Madrid,366204,Joaquin Munoz,ML,1,60,0,0,0,0,0,5.8,0.03,0.03,0,0.0,0.06,1,0,17,16,1,24,0,0,0,0,0,1,0,0
5868038,2026-08-30,Málaga,Real Madrid,461527,Carlos Dotor,FW,1,93,0,0,0,0,0,6.0,0.0,0.0,0,0.0,0.01,0,0,62,55,1,69,3,0,0,0,0,0,1,0
5868038,2026-08-30,Málaga,Real Madrid,541868,Chupe,FW,1,93,0,0,1,0,0,6.0,0.19,0.19,0,0.0,0.0,3,0,20,16,2,29,0,0,0,0,1,2,0,0
5868038,2026-08-30,Málaga,Real Madrid,448292,Haitam Abaida,Sub,0,20,0,0,0,0,0,6.0,0.13,0.13,0,0.0,0.01,2,0,6,5,1,15,0,0,0,0,0,0,0,0
5868038,2026-08-30,Málaga,Real Madrid,357786,Juan Cruz,Sub,0,33,0,0,0,0,0,5.9,0.03,0.03,0,0.0,0.0,1,0,14,12,0,19,2,0,0,0,0,0,2,0
5868038,2026-08-30,Málaga,Real Madrid,388808,Pablo Martinez,Sub,0,48,0,0,0,0,0,6.0,0.0,0.0,0,0.0,0.0,0,0,32,29,0,39,0,0,1,0,0,0,0,0
5868038,2026-08-30,Málaga,Real Madrid,402092,Jose Salinas,Sub,0,33,0,0,0,0,0,6.2,0.0,0.0,0,0.0,0.0,0,0,12,11,0,15,1,1,0,0,0,0,0,0
5868038,2026-08-30,Málaga,Real Madrid,448289,Ramon Enriquez,Sub,0,7,0,0,1,0,0,5.8,0.0,0.0,0,0.0,0.0,0,0,7,7,0,7,0,0,0,0,0,0,0,0
5868039,2026-08-29,Real Sociedad,Espanyol,270504,Alex Remiro,GK,1,95,0,0,0,0,0,6.4,0.0,0.0,0,0.0,0.0,0,0,40,25,0,42,0,0,0,0,0,0,0,2
5868039,2026-08-29,Real Sociedad,Espanyol,463961,Jon Aramburu,DR,1,95,0,0,0,0,0,7.4,0.0,0.0,0,0.0,0.0,0,0,36,30,0,65,3,3,2,2,8,5,0,0
5868039,2026-08-29,Real Sociedad,Espanyol,495459,Jon Martin,DC,1,95,0,0,0,0,0,6.9,0.03,0.03,0,0.0,0.05,1,0,54,47,1,65,2,0,5,0,1,4,0,0
5868039,2026-08-29,Real Sociedad,Espanyol,315566,Igor Zubeldia,DC,1,95,0,0,1,0,0,7.0,0.0,0.0,0,0.0,0.04,0,0,52,41,1,62,3,2,3,0,1,3,0,0
5868039,2026-08-29,Real Sociedad,Espanyol,355110,Sergio Gomez,DL,1,95,0,0,0,0,0,6.6,0.0,0.0,0,0.0,0.09,0,0,45,38,1,75,1,1,1,2,1,2,0,0
5868039,2026-08-29,Real Sociedad,Espanyol,407080,Luka Sucic,MR,1,77,0,0,0,0,0,6.8,0.04,0.04,0,0.0,0.0,1,0,27,22,2,34,2,0,1,1,1,0,0,0
5868039,2026-08-29,Real Sociedad,Espanyol,313542,Carlos Soler,MC,1,95,0,0,0,0,0,6.8,0.04,0.04,0,0.0,0.11,1,0,49,44,3,59,2,0,1,0,0,1,1,0
5868039,2026-08-29,Real Sociedad,Espanyol,407138,Benat Turrientes,MC,1,61,0,0,1,0,0,6.4,0.04,0.04,0,0.0,0.05,1,0,38,34,1,47,4,0,0,0,0,1,1,0
5868039,2026-08-29,Real Sociedad,Espanyol,367857,Ander Barrenetxea,ML,1,62,1,0,0,0,0,6.8,0.1,0.1,0,0.0,0.0,2,1,17,15,1,34,2,0,0,0,1,0,2,0
5868039,2026-08-29,Real Sociedad,Espanyol,428066,Orri Oskarsson,FW,1,77,1,0,0,0,0,7.4,1.43,1.43,2,1.0,0.02,3,3,16,12,0,30,0,0,3,0,3,1,1,0
5868039,2026-08-29,Real Sociedad,Espanyol,298839,Mikel Oyarzabal,FW,1,89,0,2,0,0,0,6.8,0.32,0.32,1,0.2,0.43,4,2,27,18,2,50,1,0,1,0,1,0,3,0
5868039,2026-08-29,Real Sociedad,Espanyol,377285,Takefusa Kubo,Sub,0,18,0,0,0,0,0,6.1,0.0,0.0,0,0.0,0.0,0,0,1,0,0,3,1,0,0,0,0,0,1,0
5868039,2026-08-29,Real Sociedad,Espanyol,247995,Goncalo Guedes,Sub,0,18,0,0,0,0,0,6.7,0.28,0.28,1,0.2,0.02,3,3,5,4,1,11,1,0,1,0,0,0,0,0
5868039,2026-08-29,Real Sociedad,Espanyol,546574,Alex Marchal,Sub,0,33,0,0,0,0,0,6.3,0.06,0.06,0,0.0,0.29,1,1,5,5,1,11,1,0,0,0,1,0,2,0
5868039,2026-08-29,Real Sociedad,Espanyol,318505,Yangel Herrera,Sub,0,34,0,0,0,0,0,6.3,0.0,0.0,0,0.0,0.0,0,0,10,8,0,19,3,0,1,0,1,1,0,0
5868039,2026-08-29,Real Sociedad,Espanyol,541871,Jon Gorrotxategi,Sub,0,6,0,0,0,0,0,6.1,0.0,0.0,0,0.0,0.0,0,0,1,1,0,4,0,0,0,0,0,1,0,0
5868039,2026-08-29,Espanyol,Real Sociedad,259393,Marko Dmitrovic,GK,1,95,0,0,0,0,0,7.1,0.0,0.0,0,0.0,0.0,0,0,24,16,0,41,0,1,0,0,0,0,0,7
5868039,2026-08-29,Espanyol,Real Sociedad,449410,Omar El Hilali,DR,1,95,0,0,0,0,0,7.2,0.0,0.0,0,0.0,0.05,0,0,42,33,0,65,2,1,2,2,1,3,0,0
5868039,2026-08-29,Espanyol,Real Sociedad,361696,Vanja Drkusic,DC,1,95,0,0,0,0,0,6.6,0.0,0.0,0,0.0,0.0,0,0,56,45,0,68,1,0,2,0,2,4,0,0
5868039,2026-08-29,Espanyol,Real Sociedad,344200,Unai Nunez,DC,1,95,0,0,0,0,0,6.7,0.0,0.0,0,0.0,0.2,0,0,54,42,1,68,1,2,1,0,0,7,0,0
5868039,2026-08-29,Espanyol,Real Sociedad,555136,Roger Hinojo,DL,1,95,0,0,1,0,0,7.7,0.0,0.0,0,0.0,0.16,0,0,51,37,0,71,5,1,3,1,1,4,0,0
5868039,2026-08-29,Espanyol,Real Sociedad,401173,Urko Gonzalez de Zarate,DMC,1,45,0,0,1,0,0,5.6,0.0,0.0,0,0.0,0.0,0,0,20,19,0,31,2,0,0,0,1,1,1,0
5868039,2026-08-29,Espanyol,Real Sociedad,335696,Edu Exposito,DMC,1,69,0,0,0,0,0,6.4,0.14,0.14,0,0.0,0.03,3,0,39,32,0,53,2,0,1,0,1,2,2,0
5868039,2026-08-29,Espanyol,Real Sociedad,468761,Cala,AMR,1,95,0,0,0,0,0,5.8,0.1,0.1,0,0.0,0.07,2,1,31,22,0,51,4,0,0,1,0,2,2,0
5868039,2026-08-29,Espanyol,Real Sociedad,506010,Javi Hernandez,AMC,1,69,0,1,0,0,0,6.5,0.07,0.07,0,0.0,0.06,1,0,12,8,2,28,2,0,0,0,2,0,2,0
5868039,2026-08-29,Espanyol,Real Sociedad,398922,Tyrhys Dolan,AML,1,82,0,0,0,0,0,6.4,0.0,0.0,0,0.0,0.08,0,0,16,15,1,39,0,1,0,2,1,1,2,0
5868039,2026-08-29,Espanyol,Real Sociedad,448296,Roberto Fernandez,FW,1,82,1,0,0,0,0,7.2,0.32,0.32,0,0.0,0.05,2,1,19,14,0,37,0,1,3,0,1,3,0,0
5868039,2026-08-29,Espanyol,Real Sociedad,478349,Gabriel Moscardo,Sub,0,50,0,0,0,0,0,6.6,0.04,0.04,0,0.0,0.0,1,1,21,18,0,32,4,0,1,0,0,2,1,0
5868039,2026-08-29,Espanyol,Real Sociedad,140772,Pere Milla,Sub,0,13,0,0,0,0,0,5.9,0.0,0.0,0,0.0,0.0,0,0,1,1,0,2,0,0,0,0,1,0,0,0
5868039,2026-08-29,Espanyol,Real Sociedad,430451,Jofre Carreras,Sub,0,13,0,0,0,0,0,6.1,0.03,0.03,0,0.0,0.0,1,0,3,2,0,8,0,0,1,0,0,0,1,0
5868039,2026-08-29,Espanyol,Real Sociedad,531460,Rafel Bauza,Sub,0,26,0,0,1,0,0,6.1,0.0,0.0,0,0.0,0.01,0,0,10,7,0,16,0,0,1,0,2,2,0,0
5868039,2026-08-29,Espanyol,Real Sociedad,464541,Marcos Fernandez,Sub,0,26,0,0,1,0,0,6.1,0.06,0.06,0,0.0,0.0,1,0,4,4,1,7,1,0,0,0,1,0,0,0
5868040,2026-08-29,Sevilla,Atletico Madrid,110273,Odysseas Vlachodimos,GK,1,96,0,0,0,0,0,5.3,0.0,0.0,0,0.0,0.0,0,0,19,12,0,23,0,0,0,0,0,0,0,2
5868040,2026-08-29,Sevilla,Atletico Madrid,408735,Juan Iglesias,DR,1,96,0,0,0,0,0,6.0,0.02,0.02,0,0.0,0.01,1,0,23,16,0,45,4,0,1,0,0,3,0,0
5868040,2026-08-29,Sevilla,Atletico Madrid,431509,Kike Salas,DC,1,96,0,0,0,0,0,6.4,0.07,0.07,0,0.0,0.01,2,0,56,41,0,71,2,0,5,0,2,4,0,0
5868040,2026-08-29,Sevilla,Atletico Madrid,448284,Andres Castrin,DC,1,96,0,0,0,0,0,6.2,0.0,0.0,0,0.0,0.01,0,0,42,38,2,48,0,0,2,0,0,3,0,0
5868040,2026-08-29,Sevilla,Atletico Madrid,286080,Gabriel Suazo,DL,1,96,0,0,1,0,0,6.3,0.03,0.03,0,0.0,0.07,1,0,62,50,5,87,1,1,2,0,5,0,0,0
5868040,2026-08-29,Sevilla,Atletico Madrid,388505,Lucien Agoume,DMC,1,96,0,0,0,0,0,6.2,0.09,0.09,0,0.0,0.04,2,0,46,41,1,56,2,1,0,0,1,0,0,0
5868040,2026-08-29,Sevilla,Atletico Madrid,335041,Jon Guridi,DMC,1,54,0,0,0,0,0,5.8,0.03,0.03,0,0.0,0.0,1,1,18,15,0,25,1,0,0,0,2,0,1,0
5868040,2026-08-29,Sevilla,Atletico Madrid,507590,Miguel Sierra,AMR,1,79,1,0,0,0,0,8.0,0.15,0.15,0,0.0,0.07,4,3,17,12,2,42,4,0,2,4,0,0,2,0
5868040,2026-08-29,Sevilla,Atletico Madrid,464952,Peque Fernandez,AMC,1,67,0,0,0,0,0,6.4,0.17,0.17,0,0.0,0.05,3,1,22,19,2,35,1,1,0,0,2,1,1,0
5868040,2026-08-29,Sevilla,Atletico Madrid,605436,Julio Diaz,AML,1,54,0,0,0,0,0,6.3,0.0,0.0,0,0.0,0.16,0,0,12,10,2,27,4,0,1,2,1,0,1,0
5868040,2026-08-29,Sevilla,Atletico Madrid,454790,Robbie Ure,FW,1,96,0,0,0,0,0,6.2,0.44,0.44,1,0.33,0.02,3,0,12,9,1,20,1,0,2,0,3,0,2,0
5868040,2026-08-29,Sevilla,Atletico Madrid,395346,Giorgi Kochorashvili,Sub,0,42,0,0,0,0,0,6.3,0.06,0.06,0,0.0,0.0,2,0,21,20,0,34,2,0,0,0,1,1,0,0
5868040,2026-08-29,Sevilla,Atletico Madrid,337022,Chidera Ejuke,Sub,0,42,0,0,0,0,0,7.1,0.02,0.02,0,0.0,0.02,1,0,13,13,1,33,0,0,0,6,0,0,0,0
5868040,2026-08-29,Sevilla,Atletico Madrid,492362,Isaac Romero,Sub,0,29,0,0,1,0,0,5.9,0.0,0.0,0,0.0,0.0,0,0,6,4,0,8,1,0,1,0,3,0,0,0
5868040,2026-08-29,Sevilla,Atletico Madrid,408942,Alfon Gonzalez,Sub,0,17,0,0,0,0,0,6.1,0.0,0.0,0,0.0,0.02,0,0,2,2,1,5,0,0,0,0,0,0,1,0
5868040,2026-08-29,Atletico Madrid,Sevilla,76662,Jan Oblak,GK,1,96,0,0,0,0,0,7.5,0.0,0.0,0,0.0,0.0,0,0,34,22,0,44,0,1,0,0,0,0,0,4
5868040,2026-08-29,Atletico Madrid,Sevilla,254582,Marcos Llorente,DR,1,65,0,0,1,0,0,7.7,0.0,0.0,0,0.0,0.01,0,0,51,48,1,70,3,3,1,0,2,1,0,0
5868040,2026-08-29,Atletico Madrid,Sevilla,362779,David Hancko,DC,1,96,0,0,0,0,0,7.4,0.0,0.0,0,0.0,0.01,0,0,72,62,0,88,2,2,4,1,0,11,0,0
5868040,2026-08-29,Atletico Madrid,Sevilla,430148,Marc Pubill,DC,1,96,0,0,1,0,0,6.5,0.05,0.05,0,0.0,0.0,1,0,57,51,0,68,0,0,3,0,1,4,0,0
5868040,2026-08-29,Atletico Madrid,Sevilla,107252,Alejandro Grimaldo,DL,1,96,0,0,0,0,0,6.3,0.08,0.08,0,0.0,0.0,2,1,35,28,0,66,3,0,1,1,1,2,0,0
5868040,2026-08-29,Atletico Madrid,Sevilla,422918,Giuliano Simeone,MR,1,96,0,0,0,0,0,7.1,0.0,0.0,0,0.0,0.0,0,0,27,20,0,50,7,3,4,0,2,1,0,0
5868040,2026-08-29,Atletico Madrid,Sevilla,403647,Morten Hjulmand,MC,1,84,0,0,0,0,0,7.2,0.0,0.0,0,0.0,0.01,0,0,49,46,0,64,4,1,1,1,1,3,1,0
5868040,2026-08-29,Atletico Madrid,Sevilla,434138,Pablo Barrios,MC,1,96,0,1,0,0,0,7.1,0.05,0.05,0,0.0,0.04,1,1,80,71,2,89,2,0,1,1,2,0,2,0
5868040,2026-08-29,Atletico Madrid,Sevilla,299451,Ademola Lookman,ML,1,65,1,0,0,0,0,7.9,0.2,0.2,0,0.0,0.01,3,1,32,25,0,45,1,0,0,2,2,0,0,0
5868040,2026-08-29,Atletico Madrid,Sevilla,395242,Alex Baena,FW,1,84,2,0,0,0,0,8.8,0.38,0.38,0,0.0,0.13,4,2,44,39,3,59,1,1,0,0,0,1,1,0
5868040,2026-08-29,Atletico Madrid,Sevilla,367780,Lee Kang-In,FW,1,71,0,1,0,0,0,7.9,0.0,0.0,0,0.0,0.01,0,0,33,31,1,45,1,0,0,4,2,0,1,0
5868040,2026-08-29,Atletico Madrid,Sevilla,80764,Koke,Sub,0,25,0,0,0,0,0,6.0,0.0,0.0,0,0.0,0.0,0,0,4,3,0,5,1,0,0,0,0,0,0,0
5868040,2026-08-29,Atletico Madrid,Sevilla,444251,Arnau Ortiz,Sub,0,31,0,0,0,0,0,6.1,0.2,0.2,1,0.2,0.09,1,0,2,2,1,9,1,0,0,1,1,1,0,0
5868040,2026-08-29,Atletico Madrid,Sevilla,463938,Rodrigo Mendoza,Sub,0,12,0,0,0,0,0,5.9,0.0,0.0,0,0.0,0.0,0,0,1,1,0,4,0,0,0,0,0,0,1,0
5868040,2026-08-29,Atletico Madrid,Sevilla,379230,Johnny Cardoso,Sub,0,12,0,0,0,0,0,6.4,0.0,0.0,0,0.0,0.0,0,0,3,2,0,7,1,1,1,0,1,0,0,0
5868040,2026-08-29,Atletico Madrid,Sevilla,135914,Jose Maria Gimenez,Sub,0,31,0,0,0,0,0,6.4,0.0,0.0,0,0.0,0.0,0,0,8,4,0,14,0,0,3,0,1,5,0,0
5868041,2026-09-06,Deportivo Alavés,Osasuna,141044,Antonio Sivera,GK,1,96,0,0,0,0,0,6.8,0.0,0.0,0,0.0,0.01,0,0,29,19,1,34,0,0,0,0,0,1,0,3
5868041,2026-09-06,Deportivo Alavés,Osasuna,347874,Nahuel Tenaglia,DC,1,96,0,0,0,0,0,6.6,0.04,0.04,0,0.0,0.0,2,1,39,35,0,55,1,1,0,1,0,5,2,0
5868041,2026-09-06,Deportivo Alavés,Osasuna,424575,Ville Koski,DC,1,96,0,0,0,0,0,6.5,0.0,0.0,0,0.0,0.0,0,0,38,34,0,50,1,2,2,0,4,6,0,0
5868041,2026-09-06,Deportivo Alavés,Osasuna,115917,Jonny Otto,DC,1,79,0,0,0,0,0,6.6,0.0,0.0,0,0.0,0.0,0,0,38,33,0,52,4,0,2,0,0,4,1,0
5868041,2026-09-06,Deportivo Alavés,Osasuna,506205,Angel Perez,DMR,1,96,0,2,0,0,0,8.7,0.09,0.09,0,0.0,0.36,1,1,30,24,3,55,0,0,1,4,2,0,0,0
5868041,2026-09-06,Deportivo Alavés,Osasuna,447835,Abde Rebbach,DML,1,70,0,0,1,0,0,6.6,0.0,0.0,0,0.0,0.0,0,0,18,15,0,44,3,4,1,0,2,1,0,0
5868041,2026-09-06,Deportivo Alavés,Osasuna,409467,Antonio Blanco,MC,1,96,0,0,0,0,0,6.9,0.07,0.07,0,0.0,0.03,2,0,58,54,0,68,3,0,0,1,1,0,1,0
5868041,2026-09-06,Deportivo Alavés,Osasuna,444254,Pablo Ibanez,MC,1,96,1,0,0,0,0,7.7,0.2,0.2,0,0.0,0.0,1,1,40,35,0,54,1,0,1,2,2,1,1,0
5868041,2026-09-06,Deportivo Alavés,Osasuna,303268,Carles Alena,MC,1,70,0,0,0,0,0,6.8,0.06,0.06,0,0.0,0.02,1,0,30,25,1,46,3,1,0,0,1,2,1,0
5868041,2026-09-06,Deportivo Alavés,Osasuna,303800,Lucas Boye,FW,1,84,3,0,0,0,0,10.0,0.28,0.28,0,0.0,0.0,3,3,24,19,0,53,4,0,3,1,2,0,1,0
5868041,2026-09-06,Deportivo Alavés,Osasuna,323236,Mariano Diaz,FW,1,70,1,0,0,0,0,7.8,0.42,0.42,0,0.0,0.0,1,1,5,3,1,12,2,0,1,1,0,0,0,0
5868041,2026-09-06,Deportivo Alavés,Osasuna,399952,Miguel Rodriguez,Sub,0,12,0,0,0,0,0,6.1,0.0,0.0,0,0.0,0.0,0,0,1,0,0,3,0,0,0,0,0,1,0,0
5868041,2026-09-06,Deportivo Alavés,Osasuna,519969,Youssef Enriquez,Sub,0,26,0,0,0,0,0,6.4,0.0,0.0,0,0.0,0.02,0,0,16,13,1,20,1,0,0,0,0,0,0,0
5868041,2026-09-06,Deportivo Alavés,Osasuna,106525,Denis Suarez,Sub,0,26,0,0,0,0,0,6.0,0.2,0.2,1,0.2,0.0,1,0,15,14,0,19,0,0,1,0,0,0,0,0
5868041,2026-09-06,Deportivo Alavés,Osasuna,514695,Aitor Manas,Sub,0,26,0,0,0,0,0,6.3,0.0,0.0,0,0.0,0.0,0,0,4,3,0,8,0,0,1,1,0,0,0,0
5868041,2026-09-06,Deportivo Alavés,Osasuna,602515,Xanet Olaiz,Sub,0,17,0,0,0,0,0,6.3,0.0,0.0,0,0.0,0.0,0,0,7,6,0,10,0,0,0,0,0,2,0,0
5868041,2026-09-06,Osasuna,Deportivo Alavés,381674,Sergio Herrera,GK,1,96,0,0,0,0,0,5.1,0.0,0.0,0,0.0,0.0,0,0,19,14,0,27,0,0,0,1,0,1,0,2
5868041,2026-09-06,Osasuna,Deportivo Alavés,517618,Inigo Arguibide,DR,1,84,0,0,0,0,0,5.7,0.0,0.0,0,0.0,0.07,0,0,19,17,1,40,0,0,0,0,1,0,0,0
5868041,2026-09-06,Osasuna,Deportivo Alavés,447842,Enzo Boyomo,DC,1,59,0,0,0,0,0,6.3,0.0,0.0,0,0.0,0.0,0,0,27,26,0,40,3,1,1,1,2,5,1,0
5868041,2026-09-06,Osasuna,Deportivo Alavés,374638,Alejandro Catena,DC,1,96,0,0,0,0,0,4.9,0.0,0.0,0,0.0,0.02,0,0,50,44,0,56,0,0,4,0,1,6,0,0
5868041,2026-09-06,Osasuna,Deportivo Alavés,461771,Abel Bretones,DL,1,96,0,0,1,0,0,5.4,0.0,0.0,0,0.0,0.0,0,0,29,23,0,50,6,0,0,0,2,0,1,0
5868041,2026-09-06,Osasuna,Deportivo Alavés,474267,Iker Munoz,DMC,1,96,0,0,0,0,0,6.2,0.0,0.0,0,0.0,0.02,0,0,68,58,0,82,3,4,4,1,3,2,1,0
5868041,2026-09-06,Osasuna,Deportivo Alavés,381673,Jon Moncayola,DMC,1,96,0,0,0,0,0,5.8,0.0,0.0,0,0.0,0.0,0,0,49,40,0,57,2,1,0,0,0,0,0,0
5868041,2026-09-06,Osasuna,Deportivo Alavés,101238,Moi Gomez,AMC,1,59,0,1,0,0,0,7.2,0.0,0.0,0,0.0,0.44,0,0,36,25,3,49,4,0,0,1,0,1,0,0
5868041,2026-09-06,Osasuna,Deportivo Alavés,119189,Ruben Garcia,AMC,1,59,0,0,0,0,0,6.2,0.0,0.0,0,0.0,0.0,0,0,17,13,0,26,2,0,0,0,0,1,0,0
5868041,2026-09-06,Osasuna,Deportivo Alavés,98126,Ante Budimir,FW,1,96,2,0,0,0,1,9.3,1.37,0.58,1,0.34,0.0,6,5,13,8,0,34,3,0,7,2,1,1,1,0
5868041,2026-09-06,Osasuna,Deportivo Alavés,383924,Raul Garcia,FW,1,96,0,0,0,0,0,6.3,0.0,0.0,0,0.0,0.02,0,0,19,15,0,29,1,0,2,0,0,2,1,0
5868041,2026-09-06,Osasuna,Deportivo Alavés,447853,Jonathan Dubasin,Sub,0,37,0,0,0,0,0,6.1,0.0,0.0,0,0.0,0.05,0,0,17,13,1,25,4,0,1,0,1,0,1,0
5868041,2026-09-06,Osasuna,Deportivo Alavés,495163,Rockson Yeboah,Sub,0,37,0,0,1,0,0,6.0,0.0,0.0,0,0.0,0.0,0,0,22,22,0,30,0,1,0,0,1,2,1,0
5868041,2026-09-06,Osasuna,Deportivo Alavés,518928,Asier Osambela,Sub,0,12,0,0,0,0,0,5.9,0.02,0.02,0,0.0,0.0,1,0,3,2,0,4,0,0,0,0,1,0,0,0
5868041,2026-09-06,Osasuna,Deportivo Alavés,396490,Raul Moro,Sub,0,37,0,0,0,0,0,6.3,0.0,0.0,0,0.0,0.23,0,0,12,10,1,25,0,0,0,1,0,0,0,0
5868042,2026-09-05,Athletic Club,Atlético Madrid,332823,Unai Simon,GK,1,94,0,0,0,0,0,7.7,0.0,0.0,0,0.0,0.0,0,0,47,34,0,68,0,0,0,0,0,2,0,5
5868042,2026-09-05,Athletic Club,Atlético Madrid,422820,Jesus Areso,DR,1,94,0,0,0,0,0,7.8,0.0,0.0,0,0.0,0.04,0,0,34,21,1,60,5,2,5,0,0,4,1,0
5868042,2026-09-05,Athletic Club,Atlético Madrid,122117,Aymeric Laporte,DC,1,94,0,0,0,0,0,7.1,0.0,0.0,0,0.0,0.0,0,0,56,53,0,67,0,0,0,1,0,8,0,0
5868042,2026-09-05,Athletic Club,Atlético Madrid,279839,Yeray Alvarez,DC,1,45,0,0,0,0,0,6.8,0.0,0.0,0,0.0,0.0,0,0,33,28,0,39,0,1,1,0,0,2,0,0
5868042,2026-09-05,Athletic Club,Atlético Madrid,56057,Yuri Berchiche,DL,1,94,0,0,0,0,0,6.9,0.0,0.0,0,0.0,0.0,0,0,36,32,0,53,1,1,1,0,1,4,0,0
5868042,2026-09-05,Athletic Club,Atlético Madrid,106586,Inigo Ruiz de Galarreta,DMC,1,59,0,0,0,0,0,6.5,0.0,0.0,0,0.0,0.13,0,0,33,29,1,38,1,1,0,0,2,0,0,0
5868042,2026-09-05,Athletic Club,Atlético Madrid,536243,Benat Gerenabarrena,DMC,1,94,0,0,0,0,0,7.3,0.0,0.0,0,0.0,0.0,0,0,24,19,0,40,5,4,0,0,0,1,0,0
5868042,2026-09-05,Athletic Club,Atlético Madrid,400237,Robert Navarro,AMR,1,65,1,0,0,0,0,8.1,0.43,0.43,0,0.0,0.08,2,1,21,17,1,42,4,2,0,1,0,0,0,0
5868042,2026-09-05,Athletic Club,Atlético Madrid,381510,Oihan Sancet,AMC,1,94,1,0,0,0,0,7.9,0.49,0.49,0,0.0,0.01,3,1,23,16,1,40,0,0,0,4,1,0,3,0
5868042,2026-09-05,Athletic Club,Atlético Madrid,408449,Nico Williams,AML,1,75,1,0,0,0,0,7.6,0.38,0.38,0,0.0,0.0,2,1,18,12,0,33,3,1,0,1,0,3,0,0
5868042,2026-09-05,Athletic Club,Atlético Madrid,255182,Inaki Williams,FW,1,65,0,1,0,0,0,7.2,0.13,0.13,0,0.0,0.03,3,0,11,8,2,20,2,0,0,0,1,0,0,0
5868042,2026-09-05,Athletic Club,Atlético Madrid,431668,Johaneko Louis-Jean,Sub,0,29,0,0,0,0,0,6.3,0.0,0.0,0,0.0,0.0,0,0,8,5,0,13,1,0,0,1,1,0,0,0
5868042,2026-09-05,Athletic Club,Atlético Madrid,238899,Alex Berenguer,Sub,0,29,0,0,0,0,0,6.4,0.0,0.0,0,0.0,0.0,0,0,4,4,0,9,2,2,0,0,0,0,0,0
5868042,2026-09-05,Athletic Club,Atlético Madrid,511120,Mikel Jauregizar,Sub,0,35,0,0,0,0,0,6.5,0.02,0.02,0,0.0,0.0,1,1,14,14,0,20,6,0,0,0,1,0,0,0
5868042,2026-09-05,Athletic Club,Atlético Madrid,402663,Aitor Paredes,Sub,0,49,0,0,0,0,0,6.8,0.0,0.0,0,0.0,0.0,0,0,22,21,0,29,2,0,0,0,0,4,0,0
5868042,2026-09-05,Athletic Club,Atlético Madrid,362602,Gorka Guruzeta,Sub,0,19,0,0,0,0,0,6.2,0.0,0.0,0,0.0,0.0,0,0,3,3,0,5,2,0,0,0,1,0,0,0
5868042,2026-09-05,Atlético Madrid,Athletic Club,76662,Jan Oblak,GK,1,94,0,0,0,0,0,5.3,0.0,0.0,0,0.0,0.0,0,0,19,15,0,21,0,0,0,0,0,0,0,1
5868042,2026-09-05,Atlético Madrid,Athletic Club,254582,Marcos Llorente,DR,1,94,0,0,0,0,0,6.6,0.07,0.07,0,0.0,0.01,2,2,68,63,2,88,0,2,1,0,0,2,0,0
5868042,2026-09-05,Atlético Madrid,Athletic Club,362779,David Hancko,DC,1,94,0,0,0,0,0,6.2,0.0,0.0,0,0.0,0.02,0,0,72,65,0,87,0,2,1,3,0,3,0,0
5868042,2026-09-05,Atlético Madrid,Athletic Club,430148,Marc Pubill,DC,1,94,0,0,0,0,0,6.0,0.0,0.0,0,0.0,0.0,0,0,83,78,0,98,3,0,1,0,3,2,1,0
5868042,2026-09-05,Atlético Madrid,Athletic Club,107252,Alejandro Grimaldo,DL,1,94,0,0,0,0,0,6.3,0.02,0.02,0,0.0,0.03,1,0,56,49,0,90,3,0,1,2,0,4,0,0
5868042,2026-09-05,Atlético Madrid,Athletic Club,422918,Giuliano Simeone,MR,1,58,0,0,0,0,0,5.2,0.06,0.06,0,0.0,0.06,2,0,34,28,1,42,1,0,0,0,0,1,0,0
5868042,2026-09-05,Atlético Madrid,Athletic Club,403647,Morten Hjulmand,MC,1,58,0,0,0,0,0,6.5,0.0,0.0,0,0.0,0.14,0,0,35,28,2,46,1,3,2,0,0,1,0,0
5868042,2026-09-05,Atlético Madrid,Athletic Club,434138,Pablo Barrios,MC,1,94,0,0,0,0,0,7.4,0.06,0.06,0,0.0,0.05,2,1,73,69,3,96,3,4,0,1,0,1,0,0
5868042,2026-09-05,Atlético Madrid,Athletic Club,299451,Ademola Lookman,ML,1,58,0,0,0,0,0,5.6,0.04,0.04,0,0.0,0.04,1,0,14,13,0,27,0,0,0,0,1,0,3,0
5868042,2026-09-05,Atlético Madrid,Athletic Club,395242,Alex Baena,FW,1,75,0,0,0,0,0,6.5,0.07,0.07,0,0.0,0.18,2,1,29,24,3,44,2,2,0,0,0,0,0,0
5868042,2026-09-05,Atlético Madrid,Athletic Club,367780,Lee Kang-In,FW,1,58,0,0,1,0,0,6.5,0.07,0.07,0,0.0,0.08,2,0,23,18,1,41,1,0,0,3,2,1,1,0
5868042,2026-09-05,Atlético Madrid,Athletic Club,365409,Julian Alvarez,Sub,0,36,0,0,0,0,0,6.7,0.09,0.09,0,0.0,0.01,1,1,16,16,1,30,0,0,0,4,0,0,1,0
5868042,2026-09-05,Atlético Madrid,Athletic Club,323663,Cristian Romero,Sub,0,36,0,0,0,0,0,6.1,0.07,0.07,0,0.0,0.01,1,0,35,33,0,40,1,0,1,0,0,1,0,0
5868042,2026-09-05,Atlético Madrid,Athletic Club,80764,Koke,Sub,0,36,0,0,0,0,0,6.1,0.0,0.0,0,0.0,0.02,0,0,44,43,1,47,0,0,0,0,0,0,0,0
5868042,2026-09-05,Atlético Madrid,Athletic Club,444251,Arnau Ortiz,Sub,0,36,0,0,0,0,0,5.8,0.05,0.05,0,0.0,0.0,1,0,6,6,0,13,0,0,1,0,0,0,1,0
5868042,2026-09-05,Atlético Madrid,Athletic Club,379230,Johnny Cardoso,Sub,0,19,0,0,0,0,0,6.0,0.0,0.0,0,0.0,0.0,0,0,24,23,0,29,1,0,0,0,0,2,1,0
5868043,2026-09-04,Real Betis,Real Madrid,448208,Alvaro Valles,GK,1,98,0,0,0,0,0,9.3,0.0,0.0,0,0.0,0.0,0,0,20,11,0,36,0,0,2,0,0,1,0,6
5868043,2026-09-04,Real Betis,Real Madrid,125211,Hector Bellerin,DR,1,98,0,0,0,0,0,7.6,0.0,0.0,0,0.0,0.01,0,0,43,37,1,70,10,2,0,0,3,2,0,0
5868043,2026-09-04,Real Betis,Real Madrid,402206,Natan,DC,1,98,0,0,1,0,0,6.9,0.0,0.0,0,0.0,0.0,0,0,31,30,0,39,1,0,0,0,1,6,0,0
5868043,2026-09-04,Real Betis,Real Madrid,123232,Diego Llorente,DC,1,38,0,0,0,0,0,6.7,0.0,0.0,0,0.0,0.0,0,0,12,10,0,18,2,1,0,0,0,2,0,0
5868043,2026-09-04,Real Betis,Real Madrid,422957,Fran Garcia,DL,1,98,0,0,0,0,0,6.7,0.0,0.0,0,0.0,0.0,0,0,35,31,0,49,3,0,0,0,0,1,0,0
5868043,2026-09-04,Real Betis,Real Madrid,323148,Marc Roca,DMC,1,98,0,0,1,0,0,6.9,0.0,0.0,0,0.0,0.0,0,0,56,53,0,71,5,1,0,0,2,1,0,0
5868043,2026-09-04,Real Betis,Real Madrid,512611,Facundo Bernal,DMC,1,67,0,0,1,0,0,6.9,0.0,0.0,0,0.0,0.0,0,0,31,29,0,41,5,3,0,0,2,1,0,0
5868043,2026-09-04,Real Betis,Real Madrid,364315,Antony,AMR,1,76,0,0,0,0,0,6.1,0.12,0.12,0,0.0,0.11,4,1,36,32,1,45,0,0,1,0,1,0,0,0
5868043,2026-09-04,Real Betis,Real Madrid,82989,Isco,AMC,1,59,0,0,0,0,0,6.2,0.04,0.04,0,0.0,0.0,1,0,35,33,1,45,2,1,0,0,0,0,0,0
5868043,2026-09-04,Real Betis,Real Madrid,297203,Pablo Fornals,AML,1,98,0,0,0,0,0,6.9,0.0,0.0,0,0.0,0.04,0,0,55,48,3,72,1,0,0,1,1,0,0,0
5868043,2026-09-04,Real Betis,Real Madrid,362501,Cucho Hernandez,FW,1,67,0,0,0,0,0,5.9,0.03,0.03,0,0.0,0.02,1,0,13,8,0,23,0,0,0,0,0,0,1,0
5868043,2026-09-04,Real Betis,Real Madrid,432475,Nelson Deossa,Sub,0,31,0,0,0,0,0,6.6,0.05,0.05,0,0.0,0.0,2,2,10,7,0,14,1,0,2,0,1,1,0,0
5868043,2026-09-04,Real Betis,Real Madrid,382631,Rodrigo Riquelme,Sub,0,22,0,0,0,0,0,6.3,0.0,0.0,0,0.0,0.02,0,0,5,4,0,7,0,0,0,1,0,0,0,0
5868043,2026-09-04,Real Betis,Real Madrid,452407,Alvaro Fidalgo,Sub,0,39,0,0,0,0,0,6.2,0.0,0.0,0,0.0,0.0,0,0,14,13,0,17,5,0,0,0,0,0,0,0
5868043,2026-09-04,Real Betis,Real Madrid,83686,Marc Bartra,Sub,0,60,0,0,0,0,0,7.6,0.01,0.01,0,0.0,0.0,1,1,13,11,0,27,4,0,0,0,0,5,0,0
5868043,2026-09-04,Real Betis,Real Madrid,384064,Troy Parrott,Sub,0,31,1,0,0,0,0,7.0,0.51,0.51,0,0.0,0.0,1,1,3,2,0,11,1,0,0,0,0,1,0,0
5868043,2026-09-04,Real Madrid,Real Betis,73798,Thibaut Courtois,GK,1,98,0,0,0,0,0,6.7,0.0,0.0,0,0.0,0.0,0,0,25,24,0,35,0,0,0,0,0,1,0,4
5868043,2026-09-04,Real Madrid,Real Betis,322153,Denzel Dumfries,DR,1,63,0,0,0,0,0,6.4,0.0,0.0,0,0.0,0.07,0,0,21,20,2,31,1,0,0,0,0,1,0,0
5868043,2026-09-04,Real Madrid,Real Betis,345957,Ibrahima Konate,DC,1,98,0,0,1,0,0,6.2,0.0,0.0,0,0.0,0.0,0,0,77,72,0,89,1,0,1,0,1,5,2,0
5868043,2026-09-04,Real Madrid,Real Betis,468852,Dean Huijsen,DC,1,98,0,0,0,0,0,7.2,0.38,0.38,1,0.33,0.2,2,1,88,86,1,101,1,2,2,0,2,2,0,0
5868043,2026-09-04,Real Madrid,Real Betis,363496,Marc Cucurella,DL,1,87,0,0,0,0,0,6.4,0.0,0.0,0,0.0,0.01,0,0,60,56,0,76,0,0,2,0,0,2,0,0
5868043,2026-09-04,Real Madrid,Real Betis,369109,Eduardo Camavinga,DMC,1,63,0,0,1,0,0,6.3,0.0,0.0,0,0.0,0.0,0,0,41,40,0,56,0,0,1,0,2,1,2,0
5868043,2026-09-04,Real Madrid,Real Betis,344644,Federico Valverde,DMC,1,81,0,0,0,0,0,6.0,0.02,0.02,0,0.0,0.01,1,0,58,51,0,67,1,1,1,0,1,2,0,0
5868043,2026-09-04,Real Madrid,Real Betis,415181,Arda Guler,AMR,1,63,0,0,1,0,0,7.6,0.05,0.05,0,0.0,0.62,2,0,40,36,7,62,0,0,0,1,3,1,2,0
5868043,2026-09-04,Real Madrid,Real Betis,379868,Jude Bellingham,AMC,1,98,0,0,0,0,0,7.2,0.11,0.11,0,0.0,0.44,3,1,48,43,3,69,1,1,0,2,1,1,1,0
5868043,2026-09-04,Real Madrid,Real Betis,337782,Vinicius Junior,AML,1,98,0,0,1,0,0,7.1,0.76,0.76,2,0.63,0.22,4,1,39,30,4,65,0,0,0,2,1,0,0,0
5868043,2026-09-04,Real Madrid,Real Betis,300713,Kylian Mbappe,FW,1,98,0,0,0,0,0,6.5,1.92,1.12,3,1.64,0.33,7,4,35,29,0,61,0,0,0,5,0,0,3,0
5868043,2026-09-04,Real Madrid,Real Betis,136741,Bernardo Silva,Sub,0,35,0,0,0,0,0,6.2,0.0,0.0,0,0.0,0.0,0,0,22,21,1,23,1,0,0,0,1,0,0,0
5868043,2026-09-04,Real Madrid,Real Betis,437583,Alvaro Carreras,Sub,0,11,0,0,0,0,0,6.4,0.0,0.0,0,0.0,0.0,0,0,6,6,0,8,0,0,0,2,0,0,0,0
5868043,2026-09-04,Real Madrid,Real Betis,318871,Trent Alexander-Arnold,Sub,0,35,0,0,0,0,0,6.3,0.0,0.0,0,0.0,0.07,0,0,15,14,1,24,1,0,0,1,0,0,0,0
5868043,2026-09-04,Real Madrid,Real Betis,557000,Yan Diomande,Sub,0,35,0,0,0,0,0,6.1,0.0,0.0,0,0.0,0.01,0,0,10,8,0,13,1,0,0,1,1,0,0,0
5868043,2026-09-04,Real Madrid,Real Betis,516341,Carlos Espi,Sub,0,17,0,0,0,0,0,6.1,0.05,0.05,0,0.0,0.0,1,1,0,0,0,2,0,0,0,0,0,0,1,0
5868044,2026-09-07,Elche,Real Sociedad,422916,Matias Dituro,GK,1,97,0,0,0,0,0,6.0,0.0,0.0,0,0.0,0.01,0,0,41,32,0,51,0,0,0,0,0,1,0,3
5868044,2026-09-07,Elche,Real Sociedad,108100,Pedro Bigas,DC,1,97,0,0,0,0,0,5.0,0.02,0.02,0,0.0,0.0,1,1,69,64,0,76,0,0,0,0,1,0,0,0
5868044,2026-09-07,Elche,Real Sociedad,402862,Victor Chust,DC,1,97,0,0,0,0,0,6.3,0.2,0.2,1,0.2,0.0,1,1,84,79,1,89,2,0,3,0,0,1,0,0
5868044,2026-09-07,Elche,Real Sociedad,510360,Buba Sangare,DC,1,80,0,0,0,0,0,6.4,0.0,0.0,0,0.0,0.0,0,0,27,23,1,40,2,1,0,1,0,1,1,0
5868044,2026-09-07,Elche,Real Sociedad,402087,Tete Morente,DMR,1,97,0,0,1,0,0,6.3,0.02,0.02,0,0.0,0.03,1,0,33,28,2,63,0,1,0,1,1,1,1,0
5868044,2026-09-07,Elche,Real Sociedad,390240,German Valera,DML,1,80,0,0,1,0,0,6.9,0.03,0.03,0,0.0,0.15,1,0,25,22,2,58,0,0,0,3,0,1,1,0
5868044,2026-09-07,Elche,Real Sociedad,357388,Gonzalo Villar,MC,1,69,0,0,0,0,0,6.6,0.0,0.0,0,0.0,0.01,0,0,46,42,1,57,3,0,1,1,2,1,1,0
5868044,2026-09-07,Elche,Real Sociedad,432384,Facundo Buonanotte,MC,1,54,0,0,0,0,0,6.0,0.09,0.09,0,0.0,0.07,2,1,28,23,0,48,2,1,0,0,2,0,5,0
5868044,2026-09-07,Elche,Real Sociedad,617819,Javier Morcillo,MC,1,97,0,0,0,0,0,6.6,0.0,0.0,0,0.0,0.02,0,0,43,40,0,51,2,2,1,0,1,2,0,0
5868044,2026-09-07,Elche,Real Sociedad,137031,Ezequiel Ponce,FW,1,54,0,0,0,0,0,5.9,0.08,0.08,0,0.0,0.0,1,0,13,11,0,18,0,0,1,0,0,1,2,0
5868044,2026-09-07,Elche,Real Sociedad,391082,Fer Nino,FW,1,97,1,0,1,0,0,7.9,0.7,0.7,0,0.0,0.16,4,3,17,11,2,37,2,1,2,1,0,1,2,0
5868044,2026-09-07,Elche,Real Sociedad,132962,Thomas Lemar,Sub,0,43,1,0,1,0,0,7.6,0.14,0.14,0,0.0,0.27,3,1,28,25,1,40,5,0,0,0,1,0,0,0
5868044,2026-09-07,Elche,Real Sociedad,273453,Josan,Sub,0,17,0,0,0,0,0,6.5,0.0,0.0,0,0.0,0.28,0,0,4,4,3,11,0,0,0,0,0,0,0,0
5868044,2026-09-07,Elche,Real Sociedad,433973,Abiel Osorio,Sub,0,43,0,0,0,0,0,6.1,0.73,0.73,3,0.73,0.04,3,1,4,4,2,11,0,1,0,0,1,0,0,0
5868044,2026-09-07,Elche,Real Sociedad,451213,Roy Revivo,Sub,0,17,0,0,0,0,0,6.1,0.14,0.14,1,0.14,0.0,1,0,6,6,0,19,1,1,0,0,0,0,0,0
5868044,2026-09-07,Elche,Real Sociedad,516414,Lucas Cepeda,Sub,0,28,0,0,0,0,0,6.9,0.05,0.05,0,0.0,0.13,2,2,28,26,2,36,1,1,0,0,0,0,0,0
5868044,2026-09-07,Real Sociedad,Elche,408252,Unai Marrero,GK,1,97,0,0,0,0,0,7.8,0.0,0.0,0,0.0,0.0,0,0,37,26,0,53,0,0,1,0,0,2,0,8
5868044,2026-09-07,Real Sociedad,Elche,463961,Jon Aramburu,DR,1,97,0,0,1,0,0,7.1,0.02,0.02,0,0.0,0.0,1,1,37,29,1,64,6,0,3,1,4,2,2,0
5868044,2026-09-07,Real Sociedad,Elche,315566,Igor Zubeldia,DC,1,97,0,0,0,0,0,6.7,0.0,0.0,0,0.0,0.0,0,0,29,23,0,47,5,1,1,0,0,7,0,0
5868044,2026-09-07,Real Sociedad,Elche,467913,Mamadou Sarr,DC,1,57,0,0,0,0,0,6.7,0.0,0.0,0,0.0,0.0,0,0,30,29,0,38,1,0,0,0,0,2,0,0
5868044,2026-09-07,Real Sociedad,Elche,355110,Sergio Gomez,DL,1,97,0,0,0,0,0,6.9,0.0,0.0,0,0.0,0.0,0,0,51,45,1,74,4,1,0,0,0,4,0,0
5868044,2026-09-07,Real Sociedad,Elche,599413,Job Ochieng,MR,1,97,1,1,0,0,0,8.0,0.29,0.29,0,0.0,0.09,4,2,16,10,3,43,2,0,2,0,2,0,2,0
5868044,2026-09-07,Real Sociedad,Elche,313542,Carlos Soler,MC,1,97,0,1,0,0,0,7.1,0.0,0.0,0,0.0,0.17,0,0,38,35,2,52,0,1,0,0,1,1,3,0
5868044,2026-09-07,Real Sociedad,Elche,318505,Yangel Herrera,MC,1,69,1,0,0,0,0,7.4,0.13,0.13,0,0.0,0.0,3,1,35,30,0,42,1,0,2,1,0,0,0,0
5868044,2026-09-07,Real Sociedad,Elche,247995,Goncalo Guedes,ML,1,57,0,0,0,0,0,6.4,0.02,0.02,0,0.0,0.04,1,0,15,13,1,28,2,0,1,0,0,0,2,0
5868044,2026-09-07,Real Sociedad,Elche,298839,Mikel Oyarzabal,FW,1,69,0,0,0,0,0,6.6,0.0,0.0,0,0.0,0.09,0,0,22,18,0,29,1,0,2,0,0,0,0,0
5868044,2026-09-07,Real Sociedad,Elche,407080,Luka Sucic,FW,1,97,1,0,0,0,0,8.7,0.22,0.22,0,0.0,0.06,4,2,36,29,1,55,4,0,2,3,0,0,1,0
5868044,2026-09-07,Real Sociedad,Elche,395320,Jon Pacheco,Sub,0,28,0,0,0,0,0,6.4,0.0,0.0,0,0.0,0.0,0,0,3,3,0,8,1,0,0,0,0,3,0,0
5868044,2026-09-07,Real Sociedad,Elche,483206,Hector Fort,Sub,0,17,0,0,0,0,0,6.4,0.0,0.0,0,0.0,0.0,0,0,1,1,0,6,1,1,0,0,0,0,0,0
5868044,2026-09-07,Real Sociedad,Elche,495459,Jon Martin,Sub,0,40,0,0,0,1,0,5.0,0.0,0.0,0,0.0,0.0,0,0,3,3,0,3,0,0,0,0,1,0,0,0
5868044,2026-09-07,Real Sociedad,Elche,541871,Jon Gorrotxategi,Sub,0,28,0,0,0,0,0,6.0,0.0,0.0,0,0.0,0.0,0,0,4,3,0,9,0,0,0,0,0,1,0,0
5868044,2026-09-07,Real Sociedad,Elche,546574,Alex Marchal,Sub,0,40,0,0,0,0,0,6.0,0.0,0.0,0,0.0,0.0,0,0,4,3,0,7,2,0,0,1,0,0,0,0
5868045,2026-09-06,Espanyol,Sevilla,259393,Marko Dmitrovic,GK,1,101,0,0,0,0,0,6.4,0.0,0.0,0,0.0,0.0,0,0,27,22,0,42,0,0,0,1,0,0,0,2
5868045,2026-09-06,Espanyol,Sevilla,449410,Omar El Hilali,DR,1,74,0,0,0,0,0,7.0,0.0,0.0,0,0.0,0.12,0,0,9,5,1,32,4,1,1,0,0,2,0,0
5868045,2026-09-06,Espanyol,Sevilla,344200,Unai Nunez,DC,1,85,0,0,0,0,0,5.9,0.02,0.02,0,0.0,0.0,1,0,63,45,0,72,4,0,1,1,0,5,0,0
5868045,2026-09-06,Espanyol,Sevilla,73265,Leandro Cabrera,DC,1,101,0,0,0,0,0,6.4,0.0,0.0,0,0.0,0.03,0,0,50,48,0,58,1,0,2,0,3,4,0,0
5868045,2026-09-06,Espanyol,Sevilla,555136,Roger Hinojo,DL,1,85,0,0,0,0,0,5.9,0.0,0.0,0,0.0,0.02,0,0,40,35,0,61,3,3,1,0,0,5,0,0
5868045,2026-09-06,Espanyol,Sevilla,478349,Gabriel Moscardo,DMC,1,58,0,0,1,0,0,6.7,0.0,0.0,0,0.0,0.01,0,0,21,17,0,32,3,1,5,0,1,2,1,0
5868045,2026-09-06,Espanyol,Sevilla,335696,Edu Exposito,DMC,1,101,0,0,0,0,0,7.8,0.09,0.09,0,0.0,0.77,1,0,49,39,6,71,0,1,2,3,1,1,0,0
5868045,2026-09-06,Espanyol,Sevilla,468761,Cala,AMR,1,58,0,0,1,0,0,6.2,0.1,0.1,0,0.0,0.03,2,0,14,8,0,23,3,0,3,0,0,0,2,0
5868045,2026-09-06,Espanyol,Sevilla,506010,Javi Hernandez,AMC,1,101,0,0,0,0,0,6.0,0.05,0.05,0,0.0,0.0,2,1,21,18,0,44,1,0,0,1,5,0,2,0
5868045,2026-09-06,Espanyol,Sevilla,398922,Tyrhys Dolan,AML,1,101,0,0,0,0,0,6.3,0.0,0.0,0,0.0,0.0,0,0,23,19,0,36,0,1,0,1,1,0,0,0
5868045,2026-09-06,Espanyol,Sevilla,448296,Roberto Fernandez,FW,1,101,0,0,0,0,0,6.2,0.17,0.17,0,0.0,0.0,3,0,7,6,0,20,1,0,1,0,2,1,0,0
5868045,2026-09-06,Espanyol,Sevilla,419935,Clemens Riedel,Sub,0,16,0,0,0,0,0,6.1,0.0,0.0,0,0.0,0.0,0,0,11,10,0,13,0,0,0,0,0,0,0,0
5868045,2026-09-06,Espanyol,Sevilla,444739,Quilindschy Hartman,Sub,0,16,0,0,0,0,0,6.3,0.0,0.0,0,0.0,0.13,0,0,9,9,1,14,0,0,1,0,2,0,0,0
5868045,2026-09-06,Espanyol,Sevilla,429273,Bryan Zaragoza,Sub,0,27,0,0,0,0,0,6.0,0.0,0.0,0,0.0,0.14,0,0,11,6,0,12,0,0,0,0,0,0,0,0
5868045,2026-09-06,Espanyol,Sevilla,401173,Urko Gonzalez de Zarate,Sub,0,43,0,0,0,0,0,6.4,0.0,0.0,0,0.0,0.0,0,0,21,16,0,25,2,0,1,0,0,1,0,0
5868045,2026-09-06,Espanyol,Sevilla,464541,Marcos Fernandez,Sub,0,43,1,0,0,0,0,7.2,1.15,1.15,2,0.72,0.0,3,2,4,2,0,12,1,0,2,0,2,0,0,0
5868045,2026-09-06,Sevilla,Espanyol,110273,Odysseas Vlachodimos,GK,1,101,0,0,0,0,0,6.7,0.0,0.0,0,0.0,0.0,0,0,30,12,0,38,0,0,1,0,0,3,0,2
5868045,2026-09-06,Sevilla,Espanyol,408735,Juan Iglesias,DR,1,101,0,0,0,0,0,6.5,0.03,0.03,0,0.0,0.01,1,1,30,20,0,46,2,1,0,0,1,3,0,0
5868045,2026-09-06,Sevilla,Espanyol,486031,Arouna Sangante,DC,1,101,0,0,0,1,0,5.5,0.0,0.0,0,0.0,0.0,0,0,26,19,0,32,0,1,1,0,1,1,0,0
5868045,2026-09-06,Sevilla,Espanyol,431509,Kike Salas,DC,1,101,0,0,0,0,0,6.8,0.0,0.0,0,0.0,0.0,0,0,29,18,0,47,2,1,5,0,0,6,1,0
5868045,2026-09-06,Sevilla,Espanyol,286080,Gabriel Suazo,DL,1,101,0,0,0,0,0,6.7,0.0,0.0,0,0.0,0.06,0,0,29,24,0,46,5,0,1,0,0,1,0,0
5868045,2026-09-06,Sevilla,Espanyol,388505,Lucien Agoume,MC,1,101,0,0,0,0,0,7.5,0.0,0.0,0,0.0,0.21,0,0,43,35,0,58,3,4,1,2,2,3,0,0
5868045,2026-09-06,Sevilla,Espanyol,395346,Giorgi Kochorashvili,MC,1,53,0,0,1,0,0,6.3,0.0,0.0,0,0.0,0.01,0,0,28,23,0,42,1,1,0,0,1,0,1,0
5868045,2026-09-06,Sevilla,Espanyol,335041,Jon Guridi,MC,1,70,0,0,0,0,0,6.6,0.0,0.0,0,0.0,0.03,0,0,23,20,1,30,0,1,2,1,1,0,1,0
5868045,2026-09-06,Sevilla,Espanyol,507590,Miguel Sierra,FWR,1,70,0,0,1,0,0,6.4,0.02,0.02,0,0.0,0.0,1,0,17,14,0,38,1,0,0,2,4,1,1,0
5868045,2026-09-06,Sevilla,Espanyol,454790,Robbie Ure,FW,1,53,0,0,1,0,0,6.2,0.0,0.0,0,0.0,0.05,0,0,9,9,0,19,1,0,0,1,2,0,1,0
5868045,2026-09-06,Sevilla,Espanyol,337022,Chidera Ejuke,FWL,1,59,0,0,0,0,0,6.5,0.0,0.0,0,0.0,0.0,0,0,24,23,0,36,0,2,1,1,0,2,1,0
5868045,2026-09-06,Sevilla,Espanyol,459707,Lucas Stassin,Sub,0,48,1,0,0,0,0,7.2,0.35,0.35,1,0.27,0.0,2,2,6,4,0,12,1,0,2,1,0,0,1,0
5868045,2026-09-06,Sevilla,Espanyol,362470,Youssouf Fofana,Sub,0,48,0,0,0,0,0,6.0,0.01,0.01,0,0.0,0.02,1,0,6,5,0,16,1,0,0,0,1,2,1,0
5868045,2026-09-06,Sevilla,Espanyol,422956,Jose Angel Carmona,Sub,0,31,0,0,0,0,0,6.2,0.0,0.0,0,0.0,0.02,0,0,4,1,1,14,0,0,0,0,0,0,0,0
5868045,2026-09-06,Sevilla,Espanyol,448284,Andres Castrin,Sub,0,42,0,0,0,0,0,6.4,0.02,0.02,0,0.0,0.0,1,0,2,2,0,9,1,2,1,0,0,2,0,0
5868045,2026-09-06,Sevilla,Espanyol,469547,Manu Bueno,Sub,0,31,0,0,0,0,0,6.1,0.0,0.0,0,0.0,0.03,0,0,8,3,1,14,0,0,0,0,0,0,0,0
5868046,2026-09-07,Getafe,Celta Vigo,243262,David Soria,GK,1,95,0,0,0,0,0,6.7,0.0,0.0,0,0.0,0.04,0,0,42,19,0,47,0,0,0,0,0,1,0,2
5868046,2026-09-07,Getafe,Celta Vigo,75919,Kiko Femenia,DR,1,7,0,0,0,0,0,6.3,0.0,0.0,0,0.0,0.0,0,0,3,3,0,4,0,1,0,0,0,0,0,0
5868046,2026-09-07,Getafe,Celta Vigo,77417,Nemanja Gudelj,DC,1,95,0,0,0,0,0,6.2,0.02,0.02,0,0.0,0.0,1,0,30,17,0,36,2,1,2,0,1,1,0,0
5868046,2026-09-07,Getafe,Celta Vigo,332990,Djene Dakonam,DC,1,95,0,0,0,0,0,6.0,0.0,0.0,0,0.0,0.0,0,0,25,18,0,27,0,1,0,0,0,0,0,0
5868046,2026-09-07,Getafe,Celta Vigo,389191,Zaid Romero,DC,1,95,0,0,2,1,0,5.0,0.08,0.08,0,0.0,0.0,1,0,31,24,0,44,0,3,0,2,2,4,1,0
5868046,2026-09-07,Getafe,Celta Vigo,135098,Johan Mojica,DL,1,95,0,0,1,0,0,6.8,0.0,0.0,0,0.0,0.03,0,0,15,11,1,46,2,0,0,0,1,8,0,0
5868046,2026-09-07,Getafe,Celta Vigo,344073,Orel Mangala,MC,1,93,0,0,0,0,0,6.7,0.0,0.0,0,0.0,0.0,0,0,15,12,0,24,0,4,1,0,0,3,1,0
5868046,2026-09-07,Getafe,Celta Vigo,444244,Ramon Terrats,MC,1,93,0,0,1,0,0,6.3,0.46,0.46,1,0.42,0.05,2,0,19,16,0,34,1,0,1,0,3,1,1,0
5868046,2026-09-07,Getafe,Celta Vigo,471047,Mario Martin,MC,1,95,0,0,0,0,0,6.5,0.09,0.09,0,0.0,0.01,2,1,24,19,0,40,6,1,1,0,0,2,1,0
5868046,2026-09-07,Getafe,Celta Vigo,134695,Enes Unal,FW,1,95,0,0,0,0,0,6.6,0.06,0.06,0,0.0,0.01,1,0,10,4,1,28,1,0,5,0,0,1,1,0
5868046,2026-09-07,Getafe,Celta Vigo,403803,Martin Satriano,FW,1,72,1,0,0,0,0,7.2,0.51,0.51,0,0.0,0.0,3,1,13,9,0,29,0,0,0,2,1,0,1,0
5868046,2026-09-07,Getafe,Celta Vigo,424815,Ivan Azon,Sub,0,23,0,0,0,0,0,6.0,0.0,0.0,0,0.0,0.0,0,0,3,1,0,5,1,0,1,0,0,0,0,0
5868046,2026-09-07,Getafe,Celta Vigo,469329,Andres Garcia,Sub,0,88,0,0,0,0,0,6.9,0.0,0.0,0,0.0,0.0,0,0,23,17,1,47,2,2,0,2,0,2,1,0
5868046,2026-09-07,Getafe,Celta Vigo,484251,Sebastian Boselli,Sub,0,2,0,0,0,0,0,6.0,0.0,0.0,0,0.0,0.0,0,0,0,0,0,0,0,0,0,0,0,0,0,0
5868046,2026-09-07,Getafe,Celta Vigo,546268,Oscar Lopez,Sub,0,2,0,0,0,0,0,6.0,0.0,0.0,0,0.0,0.0,0,0,0,0,0,0,0,0,0,0,0,0,0,0
5868046,2026-09-07,Celta Vigo,Getafe,296723,Ionut Radu,GK,1,95,0,0,0,0,0,6.2,0.0,0.0,0,0.0,0.0,0,0,24,21,0,37,0,0,0,0,0,1,0,1
5868046,2026-09-07,Celta Vigo,Getafe,84008,Marcos Alonso,DC,1,95,0,0,1,0,0,6.6,0.0,0.0,0,0.0,0.04,0,0,82,64,0,95,2,2,2,0,1,5,1,0
5868046,2026-09-07,Celta Vigo,Getafe,528001,Yoel Lago,DC,1,95,0,0,0,0,0,6.5,0.0,0.0,0,0.0,0.01,0,0,79,70,0,97,0,1,1,0,1,6,1,0
5868046,2026-09-07,Celta Vigo,Getafe,378626,Carl Starfelt,DC,1,95,1,0,1,0,0,7.6,0.3,0.3,0,0.0,0.02,2,1,92,87,1,104,3,2,1,0,1,1,0,0
5868046,2026-09-07,Celta Vigo,Getafe,441888,Jones El Abdellaoui,DMR,1,63,0,0,0,0,0,5.8,0.06,0.06,0,0.0,0.0,1,0,20,17,0,38,0,0,1,1,2,2,1,0
5868046,2026-09-07,Celta Vigo,Getafe,369497,Javi Galan,DML,1,63,0,0,0,0,0,6.6,0.0,0.0,0,0.0,0.1,0,0,25,18,2,41,3,0,0,0,0,0,0,0
5868046,2026-09-07,Celta Vigo,Getafe,409030,Ilaix Moriba,MC,1,95,0,0,0,0,0,6.1,0.02,0.02,0,0.0,0.04,1,0,79,71,0,89,4,0,0,0,1,0,1,0
5868046,2026-09-07,Celta Vigo,Getafe,462768,Miguel Roman,MC,1,95,0,0,0,0,0,6.7,0.07,0.07,0,0.0,0.06,3,0,57,46,1,66,1,1,1,1,0,0,0,0
5868046,2026-09-07,Celta Vigo,Getafe,91242,Iago Aspas,FWR,1,63,0,0,0,0,0,6.5,0.03,0.03,0,0.0,0.0,1,0,35,29,0,42,2,0,1,1,0,0,0,0
5868046,2026-09-07,Celta Vigo,Getafe,459082,Pablo Duran,FW,1,68,0,0,0,0,0,6.1,0.06,0.06,0,0.0,0.04,1,0,18,14,1,28,1,0,0,0,1,1,0,0
5868046,2026-09-07,Celta Vigo,Getafe,427117,Hugo Gonzalez,FWL,1,82,0,1,0,0,0,7.6,0.4,0.4,1,0.31,0.1,4,2,29,21,3,55,0,0,0,2,1,0,1,0
5868046,2026-09-07,Celta Vigo,Getafe,400009,Couhaib Driouech,Sub,0,32,0,0,0,0,0,6.3,0.04,0.04,0,0.0,0.12,1,0,11,8,2,23,1,0,0,0,0,0,0,0
5868046,2026-09-07,Celta Vigo,Getafe,259042,Borja Iglesias,Sub,0,27,0,0,0,0,0,5.9,0.1,0.1,0,0.0,0.0,2,0,5,4,0,8,0,0,0,0,0,0,0,0
5868046,2026-09-07,Celta Vigo,Getafe,386622,Sergio Carreira,Sub,0,32,0,0,0,0,0,6.1,0.0,0.0,0,0.0,0.05,0,0,20,16,1,22,1,0,0,0,0,0,0,0
5868046,2026-09-07,Celta Vigo,Getafe,396158,Ferran Jutgla,Sub,0,13,0,0,0,0,0,6.2,0.0,0.0,0,0.0,0.02,0,0,3,3,0,5,1,0,0,1,1,0,0,0
5868046,2026-09-07,Celta Vigo,Getafe,463588,Javi Rueda,Sub,0,32,0,0,0,0,0,6.7,0.0,0.0,0,0.0,0.18,0,0,9,8,2,17,1,1,1,0,0,1,0,0
5868047,2026-09-06,Málaga,Levante,261509,Alfonso Herrero,GK,1,94,0,0,0,0,0,7.2,0.0,0.0,0,0.0,0.0,0,0,46,34,0,54,0,0,1,0,0,2,0,3
5868047,2026-09-06,Málaga,Levante,508349,Rafita,DR,1,66,0,0,1,0,0,6.6,0.0,0.0,0,0.0,0.0,0,0,27,26,0,44,2,0,0,3,1,2,1,0
5868047,2026-09-06,Málaga,Levante,511043,Angel Recio,DC,1,94,0,0,0,0,0,7.1,0.02,0.02,0,0.0,0.01,1,1,103,96,0,109,1,1,2,0,1,3,0,0
5868047,2026-09-06,Málaga,Levante,141497,Einar Galilea,DC,1,94,0,0,0,0,0,7.1,0.0,0.0,0,0.0,0.0,0,0,92,85,0,105,0,2,0,1,1,6,0,0
5868047,2026-09-06,Málaga,Levante,402092,Jose Salinas,DL,1,94,0,0,0,0,0,7.0,0.0,0.0,0,0.0,0.0,0,0,45,41,0,63,1,1,1,1,1,3,0,0
5868047,2026-09-06,Málaga,Levante,388808,Pablo Martinez,MC,1,58,0,0,1,0,0,6.6,0.02,0.02,0,0.0,0.02,1,0,39,35,2,51,1,1,0,0,1,1,1,0
5868047,2026-09-06,Málaga,Levante,448294,Dani Lorenzo,MC,1,66,0,0,1,0,0,6.7,0.2,0.2,1,0.2,0.0,1,0,45,44,1,57,2,0,0,3,2,0,1,0
5868047,2026-09-06,Málaga,Levante,461527,Carlos Dotor,MC,1,85,0,0,0,0,0,6.6,0.08,0.08,0,0.0,0.15,1,0,41,34,2,57,3,0,2,1,3,1,2,0
5868047,2026-09-06,Málaga,Levante,448303,David Larrubia,FWR,1,94,0,0,0,0,0,6.5,0.12,0.12,0,0.0,0.18,2,0,22,18,1,48,3,0,0,3,0,0,5,0
5868047,2026-09-06,Málaga,Levante,541868,Chupe,FW,1,94,0,0,0,0,0,5.9,0.99,0.19,1,0.8,0.01,4,2,14,8,0,28,0,0,2,0,2,2,0,0
5868047,2026-09-06,Málaga,Levante,357786,Juan Cruz,FWL,1,58,0,0,0,0,0,6.5,0.0,0.0,0,0.0,0.0,0,0,21,16,0,30,2,0,0,1,0,0,0,0
5868047,2026-09-06,Málaga,Levante,508035,Izan Merino,Sub,0,36,0,0,0,0,0,6.2,0.0,0.0,0,0.0,0.0,0,0,20,20,0,21,1,0,0,0,0,0,0,0
5868047,2026-09-06,Málaga,Levante,366204,Joaquin Munoz,Sub,0,36,0,0,0,0,0,6.3,0.0,0.0,0,0.0,0.08,0,0,11,9,2,17,0,0,0,1,1,0,1,0
5868047,2026-09-06,Málaga,Levante,447938,Carlos Puga,Sub,0,28,0,0,1,0,0,6.6,0.0,0.0,0,0.0,0.0,0,0,22,13,0,37,1,1,0,3,2,0,0,0
5868047,2026-09-06,Málaga,Levante,448289,Ramon Enriquez,Sub,0,28,0,0,0,0,0,6.3,0.0,0.0,0,0.0,0.0,0,0,24,22,0,29,1,2,0,1,0,0,0,0
5868047,2026-09-06,Málaga,Levante,404108,Jens Cajuste,Sub,0,9,0,0,0,0,0,6.2,0.0,0.0,0,0.0,0.0,0,0,6,5,0,7,1,0,0,0,0,0,0,0
5868047,2026-09-06,Levante,Málaga,81523,Mathew Ryan,GK,1,94,0,0,0,0,0,7.6,0.0,0.0,0,0.0,0.0,0,0,35,27,0,45,0,0,0,0,0,1,0,3
5868047,2026-09-06,Levante,Málaga,578266,Nacho Perez,DR,1,76,0,0,0,0,0,6.3,0.42,0.42,1,0.42,0.0,1,1,15,11,0,28,1,1,0,0,1,3,0,0
5868047,2026-09-06,Levante,Málaga,90115,Aissa Mandi,DC,1,94,0,0,1,0,0,6.9,0.0,0.0,0,0.0,0.0,0,0,59,53,0,70,1,2,0,0,0,4,0,0
5868047,2026-09-06,Levante,Málaga,383780,Adrian de la Fuente,DC,1,94,0,0,1,0,0,6.9,0.03,0.03,0,0.0,0.0,1,0,42,34,0,56,1,1,2,0,2,4,0,0
5868047,2026-09-06,Levante,Málaga,374813,Manu Sanchez,DL,1,94,0,0,0,0,0,7.9,0.0,0.0,0,0.0,0.09,0,0,49,44,1,73,16,0,0,0,1,2,0,0
5868047,2026-09-06,Levante,Málaga,362623,Oriol Rey,DMC,1,94,0,0,0,0,0,6.6,0.04,0.04,0,0.0,0.0,1,0,32,28,0,40,2,1,1,0,1,1,0,0
5868047,2026-09-06,Levante,Málaga,448231,Roger Brugue,MR,1,94,0,0,0,0,0,6.0,0.08,0.08,0,0.0,0.0,1,0,15,9,0,21,2,0,1,0,1,0,0,0
5868047,2026-09-06,Levante,Málaga,467181,Enzo Bardeli,MC,1,76,0,0,0,0,0,6.9,0.04,0.04,0,0.0,0.14,1,0,20,16,2,40,6,3,1,0,2,0,1,0
5868047,2026-09-06,Levante,Málaga,413346,Jon Ander Olasagasti,MC,1,85,0,0,0,0,0,6.8,0.08,0.08,0,0.0,0.07,1,0,29,17,1,50,4,0,3,0,1,2,0,0
5868047,2026-09-06,Levante,Málaga,446729,Thiago Fernandez,ML,1,76,0,0,0,0,0,7.1,0.5,0.5,1,0.42,0.02,3,1,16,13,1,30,5,1,0,3,0,0,1,0
5868047,2026-09-06,Levante,Málaga,407567,Ivan Romero,FW,1,59,0,0,0,0,0,7.0,0.07,0.07,0,0.0,0.12,2,1,12,8,2,24,2,0,3,1,0,1,0,0
5868047,2026-09-06,Levante,Málaga,129620,Jeremy Toljan,Sub,0,18,0,0,0,0,0,6.2,0.0,0.0,0,0.0,0.0,0,0,4,3,0,6,0,0,0,1,0,0,0,0
5868047,2026-09-06,Levante,Málaga,415345,Hugo Sotelo,Sub,0,18,0,0,0,0,0,6.3,0.0,0.0,0,0.0,0.0,0,0,2,1,0,5,1,1,0,0,0,0,0,0
5868047,2026-09-06,Levante,Málaga,541854,Paco Cortes,Sub,0,18,0,0,0,0,0,6.2,0.0,0.0,0,0.0,0.0,0,0,2,1,0,5,1,0,0,1,0,0,0,0
5868047,2026-09-06,Levante,Málaga,637210,Yanis Musuayi,Sub,0,35,0,0,0,0,0,6.0,0.0,0.0,0,0.0,0.0,0,0,4,3,0,16,0,0,0,1,2,1,2,0
5868047,2026-09-06,Levante,Málaga,496149,Dani Requena,Sub,0,9,0,0,0,0,0,6.1,0.0,0.0,0,0.0,0.0,0,0,0,0,0,3,1,0,0,0,0,1,0,0
5868048,2026-09-05,Rayo Vallecano,Racing Santander,386261,Dani Cardenas,GK,1,96,0,0,0,0,0,5.8,0.0,0.0,0,0.0,0.0,0,0,22,10,0,30,0,0,0,0,0,0,0,2
5868048,2026-09-05,Rayo Vallecano,Racing Santander,372331,Andrei Ratiu,DR,1,96,1,0,0,0,0,8.0,0.18,0.18,0,0.0,0.06,3,2,39,28,1,78,3,3,1,4,2,0,3,0
5868048,2026-09-05,Rayo Vallecano,Racing Santander,80758,Florian Lejeune,DC,1,96,0,0,1,0,0,6.8,0.02,0.02,0,0.0,0.0,1,1,56,47,1,75,1,1,0,0,2,5,0,0
5868048,2026-09-05,Rayo Vallecano,Racing Santander,422963,Pathe Ciss,DC,1,96,0,0,0,0,0,6.7,0.04,0.04,0,0.0,0.0,1,0,51,47,0,68,1,1,2,0,2,8,2,0
5868048,2026-09-05,Rayo Vallecano,Racing Santander,363966,Adria Pedrosa,DL,1,74,0,0,0,0,0,6.5,0.08,0.08,0,0.0,0.01,2,1,22,14,1,44,1,0,0,2,1,1,1,0
5868048,2026-09-05,Rayo Vallecano,Racing Santander,236575,Unai Lopez,MC,1,96,0,2,0,0,0,7.5,0.06,0.06,0,0.0,0.35,1,0,63,52,5,83,4,1,0,1,1,0,0,0
5868048,2026-09-05,Rayo Vallecano,Racing Santander,422958,Oscar Valentin,MC,1,56,0,0,1,0,0,6.0,0.0,0.0,0,0.0,0.0,0,0,44,41,0,50,0,0,0,0,1,0,0,0
5868048,2026-09-05,Rayo Vallecano,Racing Santander,448514,Pedro Diaz,MC,1,96,0,0,0,0,0,6.4,0.06,0.06,0,0.0,0.01,2,0,34,33,0,49,3,0,0,0,2,0,1,0
5868048,2026-09-05,Rayo Vallecano,Racing Santander,386230,Jorge de Frutos,FWR,1,64,0,0,0,1,0,5.7,0.08,0.08,0,0.0,0.02,1,1,12,10,0,21,1,0,0,0,1,0,1,0
5868048,2026-09-05,Rayo Vallecano,Racing Santander,372469,Sergio Camello,FW,1,56,2,1,1,0,0,9.0,0.48,0.48,0,0.0,0.08,3,3,15,13,3,27,1,0,0,0,0,0,3,0
5868048,2026-09-05,Rayo Vallecano,Racing Santander,135345,Alvaro Garcia,FWL,1,74,0,0,0,0,0,7.1,0.07,0.07,0,0.0,0.0,2,2,7,5,0,21,0,1,1,1,0,2,0,0
5868048,2026-09-05,Rayo Vallecano,Racing Santander,101613,Ivan Balliu,Sub,0,22,0,0,0,0,0,6.3,0.0,0.0,0,0.0,0.0,0,0,0,0,0,6,1,1,0,0,0,1,0,0
5868048,2026-09-05,Rayo Vallecano,Racing Santander,436617,Alemao,Sub,0,40,0,0,0,0,0,6.1,0.0,0.0,0,0.0,0.0,0,0,4,3,0,13,0,0,1,1,1,1,3,0
5868048,2026-09-05,Rayo Vallecano,Racing Santander,367803,Giorgi Tsitaishvili,Sub,0,22,0,0,0,0,0,6.0,0.0,0.0,0,0.0,0.0,0,0,1,1,0,3,0,0,0,0,0,0,1,0
5868048,2026-09-05,Rayo Vallecano,Racing Santander,444265,Fran Perez,Sub,0,32,0,0,0,1,0,4.9,0.0,0.0,0,0.0,0.0,0,0,4,3,0,9,1,0,0,0,1,0,0,0
5868048,2026-09-05,Rayo Vallecano,Racing Santander,641813,Gnangoro,Sub,0,40,0,0,0,0,0,6.3,0.0,0.0,0,0.0,0.0,0,0,12,10,0,15,1,1,1,0,1,0,0,0
5868048,2026-09-05,Racing Santander,Rayo Vallecano,423108,Julen Agirrezabala,GK,1,96,0,0,0,0,0,7.4,0.0,0.0,0,0.0,0.0,0,0,23,16,0,50,0,0,0,0,0,1,0,6
5868048,2026-09-05,Racing Santander,Rayo Vallecano,448397,Alvaro Mantilla,DR,1,89,0,0,0,0,0,6.3,0.0,0.0,0,0.0,0.09,0,0,33,20,0,58,1,1,1,0,0,7,1,0
5868048,2026-09-05,Racing Santander,Rayo Vallecano,423973,Manu Hernando,DC,1,54,0,0,0,0,0,5.9,0.03,0.03,0,0.0,0.0,1,0,18,15,0,25,0,1,1,0,1,5,0,0
5868048,2026-09-05,Racing Santander,Rayo Vallecano,444264,Facu Gonzalez,DC,1,54,0,0,0,0,0,6.2,0.0,0.0,0,0.0,0.0,0,0,18,15,0,29,2,2,1,0,3,4,0,0
5868048,2026-09-05,Racing Santander,Rayo Vallecano,541900,Jorge Salinas,DL,1,96,0,0,0,0,0,7.0,0.0,0.0,0,0.0,0.0,0,0,27,20,0,56,4,2,2,0,0,7,0,0
5868048,2026-09-05,Racing Santander,Rayo Vallecano,447544,Matteo Prati,DMC,1,54,0,0,0,0,0,6.2,0.0,0.0,0,0.0,0.06,0,0,37,31,2,43,1,0,0,1,0,1,0,0
5868048,2026-09-05,Racing Santander,Rayo Vallecano,372473,Ivan Martin,DMC,1,96,0,0,0,0,0,6.8,0.0,0.0,0,0.0,0.01,0,0,61,52,0,77,6,0,1,1,1,2,1,0
5868048,2026-09-05,Racing Santander,Rayo Vallecano,551186,Pablo Garcia,AMR,1,89,1,0,0,0,0,7.2,0.3,0.3,1,0.24,0.0,3,2,9,8,0,29,4,0,0,1,0,0,3,0
5868048,2026-09-05,Racing Santander,Rayo Vallecano,44189,Sergio Canales,AMC,1,96,1,0,0,0,0,7.6,0.15,0.15,0,0.0,0.02,3,2,42,38,1,63,3,1,0,0,0,0,1,0
5868048,2026-09-05,Racing Santander,Rayo Vallecano,402137,Inigo Vicente,AML,1,96,0,0,1,0,0,6.9,0.0,0.0,0,0.0,0.25,0,0,51,35,2,69,6,3,0,1,1,2,0,0
5868048,2026-09-05,Racing Santander,Rayo Vallecano,538158,Yassir Zabiri,FW,1,96,0,0,1,0,0,6.4,0.02,0.02,0,0.0,0.03,1,0,13,9,1,26,2,0,0,1,5,0,0,0
5868048,2026-09-05,Racing Santander,Rayo Vallecano,431340,Jeanuel Belocian,Sub,0,42,0,0,0,0,0,6.7,0.04,0.04,0,0.0,0.01,1,0,17,16,0,27,1,0,4,0,1,5,0,0
5868048,2026-09-05,Racing Santander,Rayo Vallecano,322246,Andre Almeida,Sub,0,42,0,0,0,0,0,6.3,0.0,0.0,0,0.0,0.28,0,0,32,30,0,39,2,1,0,0,0,0,1,0
5868048,2026-09-05,Racing Santander,Rayo Vallecano,431570,Juan Carlos Arana,Sub,0,7,0,0,0,0,0,6.0,0.0,0.0,0,0.0,0.0,0,0,0,0,0,2,0,0,0,0,0,0,0,0
5868048,2026-09-05,Racing Santander,Rayo Vallecano,323546,Aaron Martin,Sub,0,7,0,0,0,0,0,6.0,0.0,0.0,0,0.0,0.04,0,0,7,6,0,8,0,0,0,0,0,0,0,0
5868048,2026-09-05,Racing Santander,Rayo Vallecano,413758,Pablo Ramon,Sub,0,42,0,0,0,0,0,6.4,0.0,0.0,0,0.0,0.0,0,0,24,23,0,27,3,1,0,0,0,0,0,0
5868049,2026-09-06,Valencia,Barcelona,141499,Stole Dimitrievski,GK,1,95,0,0,0,0,0,5.8,0.0,0.0,0,0.0,0.0,0,0,37,13,0,49,0,0,0,0,0,2,0,5
5868049,2026-09-06,Valencia,Barcelona,294848,Pablo Maffeo,DR,1,53,0,0,0,0,0,5.6,0.0,0.0,0,0.0,0.0,0,0,6,3,0,15,3,0,1,1,0,1,0,0
5868049,2026-09-06,Valencia,Barcelona,322095,Mouctar Diakhaby,DC,1,61,0,0,0,0,0,6.0,0.0,0.0,0,0.0,0.0,0,0,16,10,0,28,0,1,1,1,0,5,0,0
5868049,2026-09-06,Valencia,Barcelona,302889,Pepelu,DC,1,53,0,0,0,0,0,5.9,0.0,0.0,0,0.0,0.0,0,0,18,16,0,27,3,1,0,0,0,4,0,0
5868049,2026-09-06,Valencia,Barcelona,444239,Arnau Martinez,DC,1,95,0,0,1,0,0,5.3,0.0,0.0,0,0.0,0.0,0,0,20,18,0,43,4,0,0,0,1,2,0,0
5868049,2026-09-06,Valencia,Barcelona,408732,Jesus Vazquez,DL,1,53,0,0,0,0,0,6.0,0.0,0.0,0,0.0,0.0,0,0,9,8,0,33,3,1,0,1,0,2,1,0
5868049,2026-09-06,Valencia,Barcelona,510999,David Otorbi,MR,1,75,0,0,0,0,0,5.7,0.0,0.0,0,0.0,0.0,0,0,16,11,0,23,2,0,1,0,0,0,1,0
5868049,2026-09-06,Valencia,Barcelona,431121,Aliou Dieng,MC,1,95,0,0,0,0,0,6.3,0.0,0.0,0,0.0,0.0,0,0,20,19,0,34,4,0,0,3,1,1,0,0
5868049,2026-09-06,Valencia,Barcelona,379684,Filip Ugrinic,MC,1,95,0,0,0,0,0,5.5,0.0,0.0,0,0.0,0.0,0,0,36,28,1,51,3,2,0,0,0,2,0,0
5868049,2026-09-06,Valencia,Barcelona,431507,Javi Guerra,ML,1,61,0,0,0,0,0,5.7,0.0,0.0,0,0.0,0.0,0,0,10,6,0,14,1,0,0,0,0,0,2,0
5868049,2026-09-06,Valencia,Barcelona,323625,Arnaut Danjuma,FW,1,95,0,0,0,0,0,5.8,0.74,0.74,2,0.68,0.0,3,2,12,11,0,18,0,0,1,0,1,0,0,0
5868049,2026-09-06,Valencia,Barcelona,427831,Cesar Tarrega,Sub,0,42,0,0,0,0,0,6.2,0.0,0.0,0,0.0,0.0,0,0,7,5,0,16,0,3,0,0,1,4,1,0
5868049,2026-09-06,Valencia,Barcelona,354526,Hugo Duro,Sub,0,20,0,0,0,0,0,5.9,0.0,0.0,0,0.0,0.0,0,0,7,6,0,8,0,0,1,0,0,0,0,0
5868049,2026-09-06,Valencia,Barcelona,119817,Jose Gaya,Sub,0,42,0,0,0,0,0,6.2,0.0,0.0,0,0.0,0.0,0,0,16,13,0,27,4,0,0,1,2,1,0,0
5868049,2026-09-06,Valencia,Barcelona,363982,Harvey Elliott,Sub,0,42,0,0,0,0,0,6.1,0.0,0.0,0,0.0,0.02,0,0,22,17,0,24,2,0,0,0,0,0,0,0
5868049,2026-09-06,Valencia,Barcelona,534590,Iker Cordoba,Sub,0,34,0,0,0,0,0,5.7,0.0,0.0,0,0.0,0.0,0,0,17,14,0,20,0,2,0,0,1,1,0,0
5868049,2026-09-06,Valencia,Barcelona,562981,Ryunosuke Sato,Sub,0,34,0,0,0,0,0,5.7,0.0,0.0,0,0.0,0.0,0,0,11,7,0,20,4,0,0,0,0,0,0,0
5868049,2026-09-06,Barcelona,Valencia,422824,Joan Garcia,GK,1,95,0,0,0,0,0,7.5,0.0,0.0,0,0.0,0.0,0,0,15,14,0,27,0,0,0,0,0,3,0,2
5868049,2026-09-06,Barcelona,Valencia,368091,Eric Garcia,DR,1,28,0,0,0,0,0,6.4,0.0,0.0,0,0.0,0.0,0,0,34,32,0,38,1,0,0,0,0,0,0,0
5868049,2026-09-06,Barcelona,Valencia,498386,Pau Cubarsi,DC,1,61,0,0,1,0,0,7.1,0.0,0.0,0,0.0,0.0,0,0,56,55,0,65,1,2,1,0,1,3,0,0
5868049,2026-09-06,Barcelona,Valencia,512879,Gerard Martin,DC,1,95,0,0,0,0,0,6.9,0.0,0.0,0,0.0,0.01,0,0,89,82,0,97,1,1,0,0,1,2,0,0
5868049,2026-09-06,Barcelona,Valencia,591617,Xavi Espart,DL,1,95,0,0,0,0,0,7.6,0.04,0.04,0,0.0,0.0,1,0,39,31,0,69,7,1,1,1,2,2,0,0
5868049,2026-09-06,Barcelona,Valencia,463838,Fermin Lopez,MC,1,74,1,2,1,0,0,9.7,0.56,0.56,1,0.42,0.85,4,3,47,40,4,67,0,0,0,4,1,0,0,0
5868049,2026-09-06,Barcelona,Valencia,303139,Rodri,MC,1,61,0,0,1,0,0,7.0,0.04,0.04,0,0.0,0.02,1,0,83,81,1,91,1,1,0,0,1,1,0,0
5868049,2026-09-06,Barcelona,Valencia,402197,Pedri,MC,1,80,1,0,0,0,0,8.1,0.41,0.41,0,0.0,0.08,2,1,72,69,0,86,4,0,0,1,0,1,0,0
5868049,2026-09-06,Barcelona,Valencia,480249,Lamine Yamal,FWR,1,95,2,0,0,0,0,9.9,1.08,1.08,1,0.34,0.21,8,4,79,66,5,105,0,0,0,4,0,0,4,0
5868049,2026-09-06,Barcelona,Valencia,300447,Raphinha,FW,1,95,1,0,0,0,0,7.8,1.34,1.34,1,0.42,0.08,3,1,48,39,1,58,1,0,1,0,0,0,0,0
5868049,2026-09-06,Barcelona,Valencia,349669,Anthony Gordon,FWL,1,61,0,1,0,0,0,7.3,0.47,0.47,1,0.4,0.14,2,1,27,25,2,42,2,0,0,1,0,0,2,0
5868049,2026-09-06,Barcelona,Valencia,279379,Gabriel Jesus,Sub,0,15,0,0,0,0,0,6.7,0.12,0.12,0,0.0,0.19,2,0,14,11,1,21,0,0,0,2,0,0,0,0
5868049,2026-09-06,Barcelona,Valencia,130331,Andreas Christensen,Sub,0,34,0,0,0,0,0,6.5,0.0,0.0,0,0.0,0.0,0,0,48,48,0,48,0,0,2,0,0,0,0,0
5868049,2026-09-06,Barcelona,Valencia,301019,Jules Kounde,Sub,0,67,0,0,0,0,0,7.0,0.0,0.0,0,0.0,0.0,0,0,78,75,1,87,1,1,0,1,0,1,1,0
5868049,2026-09-06,Barcelona,Valencia,392646,Karim Adeyemi,Sub,0,34,0,0,0,0,0,6.6,0.0,0.0,0,0.0,0.06,0,0,13,12,0,20,0,0,0,2,0,0,0,0
5868049,2026-09-06,Barcelona,Valencia,261212,Dani Olmo,Sub,0,21,0,2,0,0,0,7.9,0.14,0.14,0,0.0,0.5,2,0,16,15,2,24,1,1,0,1,0,0,1,0
5868049,2026-09-06,Barcelona,Valencia,534796,Marc Bernal,Sub,0,34,0,0,0,0,0,6.4,0.0,0.0,0,0.0,0.09,0,0,34,33,2,36,2,0,0,0,0,0,0,0
5868050,2026-09-05,Villarreal,Deportivo A Coruña,400826,Luiz Junior,GK,1,95,0,0,0,0,0,5.3,0.0,0.0,0,0.0,0.0,0,0,19,15,0,21,0,0,0,0,0,0,0,0
5868050,2026-09-05,Villarreal,Deportivo A Coruña,440159,Alex Freeman,DR,1,95,0,0,0,0,0,6.6,0.04,0.04,0,0.0,0.01,2,1,83,80,0,96,3,0,1,0,0,2,0,0
5868050,2026-09-05,Villarreal,Deportivo A Coruña,389130,Logan Costa,DC,1,82,0,0,0,0,0,6.0,0.04,0.04,0,0.0,0.03,1,0,52,48,0,56,0,0,1,0,0,1,0,0
5868050,2026-09-05,Villarreal,Deportivo A Coruña,434077,Renato Veiga,DC,1,95,0,0,0,0,0,6.5,0.0,0.0,0,0.0,0.0,0,0,78,74,0,86,1,3,1,0,3,4,0,0
5868050,2026-09-05,Villarreal,Deportivo A Coruña,448209,Sergi Cardona,DL,1,95,0,0,0,0,0,6.2,0.0,0.0,0,0.0,0.01,0,0,59,52,0,88,3,2,2,0,3,0,0,0
5868050,2026-09-05,Villarreal,Deportivo A Coruña,239872,Nicolas Pepe,MR,1,95,1,0,0,0,0,7.4,0.39,0.39,0,0.0,0.28,5,1,62,55,4,93,1,0,0,3,0,0,1,0
5868050,2026-09-05,Villarreal,Deportivo A Coruña,445119,Nathan Saliba,MC,1,95,0,0,0,0,0,7.5,0.09,0.09,0,0.0,0.13,1,0,73,67,1,92,7,3,3,1,0,3,1,0
5868050,2026-09-05,Villarreal,Deportivo A Coruña,399047,Pape Gueye,MC,1,61,0,0,0,0,0,6.5,0.05,0.05,0,0.0,0.09,1,1,59,52,2,69,0,0,0,0,0,0,0,0
5868050,2026-09-05,Villarreal,Deportivo A Coruña,448211,Alberto Moleiro,ML,1,61,0,0,0,0,0,6.4,0.38,0.38,1,0.31,0.12,2,2,31,25,1,46,1,0,0,0,1,0,1,0
5868050,2026-09-05,Villarreal,Deportivo A Coruña,135366,Ayoze Perez,FW,1,61,0,1,0,0,0,6.9,0.09,0.09,0,0.0,0.0,1,0,20,16,1,27,1,0,1,0,1,0,0,0
5868050,2026-09-05,Villarreal,Deportivo A Coruña,97659,Gerard Moreno,FW,1,76,0,0,0,0,0,7.1,0.31,0.31,1,0.31,0.23,1,0,38,35,1,51,0,0,1,2,0,0,0,0
5868050,2026-09-05,Villarreal,Deportivo A Coruña,371027,Tajon Buchanan,Sub,0,34,0,0,1,0,0,5.9,0.0,0.0,0,0.0,0.01,0,0,19,16,1,26,1,0,0,0,1,1,0,0
5868050,2026-09-05,Villarreal,Deportivo A Coruña,389020,Georges Mikautadze,Sub,0,34,0,0,0,0,0,6.1,0.13,0.13,0,0.0,0.03,2,0,16,13,0,24,0,0,0,1,0,0,0,0
5868050,2026-09-05,Villarreal,Deportivo A Coruña,445292,Tani Oluwaseyi,Sub,0,19,0,0,0,0,0,5.7,0.0,0.0,0,0.0,0.0,0,0,4,4,0,6,0,0,0,0,2,0,1,0
5868050,2026-09-05,Villarreal,Deportivo A Coruña,428500,Ilias Akhomach,Sub,0,13,0,0,0,0,0,5.1,0.02,0.02,0,0.0,0.0,1,0,6,5,0,12,1,0,0,0,0,0,1,0
5868050,2026-09-05,Villarreal,Deportivo A Coruña,362735,Santi Comesana,Sub,0,34,0,0,1,0,0,5.9,0.0,0.0,0,0.0,0.0,0,0,29,24,2,31,1,0,0,0,3,0,0,0
5868050,2026-09-05,Deportivo A Coruña,Villarreal,423420,Leo Roman,GK,1,95,0,0,0,0,0,5.8,0.0,0.0,0,0.0,0.0,0,0,40,28,0,47,0,0,0,0,0,0,0,4
5868050,2026-09-05,Deportivo A Coruña,Villarreal,100881,Ximo Navarro,DR,1,95,0,0,0,0,0,7.1,0.0,0.0,0,0.0,0.01,0,0,30,25,0,60,6,2,0,0,0,8,0,0
5868050,2026-09-05,Deportivo A Coruña,Villarreal,431768,Lucas Noubi,DC,1,95,0,0,0,0,0,6.8,0.0,0.0,0,0.0,0.0,0,0,53,42,0,70,1,2,1,0,2,7,0,0
5868050,2026-09-05,Deportivo A Coruña,Villarreal,135914,Jose Maria Gimenez,DC,1,65,0,0,0,0,0,6.8,0.0,0.0,0,0.0,0.01,0,0,34,32,1,44,1,1,1,0,0,6,0,0
5868050,2026-09-05,Deportivo A Coruña,Villarreal,393081,Giacomo Quagliata,DL,1,95,0,0,0,0,0,7.0,0.02,0.02,0,0.0,0.09,1,0,32,26,0,49,1,3,0,2,1,4,0,0
5868050,2026-09-05,Deportivo A Coruña,Villarreal,428620,Luismi Cruz,MR,1,76,1,0,0,0,0,7.2,0.33,0.33,0,0.0,0.06,1,1,21,16,0,37,4,1,0,1,3,0,1,0
5868050,2026-09-05,Deportivo A Coruña,Villarreal,470032,Lorenzo Amatucci,MC,1,95,0,0,1,0,0,7.3,0.0,0.0,0,0.0,0.01,0,0,45,43,2,63,5,3,1,0,4,5,0,0
5868050,2026-09-05,Deportivo A Coruña,Villarreal,409130,Mario Soriano,MC,1,65,0,0,0,0,0,6.2,0.0,0.0,0,0.0,0.0,0,0,44,42,0,49,0,0,1,0,2,2,2,0
5868050,2026-09-05,Deportivo A Coruña,Villarreal,448450,Riki Rodriguez,ML,1,53,0,0,0,0,0,5.9,0.0,0.0,0,0.0,0.0,0,0,11,9,0,12,2,0,0,0,1,0,0,0
5868050,2026-09-05,Deportivo A Coruña,Villarreal,44120,Pierre-Emerick Aubameyang,FW,1,95,1,2,0,0,0,8.6,0.67,0.67,1,0.31,0.16,3,1,18,15,2,33,2,0,0,0,0,3,0,0
5868050,2026-09-05,Deportivo A Coruña,Villarreal,598590,Bil Nsongo,FW,1,65,0,0,0,0,0,6.9,0.05,0.05,0,0.0,0.0,1,0,16,12,0,32,4,0,2,2,0,1,0,0
5868050,2026-09-05,Deportivo A Coruña,Villarreal,429003,Zakaria Eddahchouri,Sub,0,19,1,0,0,0,0,7.2,0.04,0.04,0,0.0,0.07,1,1,4,4,1,6,0,0,0,0,0,0,1,0
5868050,2026-09-05,Deportivo A Coruña,Villarreal,454343,Marc Casado,Sub,0,30,0,0,0,0,0,6.3,0.0,0.0,0,0.0,0.0,0,0,7,6,0,12,0,0,0,0,0,0,0,0
5868050,2026-09-05,Deportivo A Coruña,Villarreal,448011,Yeremay Hernandez,Sub,0,42,0,0,1,0,0,6.1,0.07,0.07,0,0.0,0.0,1,0,12,9,0,22,1,0,0,0,1,0,0,0
5868050,2026-09-05,Deportivo A Coruña,Villarreal,448273,Miguel Loureiro,Sub,0,30,0,0,0,0,0,6.3,0.0,0.0,0,0.0,0.0,0,0,9,9,0,14,0,0,0,0,0,4,0,0
5868050,2026-09-05,Deportivo A Coruña,Villarreal,140088,Adama Traore,Sub,0,30,0,0,0,0,0,5.9,0.0,0.0,0,0.0,0.0,0,0,11,10,0,24,0,0,0,2,0,0,1,0
5868051,2026-09-12,Athletic Club,Elche,332823,Unai Simon,GK,1,96,0,0,0,0,0,6.2,0.0,0.0,0,0.0,0.0,0,0,32,28,0,42,0,0,1,0,0,1,0,0
5868051,2026-09-12,Athletic Club,Elche,422820,Jesus Areso,DR,1,64,0,0,0,0,0,6.0,0.0,0.0,0,0.0,0.01,0,0,31,25,0,53,4,3,0,0,1,0,0,0
5868051,2026-09-12,Athletic Club,Elche,122117,Aymeric Laporte,DC,1,96,0,0,0,0,0,6.2,0.0,0.0,0,0.0,0.01,0,0,118,111,0,121,0,0,1,0,1,0,0,0
5868051,2026-09-12,Athletic Club,Elche,279839,Yeray Alvarez,DC,1,96,0,0,0,0,0,6.4,0.0,0.0,0,0.0,0.0,0,0,110,101,0,118,4,0,1,0,1,1,0,0
5868051,2026-09-12,Athletic Club,Elche,56057,Yuri Berchiche,DL,1,96,0,0,1,0,0,6.6,0.12,0.12,0,0.0,0.02,4,0,82,77,1,107,2,0,2,0,1,1,0,0
5868051,2026-09-12,Athletic Club,Elche,106586,Inigo Ruiz de Galarreta,DMC,1,64,0,0,0,0,0,6.3,0.03,0.03,0,0.0,0.0,1,0,45,35,0,58,0,1,1,1,0,0,1,0
5868051,2026-09-12,Athletic Club,Elche,536243,Benat Gerenabarrena,DMC,1,96,0,0,1,0,0,6.0,0.0,0.0,0,0.0,0.0,0,0,47,40,0,56,4,1,1,0,4,0,0,0
5868051,2026-09-12,Athletic Club,Elche,400237,Robert Navarro,AMR,1,71,0,0,0,0,0,7.1,0.43,0.43,1,0.43,0.13,1,0,22,19,4,44,3,3,0,1,0,0,0,0
5868051,2026-09-12,Athletic Club,Elche,381510,Oihan Sancet,AMC,1,96,0,0,0,0,0,6.2,0.16,0.16,0,0.0,0.64,4,0,30,27,3,47,0,0,0,0,0,0,2,0
5868051,2026-09-12,Athletic Club,Elche,408449,Nico Williams,AML,1,96,0,0,0,0,0,6.7,0.1,0.1,0,0.0,0.69,3,1,41,34,4,66,2,0,0,0,1,0,1,0
5868051,2026-09-12,Athletic Club,Elche,255182,Inaki Williams,FW,1,80,1,0,0,0,0,7.0,1.47,1.47,1,0.51,0.0,4,1,6,1,0,23,1,0,0,1,1,1,0,0
5868051,2026-09-12,Athletic Club,Elche,238899,Alex Berenguer,Sub,0,25,0,1,1,0,0,6.8,0.0,0.0,0,0.0,0.66,0,0,8,7,2,14,0,0,0,0,1,0,0,0
5868051,2026-09-12,Athletic Club,Elche,431668,Johaneko Louis-Jean,Sub,0,32,0,0,0,0,0,6.4,0.0,0.0,0,0.0,0.0,0,0,15,15,0,21,1,1,0,0,0,0,0,0
5868051,2026-09-12,Athletic Club,Elche,511120,Mikel Jauregizar,Sub,0,32,0,0,0,0,0,6.5,0.0,0.0,0,0.0,0.0,0,0,26,22,0,30,1,1,1,0,0,0,0,0
5868051,2026-09-12,Athletic Club,Elche,541704,Maroan Sannadi,Sub,0,16,0,0,0,0,0,6.0,0.44,0.44,1,0.42,0.0,2,1,1,0,0,3,0,0,1,0,0,0,0,0
5868051,2026-09-12,Elche,Athletic Club,422916,Matias Dituro,GK,1,96,0,0,0,0,0,6.1,0.0,0.0,0,0.0,0.0,0,0,46,26,0,51,0,0,0,0,0,1,0,2
5868051,2026-09-12,Elche,Athletic Club,510360,Buba Sangare,DR,1,96,0,0,0,0,0,6.7,0.0,0.0,0,0.0,0.0,0,0,15,11,0,34,2,0,1,0,0,7,0,0
5868051,2026-09-12,Elche,Athletic Club,402862,Victor Chust,DC,1,96,0,0,0,0,0,6.2,0.04,0.04,0,0.0,0.0,1,0,40,32,0,50,0,1,1,0,1,2,1,0
5868051,2026-09-12,Elche,Athletic Club,419616,Federico Redondo,DC,1,96,0,0,1,0,0,7.2,0.0,0.0,0,0.0,0.0,0,0,40,39,0,62,7,4,0,0,1,4,0,0
5868051,2026-09-12,Elche,Athletic Club,451213,Roy Revivo,DL,1,96,0,0,0,0,0,7.0,0.0,0.0,0,0.0,0.0,0,0,30,23,0,47,1,1,3,1,0,7,0,0
5868051,2026-09-12,Elche,Athletic Club,390240,German Valera,MR,1,81,0,0,0,0,0,6.4,0.0,0.0,0,0.0,0.01,0,0,17,15,0,33,0,2,0,0,0,0,2,0
5868051,2026-09-12,Elche,Athletic Club,357388,Gonzalo Villar,MC,1,82,0,0,0,0,0,7.1,0.0,0.0,0,0.0,0.01,0,0,38,33,0,52,2,1,1,3,1,1,0,0
5868051,2026-09-12,Elche,Athletic Club,617819,Javier Morcillo,MC,1,96,0,0,0,0,0,6.9,0.0,0.0,0,0.0,0.0,0,0,20,19,0,33,4,2,0,0,1,2,1,0
5868051,2026-09-12,Elche,Athletic Club,402087,Tete Morente,ML,1,75,0,0,0,0,0,6.7,0.0,0.0,0,0.0,0.0,0,0,18,13,0,32,1,1,0,2,0,0,0,0
5868051,2026-09-12,Elche,Athletic Club,432384,Facundo Buonanotte,AMC,1,68,1,0,0,0,1,7.1,0.8,0.0,0,0.0,0.0,1,1,14,8,0,28,3,1,0,0,1,1,1,0
5868051,2026-09-12,Elche,Athletic Club,391082,Fer Nino,FW,1,68,0,0,0,0,0,6.8,0.0,0.0,0,0.0,0.0,0,0,19,12,0,30,3,0,4,1,2,3,1,0
5868051,2026-09-12,Elche,Athletic Club,132962,Thomas Lemar,Sub,0,28,0,0,0,0,0,5.9,0.0,0.0,0,0.0,0.0,0,0,10,8,0,14,0,0,0,0,2,1,0,0
5868051,2026-09-12,Elche,Athletic Club,426757,Ruben Sanchez,Sub,0,21,0,0,1,0,0,5.8,0.01,0.01,0,0.0,0.0,1,0,2,2,0,9,0,0,0,0,1,1,0,0
5868051,2026-09-12,Elche,Athletic Club,433973,Abiel Osorio,Sub,0,28,0,0,1,0,0,5.8,0.0,0.0,0,0.0,0.0,0,0,1,1,0,5,0,0,0,0,2,0,0,0
5868051,2026-09-12,Elche,Athletic Club,438351,Martim Neto,Sub,0,14,0,0,0,0,0,6.2,0.0,0.0,0,0.0,0.0,0,0,4,3,0,6,0,0,0,1,0,0,0,0
5868051,2026-09-12,Elche,Athletic Club,516414,Lucas Cepeda,Sub,0,15,0,0,0,0,0,6.0,0.0,0.0,0,0.0,0.0,0,0,3,1,0,4,0,0,0,0,0,0,0,0
5868052,2026-09-13,Celta Vigo,Málaga,296723,Ionut Radu,GK,1,95,0,0,0,0,0,6.1,0.0,0.0,0,0.0,0.0,0,0,19,15,0,26,0,0,0,0,0,2,0,1
5868052,2026-09-13,Celta Vigo,Málaga,528001,Yoel Lago,DC,1,95,0,0,1,0,0,6.8,0.0,0.0,0,0.0,0.0,0,0,59,58,0,74,1,5,0,0,1,3,0,0
5868052,2026-09-13,Celta Vigo,Málaga,84008,Marcos Alonso,DC,1,95,0,0,0,0,0,6.4,0.03,0.03,0,0.0,0.0,1,0,64,56,0,76,2,0,2,0,1,2,0,0
5868052,2026-09-13,Celta Vigo,Málaga,448735,Sebastian Caceres,DC,1,95,0,0,0,0,0,6.9,0.02,0.02,0,0.0,0.0,1,0,66,59,0,77,2,1,3,0,1,3,1,0
5868052,2026-09-13,Celta Vigo,Málaga,463588,Javi Rueda,DMR,1,83,0,0,0,0,0,7.0,0.0,0.0,0,0.0,0.09,0,0,25,20,4,33,1,1,0,2,1,0,0,0
5868052,2026-09-13,Celta Vigo,Málaga,386622,Sergio Carreira,DML,1,95,0,0,0,0,0,6.5,0.2,0.2,1,0.2,0.01,1,1,41,34,0,55,2,0,0,2,0,1,0,0
5868052,2026-09-13,Celta Vigo,Málaga,409030,Ilaix Moriba,MC,1,73,0,0,0,0,0,6.7,0.04,0.04,0,0.0,0.01,1,0,40,36,1,50,3,0,0,1,1,0,0,0
5868052,2026-09-13,Celta Vigo,Málaga,462768,Miguel Roman,MC,1,95,0,0,0,0,0,6.6,0.06,0.06,0,0.0,0.05,2,0,63,56,0,72,3,0,1,0,1,1,0,0
5868052,2026-09-13,Celta Vigo,Málaga,427117,Hugo Gonzalez,FWR,1,61,0,0,0,0,0,6.9,0.11,0.11,0,0.0,0.13,3,1,16,14,2,26,0,0,0,1,1,0,0,0
5868052,2026-09-13,Celta Vigo,Málaga,396158,Ferran Jutgla,FW,1,83,1,0,0,0,0,7.6,0.24,0.24,0,0.0,0.0,3,2,17,15,1,31,0,0,0,2,1,1,0,0
5868052,2026-09-13,Celta Vigo,Málaga,427001,Hugo Alvarez,FWL,1,73,0,0,0,0,0,6.5,0.08,0.08,0,0.0,0.06,1,0,18,16,1,24,0,1,0,0,0,0,0,0
5868052,2026-09-13,Celta Vigo,Málaga,400009,Couhaib Driouech,Sub,0,22,0,0,0,0,0,5.9,0.04,0.04,0,0.0,0.0,1,0,5,5,0,6,0,0,0,0,0,0,0,0
5868052,2026-09-13,Celta Vigo,Málaga,91242,Iago Aspas,Sub,0,12,0,0,0,0,0,6.0,0.06,0.06,0,0.0,0.0,1,0,5,3,0,6,0,0,0,0,0,0,0,0
5868052,2026-09-13,Celta Vigo,Málaga,369497,Javi Galan,Sub,0,12,0,0,0,0,0,6.0,0.0,0.0,0,0.0,0.0,0,0,8,7,0,16,0,0,0,0,0,0,0,0
5868052,2026-09-13,Celta Vigo,Málaga,444227,Williot Swedberg,Sub,0,34,0,0,0,0,0,6.2,0.34,0.34,1,0.34,0.02,1,1,13,10,2,20,1,0,0,0,2,0,0,0
5868052,2026-09-13,Celta Vigo,Málaga,598468,Hugo Burcio,Sub,0,22,0,0,0,0,0,6.3,0.07,0.07,0,0.0,0.01,1,0,16,15,1,23,1,1,0,0,0,0,0,0
5868052,2026-09-13,Málaga,Celta Vigo,261509,Alfonso Herrero,GK,1,95,0,0,0,0,0,6.7,0.0,0.0,0,0.0,0.03,0,0,63,46,0,79,0,0,0,0,0,3,0,4
5868052,2026-09-13,Málaga,Celta Vigo,508349,Rafita,DR,1,95,0,0,0,0,0,6.3,0.0,0.0,0,0.0,0.0,0,0,54,51,0,66,2,0,0,0,0,1,0,0
5868052,2026-09-13,Málaga,Celta Vigo,141497,Einar Galilea,DC,1,45,0,0,1,0,0,6.1,0.0,0.0,0,0.0,0.0,0,0,64,57,0,68,0,1,0,0,0,2,0,0
5868052,2026-09-13,Málaga,Celta Vigo,511043,Angel Recio,DC,1,95,0,0,0,0,0,6.2,0.05,0.05,0,0.0,0.0,2,0,67,65,0,74,0,1,1,0,1,2,0,0
5868052,2026-09-13,Málaga,Celta Vigo,402092,Jose Salinas,DL,1,86,0,0,0,0,0,6.6,0.0,0.0,0,0.0,0.0,0,0,49,47,1,59,3,2,0,0,1,3,0,0
5868052,2026-09-13,Málaga,Celta Vigo,508035,Izan Merino,DMC,1,66,0,0,0,0,0,5.6,0.0,0.0,0,0.0,0.04,0,0,54,52,0,57,3,0,0,0,1,1,0,0
5868052,2026-09-13,Málaga,Celta Vigo,448303,David Larrubia,MR,1,95,0,0,0,0,0,6.3,0.07,0.07,0,0.0,0.02,2,0,28,24,1,41,2,1,0,1,0,0,1,0
5868052,2026-09-13,Málaga,Celta Vigo,388808,Pablo Martinez,MC,1,95,0,1,0,0,0,7.9,0.07,0.07,0,0.0,0.21,2,1,50,43,5,67,1,4,1,0,2,0,0,0
5868052,2026-09-13,Málaga,Celta Vigo,448294,Dani Lorenzo,MC,1,66,0,0,0,0,0,5.3,0.0,0.0,0,0.0,0.0,0,0,40,34,1,49,0,1,0,1,0,0,1,0
5868052,2026-09-13,Málaga,Celta Vigo,366204,Joaquin Munoz,ML,1,60,0,0,0,0,0,6.1,0.03,0.03,0,0.0,0.02,1,0,13,11,0,23,3,1,0,1,0,0,2,0
5868052,2026-09-13,Málaga,Celta Vigo,541868,Chupe,FW,1,95,0,0,0,0,0,6.5,0.07,0.07,0,0.0,0.0,2,0,16,7,1,26,0,1,4,0,3,0,0,0
5868052,2026-09-13,Málaga,Celta Vigo,357786,Juan Cruz,Sub,0,35,0,0,0,0,0,6.2,0.0,0.0,0,0.0,0.37,0,0,5,5,0,7,0,0,0,0,0,0,0,0
5868052,2026-09-13,Málaga,Celta Vigo,364114,Juan Berrocal,Sub,0,9,0,0,0,0,0,6.0,0.0,0.0,0,0.0,0.0,0,0,1,1,0,3,0,0,0,0,0,0,0,0
5868052,2026-09-13,Málaga,Celta Vigo,447938,Carlos Puga,Sub,0,29,0,0,0,0,0,6.6,0.0,0.0,0,0.0,0.0,0,0,11,10,0,26,2,0,0,1,1,2,1,0
5868052,2026-09-13,Málaga,Celta Vigo,448289,Ramon Enriquez,Sub,0,50,0,0,0,0,0,6.3,0.0,0.0,0,0.0,0.0,0,0,43,41,0,50,0,0,0,0,0,2,0,0
5868052,2026-09-13,Málaga,Celta Vigo,504195,Adrian Nino,Sub,0,29,1,0,0,0,0,7.2,0.12,0.12,0,0.0,0.0,3,1,1,1,1,5,0,0,1,0,1,0,0,0
5868053,2026-09-13,Getafe,Deportivo A Coruña,243262,David Soria,GK,1,96,0,0,0,0,0,6.5,0.0,0.0,0,0.0,0.0,0,0,27,14,0,34,0,0,0,0,0,2,0,2
5868053,2026-09-13,Getafe,Deportivo A Coruña,484251,Sebastian Boselli,DR,1,83,0,0,0,0,0,6.5,0.0,0.0,0,0.0,0.02,0,0,23,12,0,45,2,2,0,0,3,3,1,0
5868053,2026-09-13,Getafe,Deportivo A Coruña,77417,Nemanja Gudelj,DC,1,96,0,0,0,0,0,6.4,0.02,0.02,0,0.0,0.12,1,0,18,15,1,23,0,0,2,0,0,3,0,0
5868053,2026-09-13,Getafe,Deportivo A Coruña,332990,Djene Dakonam,DC,1,96,0,0,0,0,0,7.0,0.0,0.0,0,0.0,0.02,0,0,39,28,1,60,2,2,2,0,0,7,0,0
5868053,2026-09-13,Getafe,Deportivo A Coruña,135098,Johan Mojica,DL,1,96,0,0,0,0,0,6.9,0.02,0.02,0,0.0,0.18,1,0,27,16,2,66,1,0,1,1,0,1,1,0
5868053,2026-09-13,Getafe,Deportivo A Coruña,444244,Ramon Terrats,MR,1,83,1,0,0,0,0,7.8,0.21,0.21,0,0.0,0.01,3,2,22,15,0,37,1,1,1,2,0,2,1,0
5868053,2026-09-13,Getafe,Deportivo A Coruña,344073,Orel Mangala,MC,1,96,0,0,0,0,0,6.3,0.0,0.0,0,0.0,0.0,0,0,28,27,1,35,0,1,0,0,0,2,0,0
5868053,2026-09-13,Getafe,Deportivo A Coruña,471047,Mario Martin,MC,1,96,0,0,1,0,0,6.4,0.37,0.37,1,0.34,0.0,2,0,34,23,1,52,3,1,2,0,3,1,1,0
5868053,2026-09-13,Getafe,Deportivo A Coruña,403803,Martin Satriano,ML,1,88,0,0,0,0,0,6.7,0.11,0.11,0,0.0,0.19,3,1,20,11,3,36,3,1,1,1,1,0,0,0
5868053,2026-09-13,Getafe,Deportivo A Coruña,424815,Ivan Azon,FW,1,75,0,1,1,0,0,7.0,0.09,0.09,0,0.0,0.17,1,0,13,11,2,29,1,1,3,0,2,1,2,0
5868053,2026-09-13,Getafe,Deportivo A Coruña,134695,Enes Unal,FW,1,96,0,0,1,0,0,6.2,0.06,0.06,0,0.0,0.01,2,0,18,12,1,40,1,0,4,0,3,0,3,0
5868053,2026-09-13,Getafe,Deportivo A Coruña,410988,Saba Sazonov,Sub,0,13,0,0,0,0,0,6.1,0.02,0.02,0,0.0,0.0,1,0,3,2,0,6,0,0,0,0,0,2,0,0
5868053,2026-09-13,Getafe,Deportivo A Coruña,424675,Francho Serrano,Sub,0,21,0,0,0,0,0,6.0,0.01,0.01,0,0.0,0.0,1,1,3,2,0,6,0,0,0,0,1,0,0,0
5868053,2026-09-13,Getafe,Deportivo A Coruña,508469,Joselu Perez,Sub,0,13,0,0,0,0,0,5.9,0.0,0.0,0,0.0,0.0,0,0,3,2,0,5,0,0,0,0,1,0,0,0
5868053,2026-09-13,Getafe,Deportivo A Coruña,568737,Davinchi,Sub,0,8,0,0,0,0,0,6.1,0.0,0.0,0,0.0,0.0,0,0,4,3,0,6,1,0,1,0,0,1,0,0
5868053,2026-09-13,Deportivo A Coruña,Getafe,423420,Leo Roman,GK,1,96,0,0,0,0,0,6.7,0.0,0.0,0,0.0,0.0,0,0,44,36,0,54,0,0,1,0,0,2,0,3
5868053,2026-09-13,Deportivo A Coruña,Getafe,100881,Ximo Navarro,DR,1,96,0,0,0,0,0,6.4,0.0,0.0,0,0.0,0.0,0,0,46,36,0,72,4,0,0,0,1,7,1,0
5868053,2026-09-13,Deportivo A Coruña,Getafe,431768,Lucas Noubi,DC,1,96,0,0,1,0,0,7.2,0.0,0.0,0,0.0,0.02,0,0,68,54,1,92,4,0,3,0,1,13,0,0
5868053,2026-09-13,Deportivo A Coruña,Getafe,135914,Jose Maria Gimenez,DC,1,96,0,0,0,0,0,6.9,0.08,0.08,0,0.0,0.0,2,0,76,71,0,89,1,2,4,0,0,5,0,0
5868053,2026-09-13,Deportivo A Coruña,Getafe,393081,Giacomo Quagliata,DL,1,96,0,0,0,0,0,6.3,0.26,0.26,1,0.2,0.01,3,1,36,22,1,56,1,1,0,0,0,0,0,0
5868053,2026-09-13,Deportivo A Coruña,Getafe,454343,Marc Casado,DMC,1,61,0,0,0,0,0,6.5,0.0,0.0,0,0.0,0.0,0,0,52,43,0,61,0,1,1,0,0,1,1,0
5868053,2026-09-13,Deportivo A Coruña,Getafe,470032,Lorenzo Amatucci,MC,1,96,0,0,0,0,0,6.4,0.0,0.0,0,0.0,0.0,0,0,45,38,0,58,3,0,1,0,2,1,0,0
5868053,2026-09-13,Deportivo A Coruña,Getafe,409130,Mario Soriano,MC,1,96,0,0,0,0,0,6.7,0.05,0.05,0,0.0,0.04,1,1,60,49,1,73,2,0,0,1,2,0,0,0
5868053,2026-09-13,Deportivo A Coruña,Getafe,428620,Luismi Cruz,MC,1,70,0,0,0,0,0,6.8,0.03,0.03,0,0.0,0.2,1,0,28,23,4,36,3,0,1,0,1,1,0,0
5868053,2026-09-13,Deportivo A Coruña,Getafe,44120,Pierre-Emerick Aubameyang,FW,1,96,1,0,0,0,0,7.7,0.17,0.17,0,0.0,0.05,1,1,17,13,2,28,1,1,1,0,0,1,1,0
5868053,2026-09-13,Deportivo A Coruña,Getafe,598590,Bil Nsongo,FW,1,70,0,0,0,0,0,6.2,0.04,0.04,0,0.0,0.0,1,0,13,7,0,23,0,0,4,1,2,0,2,0
5868053,2026-09-13,Deportivo A Coruña,Getafe,429003,Zakaria Eddahchouri,Sub,0,26,0,0,0,0,0,6.2,0.02,0.02,0,0.0,0.0,1,0,2,2,0,3,0,0,1,0,0,0,0,0
5868053,2026-09-13,Deportivo A Coruña,Getafe,448011,Yeremay Hernandez,Sub,0,26,0,1,0,0,0,6.8,0.0,0.0,0,0.0,0.09,0,0,15,13,1,21,2,1,0,0,0,0,2,0
5868053,2026-09-13,Deportivo A Coruña,Getafe,140088,Adama Traore,Sub,0,35,0,0,0,0,0,6.2,0.0,0.0,0,0.0,0.0,0,0,13,11,0,24,0,0,0,2,0,0,2,0
5868054,2026-09-13,Levante,Barcelona,81523,Mathew Ryan,GK,1,97,0,0,0,0,0,5.5,0.0,0.0,0,0.0,0.0,0,0,22,9,0,29,1,0,0,0,0,1,0,2
5868054,2026-09-13,Levante,Barcelona,129620,Jeremy Toljan,DR,1,97,0,0,0,0,0,5.6,0.0,0.0,0,0.0,0.0,0,0,25,14,0,43,1,0,0,0,0,2,0,0
5868054,2026-09-13,Levante,Barcelona,90115,Aissa Mandi,DC,1,97,0,0,0,0,0,6.6,0.0,0.0,0,0.0,0.02,0,0,22,20,2,31,4,2,1,0,1,2,0,0
5868054,2026-09-13,Levante,Barcelona,383780,Adrian de la Fuente,DC,1,70,0,0,0,0,0,5.6,0.03,0.03,0,0.0,0.16,1,1,24,19,1,40,0,0,1,0,1,4,1,0
5868054,2026-09-13,Levante,Barcelona,374813,Manu Sanchez,DL,1,70,0,0,0,0,0,6.0,0.0,0.0,0,0.0,0.0,0,0,23,18,0,44,7,0,0,1,0,1,1,0
5868054,2026-09-13,Levante,Barcelona,395708,Victor Garcia,MR,1,97,0,0,0,0,0,6.3,0.27,0.27,1,0.27,0.07,1,0,16,13,1,39,2,1,0,1,1,0,4,0
5868054,2026-09-13,Levante,Barcelona,413346,Jon Ander Olasagasti,MC,1,58,0,0,0,0,0,5.9,0.02,0.02,0,0.0,0.03,1,0,16,10,0,31,0,0,0,2,1,0,3,0
5868054,2026-09-13,Levante,Barcelona,415345,Hugo Sotelo,MC,1,59,0,0,1,0,0,5.6,0.0,0.0,0,0.0,0.0,0,0,16,12,0,21,2,0,0,0,1,0,0,0
5868054,2026-09-13,Levante,Barcelona,448231,Roger Brugue,ML,1,97,1,0,0,0,0,7.4,0.77,0.77,1,0.31,0.0,4,3,16,11,0,36,4,1,0,1,1,0,1,0
5868054,2026-09-13,Levante,Barcelona,476789,Petar Ratkov,FW,1,59,0,0,0,0,0,5.7,0.09,0.09,0,0.0,0.0,1,0,11,6,0,21,1,1,1,0,0,0,3,0
5868054,2026-09-13,Levante,Barcelona,496149,Dani Requena,FW,1,97,0,0,0,0,0,6.6,0.02,0.02,0,0.0,0.0,1,0,18,17,0,31,3,0,0,1,5,0,0,0
5868054,2026-09-13,Levante,Barcelona,362623,Oriol Rey,Sub,0,38,0,0,0,0,0,6.2,0.0,0.0,0,0.0,0.01,0,0,11,8,0,17,0,0,0,0,0,1,0,0
5868054,2026-09-13,Levante,Barcelona,407567,Ivan Romero,Sub,0,38,1,0,0,0,0,7.1,1.0,1.0,1,0.42,0.0,4,3,1,1,0,19,0,0,0,1,0,0,1,0
5868054,2026-09-13,Levante,Barcelona,467181,Enzo Bardeli,Sub,0,39,0,0,0,0,0,6.7,0.0,0.0,0,0.0,0.03,0,0,7,4,1,15,1,1,0,1,0,0,0,0
5868054,2026-09-13,Levante,Barcelona,578266,Nacho Perez,Sub,0,27,0,0,0,0,0,6.2,0.0,0.0,0,0.0,0.0,0,0,6,3,0,12,2,0,0,0,0,1,0,0
5868054,2026-09-13,Levante,Barcelona,640699,Ifeanyi Ndukwe,Sub,0,27,0,0,0,0,0,6.3,0.0,0.0,0,0.0,0.0,0,0,9,6,0,16,2,0,0,0,0,3,0,0
5868054,2026-09-13,Barcelona,Levante,422824,Joan Garcia,GK,1,97,0,0,0,0,0,6.2,0.0,0.0,0,0.0,0.0,0,0,24,19,0,42,1,0,0,0,0,2,0,4
5868054,2026-09-13,Barcelona,Levante,368091,Eric Garcia,DR,1,97,0,0,0,0,0,7.0,0.03,0.03,0,0.0,0.0,1,0,104,94,0,129,4,0,0,0,1,6,0,0
5868054,2026-09-13,Barcelona,Levante,498386,Pau Cubarsi,DC,1,97,0,0,0,0,0,7.2,0.0,0.0,0,0.0,0.0,0,0,114,109,0,129,3,2,5,0,1,6,0,0
5868054,2026-09-13,Barcelona,Levante,512879,Gerard Martin,DC,1,45,0,0,1,0,0,6.7,0.0,0.0,0,0.0,0.0,0,0,48,43,0,57,1,2,1,1,2,2,0,0
5868054,2026-09-13,Barcelona,Levante,591617,Xavi Espart,DL,1,79,1,0,0,0,0,7.2,0.08,0.08,0,0.0,0.0,1,1,51,47,0,74,6,0,1,0,3,4,0,0
5868054,2026-09-13,Barcelona,Levante,303139,Rodri,MC,1,97,0,0,0,0,0,7.4,0.0,0.0,0,0.0,0.01,0,0,117,110,0,131,4,2,1,1,0,3,1,0
5868054,2026-09-13,Barcelona,Levante,402197,Pedri,MC,1,65,0,0,0,0,0,6.6,0.0,0.0,0,0.0,0.2,0,0,63,53,0,79,2,0,0,0,1,2,1,0
5868054,2026-09-13,Barcelona,Levante,463838,Fermin Lopez,MC,1,97,0,0,0,0,0,6.7,0.02,0.02,0,0.0,0.08,1,0,47,40,2,67,5,1,0,0,1,1,1,0
5868054,2026-09-13,Barcelona,Levante,480249,Lamine Yamal,FWR,1,65,2,0,0,0,1,8.7,1.27,0.47,0,0.0,0.03,3,2,36,30,0,56,1,0,0,3,2,1,0,0
5868054,2026-09-13,Barcelona,Levante,300447,Raphinha,FW,1,97,0,1,0,0,0,8.3,0.14,0.14,0,0.0,0.49,2,1,38,29,3,55,1,0,0,3,0,0,1,0
5868054,2026-09-13,Barcelona,Levante,349669,Anthony Gordon,FWL,1,66,0,0,0,0,0,6.8,0.0,0.0,0,0.0,0.02,0,0,16,16,1,22,1,0,0,0,0,1,0,0
5868054,2026-09-13,Barcelona,Levante,128967,Joao Cancelo,Sub,0,18,0,0,0,0,0,6.2,0.0,0.0,0,0.0,0.0,0,0,17,15,0,25,0,0,0,1,0,0,0,0
5868054,2026-09-13,Barcelona,Levante,130331,Andreas Christensen,Sub,0,52,0,0,0,0,0,7.2,0.0,0.0,0,0.0,0.0,0,0,46,46,0,53,1,2,2,0,0,3,0,0
5868054,2026-09-13,Barcelona,Levante,261212,Dani Olmo,Sub,0,32,0,0,0,0,0,5.9,0.0,0.0,0,0.0,0.01,0,0,25,25,0,31,0,0,0,0,0,1,2,0
5868054,2026-09-13,Barcelona,Levante,392646,Karim Adeyemi,Sub,0,31,1,0,0,0,0,7.2,0.58,0.58,0,0.0,0.01,4,2,12,11,0,25,2,0,0,1,0,1,1,0
5868054,2026-09-13,Barcelona,Levante,534796,Marc Bernal,Sub,0,32,0,0,0,0,0,6.5,0.0,0.0,0,0.0,0.01,0,0,24,24,2,26,0,0,1,0,0,1,0,0
5868055,2026-09-12,Osasuna,Espanyol,381674,Sergio Herrera,GK,1,92,0,0,0,0,0,5.4,0.0,0.0,0,0.0,0.0,0,0,26,17,0,34,1,0,0,0,0,0,0,1
5868055,2026-09-12,Osasuna,Espanyol,517618,Inigo Arguibide,DR,1,58,0,0,0,0,0,6.1,0.0,0.0,0,0.0,0.0,0,0,18,16,0,40,2,0,0,2,2,1,0,0
5868055,2026-09-12,Osasuna,Espanyol,374638,Alejandro Catena,DC,1,92,0,0,0,0,0,6.1,0.0,0.0,0,0.0,0.01,0,0,77,65,0,92,5,1,4,0,2,4,0,0
5868055,2026-09-12,Osasuna,Espanyol,495163,Rockson Yeboah,DC,1,92,0,0,0,0,0,6.9,0.0,0.0,0,0.0,0.02,0,0,65,59,1,80,4,1,2,2,0,5,0,0
5868055,2026-09-12,Osasuna,Espanyol,323352,Diego Rico,DL,1,45,0,0,0,0,0,6.1,0.0,0.0,0,0.0,0.13,0,0,21,17,0,40,3,0,1,0,0,3,1,0
5868055,2026-09-12,Osasuna,Espanyol,381673,Jon Moncayola,DMC,1,92,0,0,1,0,0,6.1,0.0,0.0,0,0.0,0.04,0,0,54,47,1,68,4,0,1,0,1,0,0,0
5868055,2026-09-12,Osasuna,Espanyol,474267,Iker Munoz,DMC,1,92,0,0,0,0,0,6.7,0.03,0.03,0,0.0,0.02,1,1,66,58,0,84,2,0,3,1,0,5,1,0
5868055,2026-09-12,Osasuna,Espanyol,119189,Ruben Garcia,AMR,1,59,0,0,0,0,0,6.7,0.05,0.05,0,0.0,0.0,2,1,28,21,1,41,4,0,1,0,0,1,0,0
5868055,2026-09-12,Osasuna,Espanyol,383924,Raul Garcia,AMC,1,70,0,0,0,0,0,6.1,0.1,0.1,0,0.0,0.0,2,0,13,10,0,23,0,0,1,1,0,0,0,0
5868055,2026-09-12,Osasuna,Espanyol,336251,Kike Barja,AML,1,59,0,0,1,0,0,6.1,0.0,0.0,0,0.0,0.14,0,0,8,4,2,27,1,0,0,0,1,0,1,0
5868055,2026-09-12,Osasuna,Espanyol,98126,Ante Budimir,FW,1,92,0,0,0,0,0,6.3,0.04,0.04,0,0.0,0.04,1,0,18,12,0,29,0,0,4,1,2,1,0,0
5868055,2026-09-12,Osasuna,Espanyol,300291,Romain Del Castillo,Sub,0,22,0,0,0,0,0,6.3,0.0,0.0,0,0.0,0.03,0,0,8,8,0,13,1,0,1,0,0,0,0,0
5868055,2026-09-12,Osasuna,Espanyol,396490,Raul Moro,Sub,0,33,0,0,0,0,0,6.6,0.17,0.17,0,0.0,0.04,3,1,10,8,1,26,0,0,0,3,0,0,1,0
5868055,2026-09-12,Osasuna,Espanyol,447853,Jonathan Dubasin,Sub,0,33,0,0,0,0,0,6.1,0.38,0.38,1,0.34,0.0,2,1,21,19,0,28,0,0,0,0,0,0,0,0
5868055,2026-09-12,Osasuna,Espanyol,461771,Abel Bretones,Sub,0,47,0,0,0,0,0,6.5,0.0,0.0,0,0.0,0.25,0,0,36,33,1,52,2,0,0,1,1,0,1,0
5868055,2026-09-12,Osasuna,Espanyol,518928,Asier Osambela,Sub,0,34,0,0,0,0,0,6.1,0.0,0.0,0,0.0,0.01,0,0,25,19,0,37,3,1,0,0,1,0,1,0
5868055,2026-09-12,Espanyol,Osasuna,259393,Marko Dmitrovic,GK,1,92,0,0,0,0,0,7.8,0.0,0.0,0,0.0,0.0,0,0,33,16,0,56,0,0,1,0,0,1,0,4
5868055,2026-09-12,Espanyol,Osasuna,449410,Omar El Hilali,DR,1,92,0,1,1,0,0,8.3,0.0,0.0,0,0.0,0.73,0,0,33,30,1,64,6,1,1,1,6,10,0,0
5868055,2026-09-12,Espanyol,Osasuna,73265,Leandro Cabrera,DC,1,92,0,0,0,0,0,7.5,0.0,0.0,0,0.0,0.07,0,0,42,36,0,60,0,0,3,0,1,17,0,0
5868055,2026-09-12,Espanyol,Osasuna,419935,Clemens Riedel,DC,1,92,0,0,1,0,0,7.4,0.0,0.0,0,0.0,0.0,0,0,44,35,0,60,3,2,3,0,3,9,0,0
5868055,2026-09-12,Espanyol,Osasuna,555136,Roger Hinojo,DL,1,92,0,0,1,0,0,6.7,0.0,0.0,0,0.0,0.0,0,0,43,35,0,63,2,0,2,0,1,3,1,0
5868055,2026-09-12,Espanyol,Osasuna,335696,Edu Exposito,DMC,1,88,0,0,0,0,0,7.7,0.04,0.04,0,0.0,0.08,1,0,35,32,1,55,1,0,1,4,1,4,1,0
5868055,2026-09-12,Espanyol,Osasuna,401173,Urko Gonzalez de Zarate,DMC,1,92,0,0,0,0,0,6.8,0.0,0.0,0,0.0,0.0,0,0,27,24,0,36,0,1,1,0,2,4,0,0
5868055,2026-09-12,Espanyol,Osasuna,464541,Marcos Fernandez,AMR,1,65,0,1,0,0,0,7.3,0.04,0.04,0,0.0,0.45,2,1,9,6,1,17,1,0,2,0,3,1,1,0
5868055,2026-09-12,Espanyol,Osasuna,506010,Javi Hernandez,AMC,1,79,0,0,0,0,0,6.9,0.0,0.0,0,0.0,0.01,0,0,21,17,0,49,6,1,0,3,0,0,2,0
5868055,2026-09-12,Espanyol,Osasuna,398922,Tyrhys Dolan,AML,1,65,0,0,0,0,0,6.4,0.0,0.0,0,0.0,0.14,0,0,12,11,0,26,2,0,0,0,2,1,1,0
5868055,2026-09-12,Espanyol,Osasuna,448296,Roberto Fernandez,FW,1,79,2,0,0,0,0,8.2,1.21,1.21,0,0.0,0.13,2,2,12,4,0,21,2,0,2,1,3,1,1,0
5868055,2026-09-12,Espanyol,Osasuna,140772,Pere Milla,Sub,0,13,0,0,0,0,0,6.3,0.01,0.01,0,0.0,0.0,1,0,1,0,0,6,1,0,1,0,0,0,1,0
5868055,2026-09-12,Espanyol,Osasuna,361696,Vanja Drkusic,Sub,0,4,0,0,0,0,0,6.0,0.0,0.0,0,0.0,0.0,0,0,0,0,0,0,0,0,0,0,0,0,0,0
5868055,2026-09-12,Espanyol,Osasuna,429273,Bryan Zaragoza,Sub,0,13,0,0,0,0,0,6.2,0.0,0.0,0,0.0,0.0,0,0,3,1,0,5,0,0,0,1,0,0,0,0
5868055,2026-09-12,Espanyol,Osasuna,468761,Cala,Sub,0,27,0,0,0,0,0,6.2,0.0,0.0,0,0.0,0.0,0,0,4,2,0,12,1,1,0,1,1,0,1,0
5868055,2026-09-12,Espanyol,Osasuna,478349,Gabriel Moscardo,Sub,0,27,0,0,0,0,0,6.4,0.0,0.0,0,0.0,0.0,0,0,6,6,0,12,2,0,0,1,1,1,2,0
5868056,2026-09-12,Racing Santander,Deportivo Alavés,423108,Julen Agirrezabala,GK,1,99,0,0,0,0,0,7.5,0.0,0.0,0,0.0,0.0,0,0,20,17,0,37,0,0,2,0,0,2,0,7
5868056,2026-09-12,Racing Santander,Deportivo Alavés,448397,Alvaro Mantilla,DR,1,99,0,0,0,0,0,6.5,0.0,0.0,0,0.0,0.0,0,0,41,33,1,58,2,0,1,0,1,1,0,0
5868056,2026-09-12,Racing Santander,Deportivo Alavés,431340,Jeanuel Belocian,DC,1,99,0,0,0,0,0,6.8,0.03,0.03,0,0.0,0.0,1,0,54,48,0,74,0,2,5,0,0,12,0,0
5868056,2026-09-12,Racing Santander,Deportivo Alavés,413758,Pablo Ramon,DC,1,99,0,0,0,0,0,6.9,0.0,0.0,0,0.0,0.0,0,0,53,42,0,67,3,1,3,1,0,3,2,0
5868056,2026-09-12,Racing Santander,Deportivo Alavés,541900,Jorge Salinas,DL,1,99,0,1,1,0,0,8.2,0.0,0.0,0,0.0,0.6,0,0,40,27,2,74,4,3,3,1,2,4,0,0
5868056,2026-09-12,Racing Santander,Deportivo Alavés,447544,Matteo Prati,DMC,1,83,0,0,0,0,0,6.7,0.0,0.0,0,0.0,0.0,0,0,34,26,0,47,6,0,0,0,1,2,0,0
5868056,2026-09-12,Racing Santander,Deportivo Alavés,372473,Ivan Martin,DMC,1,99,0,0,0,0,0,6.7,0.0,0.0,0,0.0,0.0,0,0,62,52,1,81,4,0,0,1,1,2,2,0
5868056,2026-09-12,Racing Santander,Deportivo Alavés,551186,Pablo Garcia,AMR,1,64,0,0,0,0,0,6.5,0.17,0.17,0,0.0,0.0,3,1,14,12,0,26,2,0,0,2,0,0,2,0
5868056,2026-09-12,Racing Santander,Deportivo Alavés,44189,Sergio Canales,AMC,1,73,0,0,0,0,0,7.2,0.03,0.03,0,0.0,0.1,1,0,30,24,1,54,3,1,0,2,2,0,2,0
5868056,2026-09-12,Racing Santander,Deportivo Alavés,402137,Inigo Vicente,AML,1,83,0,1,0,0,0,8.2,0.0,0.0,0,0.0,0.88,0,0,65,46,5,93,3,0,1,2,5,1,5,0
5868056,2026-09-12,Racing Santander,Deportivo Alavés,538158,Yassir Zabiri,FW,1,73,2,0,1,0,0,8.0,1.07,1.07,0,0.0,0.02,5,3,16,12,1,27,2,0,0,0,2,0,0,0
5868056,2026-09-12,Racing Santander,Deportivo Alavés,460461,Giorgi Guliashvili,Sub,0,26,0,0,0,0,0,6.0,0.0,0.0,0,0.0,0.0,0,0,3,3,0,4,0,0,0,0,0,0,0,0
5868056,2026-09-12,Racing Santander,Deportivo Alavés,322246,Andre Almeida,Sub,0,35,0,0,0,1,0,5.0,0.0,0.0,0,0.0,0.0,0,0,16,13,0,18,1,0,0,0,2,0,0,0
5868056,2026-09-12,Racing Santander,Deportivo Alavés,485481,Maguette Gueye,Sub,0,16,0,0,0,0,0,6.0,0.0,0.0,0,0.0,0.0,0,0,3,1,0,3,0,0,0,0,0,0,0,0
5868056,2026-09-12,Racing Santander,Deportivo Alavés,331171,Asier Villalibre,Sub,0,16,0,0,0,0,0,6.0,0.0,0.0,0,0.0,0.0,0,0,1,1,0,4,0,0,0,0,0,0,1,0
5868056,2026-09-12,Racing Santander,Deportivo Alavés,605437,Iker Luque,Sub,0,26,0,0,0,0,0,6.1,0.06,0.06,0,0.0,0.0,1,0,3,1,0,9,1,0,0,1,0,0,0,0
5868056,2026-09-12,Racing Santander,Deportivo Alavés,478316,Pedro Felipe,Sub,0,2,0,0,0,0,0,6.0,0.0,0.0,0,0.0,0.0,0,0,1,1,0,1,0,0,0,0,0,0,0,0
5868056,2026-09-12,Deportivo Alavés,Racing Santander,141044,Antonio Sivera,GK,1,99,0,0,0,0,0,6.0,0.0,0.0,0,0.0,0.02,0,0,26,15,0,33,0,0,0,0,0,1,0,2
5868056,2026-09-12,Deportivo Alavés,Racing Santander,347874,Nahuel Tenaglia,DC,1,45,0,0,1,0,0,6.5,0.0,0.0,0,0.0,0.2,0,0,13,12,1,29,3,0,1,0,1,4,0,0
5868056,2026-09-12,Deportivo Alavés,Racing Santander,424575,Ville Koski,DC,1,99,1,0,0,0,0,6.9,0.45,0.45,0,0.0,0.0,1,1,30,25,0,43,0,0,1,0,2,8,0,0
5868056,2026-09-12,Deportivo Alavés,Racing Santander,115917,Jonny Otto,DC,1,99,0,0,0,0,0,7.2,0.05,0.05,0,0.0,0.06,1,1,47,41,1,74,4,1,1,2,0,1,0,0
5868056,2026-09-12,Deportivo Alavés,Racing Santander,506205,Angel Perez,DMR,1,85,0,0,0,0,0,6.4,0.37,0.37,1,0.34,0.22,2,1,32,20,2,55,4,1,0,0,0,0,2,0
5868056,2026-09-12,Deportivo Alavés,Racing Santander,447835,Abde Rebbach,DML,1,99,0,0,0,0,0,7.2,0.06,0.06,0,0.0,0.0,2,2,23,22,0,50,7,0,1,2,1,1,0,0
5868056,2026-09-12,Deportivo Alavés,Racing Santander,444254,Pablo Ibanez,MC,1,45,0,0,1,0,0,6.0,0.0,0.0,0,0.0,0.0,0,0,12,7,0,25,0,0,0,1,3,1,2,0
5868056,2026-09-12,Deportivo Alavés,Racing Santander,409467,Antonio Blanco,MC,1,66,0,0,1,0,0,6.4,0.02,0.02,0,0.0,0.0,1,0,32,25,0,50,4,5,0,0,2,1,1,0
5868056,2026-09-12,Deportivo Alavés,Racing Santander,106525,Denis Suarez,MC,1,99,0,0,0,0,0,6.6,0.0,0.0,0,0.0,0.05,0,0,44,35,2,62,3,0,0,1,0,0,0,0
5868056,2026-09-12,Deportivo Alavés,Racing Santander,303800,Lucas Boye,FW,1,99,0,0,0,0,0,6.3,0.15,0.15,0,0.0,0.04,4,0,14,10,1,35,3,0,4,0,4,2,1,0
5868056,2026-09-12,Deportivo Alavés,Racing Santander,323236,Mariano Diaz,FW,1,66,0,0,0,0,0,6.2,0.78,0.78,2,0.77,0.0,3,3,7,4,0,18,1,0,2,0,1,0,0,0
5868056,2026-09-12,Deportivo Alavés,Racing Santander,414212,Nicolas Valentini,Sub,0,54,0,0,0,0,0,6.4,0.0,0.0,0,0.0,0.01,0,0,21,14,0,28,0,1,1,0,0,2,0,0
5868056,2026-09-12,Deportivo Alavés,Racing Santander,399952,Miguel Rodriguez,Sub,0,3,0,0,0,0,0,6.0,0.0,0.0,0,0.0,0.0,0,0,1,1,0,1,0,0,0,0,0,0,0,0
5868056,2026-09-12,Deportivo Alavés,Racing Santander,280060,Toni Martinez,Sub,0,33,0,0,0,0,0,6.4,0.05,0.05,0,0.0,0.13,1,0,3,1,1,11,1,0,2,0,0,0,0,0
5868056,2026-09-12,Deportivo Alavés,Racing Santander,303268,Carles Alena,Sub,0,33,0,0,0,0,0,6.2,0.0,0.0,0,0.0,0.0,0,0,10,5,0,14,1,0,0,1,0,0,1,0
5868056,2026-09-12,Deportivo Alavés,Racing Santander,362393,Carlos Protesoni,Sub,0,54,0,0,0,0,0,6.4,0.04,0.04,0,0.0,0.0,1,0,19,15,0,33,1,3,0,1,2,0,1,0
5868056,2026-09-12,Deportivo Alavés,Racing Santander,514695,Aitor Manas,Sub,0,14,0,0,0,0,0,5.9,0.0,0.0,0,0.0,0.0,0,0,0,0,0,1,0,0,0,0,1,0,0,0
5868057,2026-09-12,Real Madrid,Rayo Vallecano,73798,Thibaut Courtois,GK,1,95,0,0,0,0,0,7.5,0.0,0.0,0,0.0,0.0,0,0,37,31,0,49,0,0,0,0,0,0,0,6
5868057,2026-09-12,Real Madrid,Rayo Vallecano,322153,Denzel Dumfries,DR,1,95,0,0,0,0,0,6.8,0.2,0.2,1,0.2,0.0,1,1,28,27,1,48,4,1,1,0,0,2,1,0
5868057,2026-09-12,Real Madrid,Rayo Vallecano,345957,Ibrahima Konate,DC,1,95,0,0,0,0,0,6.3,0.14,0.14,0,0.0,0.0,2,0,41,39,1,47,1,0,1,0,3,1,1,0
5868057,2026-09-12,Real Madrid,Rayo Vallecano,104010,Antonio Rudiger,DC,1,95,0,0,0,0,0,7.4,0.02,0.02,0,0.0,0.0,1,1,79,74,0,96,0,0,3,0,0,12,0,0
5868057,2026-09-12,Real Madrid,Rayo Vallecano,437583,Alvaro Carreras,DL,1,95,1,0,0,0,0,8.4,0.42,0.42,0,0.0,0.16,1,1,63,55,3,91,3,0,0,2,0,3,1,0
5868057,2026-09-12,Real Madrid,Rayo Vallecano,136741,Bernardo Silva,DMC,1,68,0,0,0,0,0,6.7,0.09,0.09,0,0.0,0.03,1,0,59,54,1,71,1,1,1,0,0,0,1,0
5868057,2026-09-12,Real Madrid,Rayo Vallecano,344644,Federico Valverde,DMC,1,45,0,0,0,0,0,6.7,0.1,0.1,0,0.0,0.0,2,0,36,35,0,39,1,0,0,0,0,0,0,0
5868057,2026-09-12,Real Madrid,Rayo Vallecano,557000,Yan Diomande,AMR,1,71,0,0,0,0,0,7.7,0.07,0.07,0,0.0,0.07,1,0,26,24,2,46,4,2,0,3,1,0,1,0
5868057,2026-09-12,Real Madrid,Rayo Vallecano,379868,Jude Bellingham,AMC,1,95,1,0,0,0,0,8.6,0.27,0.27,0,0.0,0.05,4,2,38,31,2,64,3,1,0,4,2,1,2,0
5868057,2026-09-12,Real Madrid,Rayo Vallecano,337782,Vinicius Junior,AML,1,88,0,1,0,0,0,7.0,0.16,0.16,0,0.0,0.32,4,2,37,33,2,51,3,0,0,1,0,0,0,0
5868057,2026-09-12,Real Madrid,Rayo Vallecano,300713,Kylian Mbappe,FW,1,95,2,1,0,0,1,10.0,1.17,0.37,1,0.2,0.17,5,3,31,29,4,51,2,0,0,4,3,0,1,0
5868057,2026-09-12,Real Madrid,Rayo Vallecano,353423,Aurelien Tchouameni,Sub,0,27,0,0,0,0,0,6.3,0.03,0.03,0,0.0,0.0,1,0,21,20,1,25,0,0,0,0,0,1,0,0
5868057,2026-09-12,Real Madrid,Rayo Vallecano,369109,Eduardo Camavinga,Sub,0,50,0,0,0,0,0,6.4,0.0,0.0,0,0.0,0.01,0,0,28,25,0,34,1,0,1,0,0,2,0,0
5868057,2026-09-12,Real Madrid,Rayo Vallecano,363496,Marc Cucurella,Sub,0,7,0,0,0,0,0,6.1,0.0,0.0,0,0.0,0.0,0,0,1,1,0,3,0,0,0,0,0,0,0,0
5868057,2026-09-12,Real Madrid,Rayo Vallecano,415181,Arda Guler,Sub,0,24,0,1,0,0,0,7.8,0.04,0.04,0,0.0,0.4,1,1,18,16,5,31,0,0,0,2,0,0,1,0
5868057,2026-09-12,Rayo Vallecano,Real Madrid,254692,Emil Audero,GK,1,95,0,0,0,0,0,7.3,0.0,0.0,0,0.0,0.0,0,0,27,20,0,43,0,0,0,0,0,2,0,7
5868057,2026-09-12,Rayo Vallecano,Real Madrid,372331,Andrei Ratiu,DR,1,95,0,0,0,0,0,5.5,0.0,0.0,0,0.0,0.01,0,0,42,36,1,71,0,2,0,1,1,1,2,0
5868057,2026-09-12,Rayo Vallecano,Real Madrid,80758,Florian Lejeune,DC,1,95,0,0,0,0,0,4.5,0.07,0.07,0,0.0,0.01,2,0,56,45,0,66,3,0,0,1,1,3,0,0
5868057,2026-09-12,Rayo Vallecano,Real Madrid,422963,Pathe Ciss,DC,1,95,0,0,1,0,0,6.5,0.0,0.0,0,0.0,0.01,0,0,56,52,0,73,2,4,0,0,1,4,0,0
5868057,2026-09-12,Rayo Vallecano,Real Madrid,363966,Adria Pedrosa,DL,1,85,0,0,0,0,0,6.6,0.0,0.0,0,0.0,0.4,0,0,28,25,4,49,4,2,0,0,4,1,1,0
5868057,2026-09-12,Rayo Vallecano,Real Madrid,236575,Unai Lopez,DMC,1,74,0,0,0,0,0,5.8,0.03,0.03,0,0.0,0.0,1,0,58,51,1,71,4,0,0,0,2,0,1,0
5868057,2026-09-12,Rayo Vallecano,Real Madrid,641813,Gnangoro,DMC,1,66,0,0,0,0,0,6.7,0.0,0.0,0,0.0,0.01,0,0,31,28,2,41,4,3,2,0,2,1,0,0
5868057,2026-09-12,Rayo Vallecano,Real Madrid,367803,Giorgi Tsitaishvili,AMR,1,95,0,0,0,0,0,6.0,0.46,0.46,1,0.33,0.06,3,2,12,11,1,26,3,0,0,0,0,0,0,0
5868057,2026-09-12,Rayo Vallecano,Real Madrid,448514,Pedro Diaz,AMC,1,66,0,0,0,0,0,6.9,0.15,0.15,0,0.0,0.0,5,2,19,19,2,29,3,0,0,1,0,0,1,0
5868057,2026-09-12,Rayo Vallecano,Real Madrid,135345,Alvaro Garcia,AML,1,95,0,0,0,0,0,5.9,0.03,0.03,0,0.0,0.1,1,0,21,15,0,36,4,1,0,0,0,0,1,0
5868057,2026-09-12,Rayo Vallecano,Real Madrid,372469,Sergio Camello,FW,1,74,1,0,0,0,0,8.0,0.11,0.11,0,0.0,0.01,3,3,20,16,3,39,2,0,0,2,2,0,1,0
5868057,2026-09-12,Rayo Vallecano,Real Madrid,101613,Ivan Balliu,Sub,0,10,0,0,0,0,0,5.8,0.0,0.0,0,0.0,0.0,0,0,8,7,0,12,1,0,0,0,0,0,0,0
5868057,2026-09-12,Rayo Vallecano,Real Madrid,436617,Alemao,Sub,0,21,0,0,0,0,0,6.2,0.17,0.17,0,0.0,0.0,3,0,4,3,0,11,0,0,1,0,0,1,1,0
5868057,2026-09-12,Rayo Vallecano,Real Madrid,422958,Oscar Valentin,Sub,0,29,0,0,0,0,0,6.2,0.0,0.0,0,0.0,0.02,0,0,18,17,1,21,1,0,0,0,0,0,0,0
5868057,2026-09-12,Rayo Vallecano,Real Madrid,357387,Mujaid Sadick,Sub,0,21,0,0,0,0,0,6.1,0.0,0.0,0,0.0,0.0,0,0,10,10,0,11,0,0,1,0,0,1,0,0
5868057,2026-09-12,Rayo Vallecano,Real Madrid,511219,Rayane Belaid,Sub,0,29,0,0,0,0,0,6.0,0.0,0.0,0,0.0,0.0,0,0,5,5,0,9,1,0,1,0,0,1,1,0
5868058,2026-09-13,Real Sociedad,Atlético Madrid,270504,Alex Remiro,GK,1,95,0,0,0,0,0,6.1,0.0,0.0,0,0.0,0.0,0,0,35,28,0,45,0,0,0,0,0,4,0,2
5868058,2026-09-13,Real Sociedad,Atlético Madrid,463961,Jon Aramburu,DR,1,95,0,0,0,0,0,7.1,0.0,0.0,0,0.0,0.0,0,0,34,28,0,62,7,3,5,1,2,6,0,0
5868058,2026-09-13,Real Sociedad,Atlético Madrid,467913,Mamadou Sarr,DC,1,95,0,0,0,0,0,6.4,0.0,0.0,0,0.0,0.0,0,0,69,65,0,78,3,1,1,1,1,1,0,0
5868058,2026-09-13,Real Sociedad,Atlético Madrid,546570,Luken Beitia,DC,1,95,0,0,0,0,0,6.2,0.0,0.0,0,0.0,0.12,0,0,68,60,1,73,2,0,3,0,1,4,0,0
5868058,2026-09-13,Real Sociedad,Atlético Madrid,355110,Sergio Gomez,DL,1,95,0,0,0,0,0,6.3,0.04,0.04,0,0.0,0.03,1,1,58,49,0,90,5,0,0,1,0,1,0,0
5868058,2026-09-13,Real Sociedad,Atlético Madrid,313542,Carlos Soler,DMC,1,77,0,0,0,0,0,6.6,0.02,0.02,0,0.0,0.0,1,1,48,40,2,59,1,0,0,1,1,0,0,0
5868058,2026-09-13,Real Sociedad,Atlético Madrid,318505,Yangel Herrera,DMC,1,84,0,0,1,0,0,5.8,0.0,0.0,0,0.0,0.0,0,0,50,45,0,63,2,0,0,0,2,0,2,0
5868058,2026-09-13,Real Sociedad,Atlético Madrid,367857,Ander Barrenetxea,AMR,1,71,0,0,0,0,0,6.8,0.06,0.06,0,0.0,0.01,2,0,18,14,0,39,1,1,0,2,0,1,2,0
5868058,2026-09-13,Real Sociedad,Atlético Madrid,407080,Luka Sucic,AMC,1,95,0,0,0,0,0,6.3,0.29,0.29,1,0.27,0.27,2,1,44,40,0,51,0,1,0,1,0,1,0,0
5868058,2026-09-13,Real Sociedad,Atlético Madrid,247995,Goncalo Guedes,AML,1,71,0,0,0,0,0,6.7,0.08,0.08,0,0.0,0.0,1,0,35,29,1,56,4,0,1,2,1,1,1,0
5868058,2026-09-13,Real Sociedad,Atlético Madrid,298839,Mikel Oyarzabal,FW,1,78,0,0,1,0,0,6.2,0.05,0.05,0,0.0,0.04,1,0,22,17,1,36,2,1,0,0,2,0,1,0
5868058,2026-09-13,Real Sociedad,Atlético Madrid,428066,Orri Oskarsson,Sub,0,17,0,0,0,0,0,5.6,0.0,0.0,0,0.0,0.0,0,0,4,3,0,9,0,0,0,0,0,0,2,0
5868058,2026-09-13,Real Sociedad,Atlético Madrid,377285,Takefusa Kubo,Sub,0,24,0,0,0,0,0,5.9,0.0,0.0,0,0.0,0.01,0,0,5,5,1,7,0,0,0,1,0,0,0,0
5868058,2026-09-13,Real Sociedad,Atlético Madrid,400185,Arsen Zakharyan,Sub,0,11,0,0,0,0,0,5.9,0.0,0.0,0,0.0,0.02,0,0,13,10,0,13,0,0,0,0,0,0,0,0
5868058,2026-09-13,Real Sociedad,Atlético Madrid,541871,Jon Gorrotxategi,Sub,0,18,0,0,0,0,0,5.7,0.0,0.0,0,0.0,0.0,0,0,15,13,0,17,0,0,0,0,0,0,0,0
5868058,2026-09-13,Real Sociedad,Atlético Madrid,599413,Job Ochieng,Sub,0,24,0,0,0,0,0,5.3,0.0,0.0,0,0.0,0.0,0,0,6,3,0,13,0,0,0,1,3,0,0,0
5868058,2026-09-13,Atlético Madrid,Real Sociedad,76662,Jan Oblak,GK,1,95,0,0,0,0,0,7.4,0.0,0.0,0,0.0,0.0,0,0,34,24,0,45,0,0,1,0,0,1,0,3
5868058,2026-09-13,Atlético Madrid,Real Sociedad,323663,Cristian Romero,DC,1,95,0,0,0,0,0,7.5,0.0,0.0,0,0.0,0.05,0,0,55,50,0,72,1,0,2,0,0,10,1,0
5868058,2026-09-13,Atlético Madrid,Real Sociedad,362779,David Hancko,DC,1,95,0,0,0,0,0,7.2,0.04,0.04,0,0.0,0.0,1,0,53,45,1,63,2,0,0,0,0,3,1,0
5868058,2026-09-13,Atlético Madrid,Real Sociedad,430148,Marc Pubill,DC,1,95,0,0,0,0,0,6.9,0.0,0.0,0,0.0,0.0,0,0,40,36,0,60,1,1,1,0,0,2,0,0
5868058,2026-09-13,Atlético Madrid,Real Sociedad,422918,Giuliano Simeone,DMR,1,95,1,0,0,0,0,8.1,0.48,0.48,0,0.0,0.0,2,1,38,25,0,61,5,1,3,1,0,1,1,0
5868058,2026-09-13,Atlético Madrid,Real Sociedad,107252,Alejandro Grimaldo,DML,1,95,1,1,0,0,1,8.3,0.85,0.05,0,0.0,0.01,2,2,48,34,1,70,3,0,1,1,1,2,1,0
5868058,2026-09-13,Atlético Madrid,Real Sociedad,403647,Morten Hjulmand,MC,1,95,0,0,0,0,0,7.2,0.09,0.09,0,0.0,0.02,2,0,53,48,0,67,0,2,1,1,1,2,1,0
5868058,2026-09-13,Atlético Madrid,Real Sociedad,254582,Marcos Llorente,MC,1,59,0,0,0,0,0,6.7,0.0,0.0,0,0.0,0.02,0,0,32,26,2,46,1,0,0,2,1,0,3,0
5868058,2026-09-13,Atlético Madrid,Real Sociedad,395242,Alex Baena,AMC,1,58,0,0,0,0,0,6.4,0.06,0.06,0,0.0,0.02,2,0,27,24,0,36,5,3,1,0,3,0,0,0
5868058,2026-09-13,Atlético Madrid,Real Sociedad,367780,Lee Kang-In,AMC,1,59,0,0,0,0,0,6.3,0.06,0.06,0,0.0,0.03,1,0,22,15,1,34,1,0,1,0,0,0,3,0
5868058,2026-09-13,Atlético Madrid,Real Sociedad,299451,Ademola Lookman,FW,1,76,0,0,0,0,0,6.3,0.0,0.0,0,0.0,0.04,0,0,16,12,3,26,1,0,0,1,1,0,3,0
5868058,2026-09-13,Atlético Madrid,Real Sociedad,383855,Jonathan David,Sub,0,36,1,0,0,0,0,7.5,0.5,0.5,0,0.0,0.02,2,2,8,4,1,12,0,0,0,1,0,0,0,0
5868058,2026-09-13,Atlético Madrid,Real Sociedad,80764,Koke,Sub,0,36,0,0,0,0,0,6.5,0.0,0.0,0,0.0,0.04,0,0,21,19,0,24,2,0,0,0,0,0,0,0
5868058,2026-09-13,Atlético Madrid,Real Sociedad,444251,Arnau Ortiz,Sub,0,19,0,0,0,0,0,6.6,0.0,0.0,0,0.0,0.05,0,0,4,4,1,11,1,0,0,2,0,0,0,0
5868058,2026-09-13,Atlético Madrid,Real Sociedad,379230,Johnny Cardoso,Sub,0,37,0,0,1,0,0,6.3,0.06,0.06,0,0.0,0.0,1,0,14,10,0,17,0,0,1,0,2,0,0,0
5868059,2026-09-11,Sevilla,Valencia,110273,Odysseas Vlachodimos,GK,1,98,0,0,0,0,0,6.5,0.0,0.0,0,0.0,0.0,0,0,12,9,0,16,0,0,0,0,0,1,0,0
5868059,2026-09-11,Sevilla,Valencia,408735,Juan Iglesias,DR,1,98,1,0,0,0,0,7.9,0.25,0.25,0,0.0,0.0,1,1,41,30,0,72,2,2,2,1,1,2,1,0
5868059,2026-09-11,Sevilla,Valencia,431509,Kike Salas,DC,1,98,0,0,0,0,0,7.3,0.06,0.06,0,0.0,0.2,2,1,43,37,0,60,3,0,1,0,4,7,0,0
5868059,2026-09-11,Sevilla,Valencia,448284,Andres Castrin,DC,1,98,0,0,0,0,0,7.8,0.08,0.08,0,0.0,0.0,1,1,38,32,0,51,2,1,0,0,0,6,0,0
5868059,2026-09-11,Sevilla,Valencia,286080,Gabriel Suazo,DL,1,98,0,0,0,0,0,7.5,0.0,0.0,0,0.0,0.13,0,0,34,27,2,64,5,1,1,0,0,3,0,0
5868059,2026-09-11,Sevilla,Valencia,362470,Youssouf Fofana,DMC,1,70,0,0,0,0,0,7.2,0.17,0.17,0,0.0,0.01,3,1,29,26,0,45,4,2,1,1,0,0,0,0
5868059,2026-09-11,Sevilla,Valencia,388505,Lucien Agoume,DMC,1,98,0,0,0,0,0,6.9,0.06,0.06,0,0.0,0.02,2,0,46,39,0,59,2,2,1,1,0,1,0,0
5868059,2026-09-11,Sevilla,Valencia,507590,Miguel Sierra,AMR,1,62,0,0,0,0,0,6.0,0.05,0.05,0,0.0,0.01,1,0,16,14,0,31,0,0,1,0,0,0,2,0
5868059,2026-09-11,Sevilla,Valencia,492362,Isaac Romero,AMC,1,62,0,0,0,0,0,6.4,0.05,0.05,0,0.0,0.01,1,0,23,18,1,43,2,0,3,0,1,0,2,0
5868059,2026-09-11,Sevilla,Valencia,412831,Felix Correia,AML,1,82,0,0,0,0,0,7.0,0.0,0.0,0,0.0,0.16,0,0,26,14,3,39,1,0,1,2,0,0,0,0
5868059,2026-09-11,Sevilla,Valencia,459707,Lucas Stassin,FW,1,82,0,0,0,0,0,6.9,0.03,0.03,0,0.0,0.0,1,0,12,7,1,28,1,0,3,1,0,0,1,0
5868059,2026-09-11,Sevilla,Valencia,395346,Giorgi Kochorashvili,Sub,0,28,0,1,0,0,0,6.9,0.02,0.02,0,0.0,0.12,1,0,8,7,1,15,0,0,0,0,1,1,0,0
5868059,2026-09-11,Sevilla,Valencia,337022,Chidera Ejuke,Sub,0,36,0,0,1,0,0,6.1,0.0,0.0,0,0.0,0.0,0,0,8,7,0,16,0,0,0,1,1,0,0,0
5868059,2026-09-11,Sevilla,Valencia,335041,Jon Guridi,Sub,0,16,0,0,0,0,0,6.2,0.0,0.0,0,0.0,0.0,0,0,5,3,0,6,1,0,0,0,0,0,0,0
5868059,2026-09-11,Sevilla,Valencia,454790,Robbie Ure,Sub,0,36,0,0,0,0,0,6.1,0.0,0.0,0,0.0,0.02,0,0,6,4,1,15,1,0,0,0,0,0,1,0
5868059,2026-09-11,Sevilla,Valencia,605436,Julio Diaz,Sub,0,16,0,0,0,0,0,6.2,0.0,0.0,0,0.0,0.0,0,0,1,0,0,5,0,0,1,0,0,0,0,0
5868059,2026-09-11,Valencia,Sevilla,141499,Stole Dimitrievski,GK,1,98,0,0,0,0,0,7.0,0.0,0.0,0,0.0,0.0,0,0,37,29,0,48,0,0,0,0,0,0,0,3
5868059,2026-09-11,Valencia,Sevilla,444239,Arnau Martinez,DR,1,61,0,0,0,0,0,6.4,0.03,0.03,0,0.0,0.01,1,0,25,16,0,33,1,1,2,0,0,1,0,0
5868059,2026-09-11,Valencia,Sevilla,302889,Pepelu,DC,1,98,0,0,0,0,0,6.3,0.0,0.0,0,0.0,0.0,0,0,64,53,0,74,3,1,1,0,2,2,0,0
5868059,2026-09-11,Valencia,Sevilla,427831,Cesar Tarrega,DC,1,23,0,0,0,0,0,6.6,0.0,0.0,0,0.0,0.0,0,0,21,18,0,27,1,0,0,0,0,4,0,0
5868059,2026-09-11,Valencia,Sevilla,119817,Jose Gaya,DL,1,82,0,0,0,0,0,6.3,0.0,0.0,0,0.0,0.0,0,0,34,30,0,59,8,0,1,0,1,4,0,0
5868059,2026-09-11,Valencia,Sevilla,510999,David Otorbi,MR,1,98,0,0,0,0,0,6.8,0.03,0.03,0,0.0,0.0,1,0,22,16,0,40,1,1,1,1,0,0,1,0
5868059,2026-09-11,Valencia,Sevilla,431121,Aliou Dieng,MC,1,98,0,0,0,0,0,7.0,0.0,0.0,0,0.0,0.01,0,0,51,45,1,73,7,0,3,0,1,5,3,0
5868059,2026-09-11,Valencia,Sevilla,379684,Filip Ugrinic,MC,1,98,0,0,0,0,0,6.4,0.0,0.0,0,0.0,0.03,0,0,38,36,0,57,3,0,2,0,1,4,0,0
5868059,2026-09-11,Valencia,Sevilla,562981,Ryunosuke Sato,ML,1,61,0,0,1,0,0,5.9,0.0,0.0,0,0.0,0.02,0,0,27,22,0,35,1,0,0,0,2,0,0,0
5868059,2026-09-11,Valencia,Sevilla,431507,Javi Guerra,AMC,1,82,0,0,0,0,0,6.6,0.0,0.0,0,0.0,0.01,0,0,15,10,1,34,1,0,1,4,0,1,3,0
5868059,2026-09-11,Valencia,Sevilla,323625,Arnaut Danjuma,FW,1,98,0,0,0,0,0,5.8,0.03,0.03,0,0.0,0.02,1,0,24,18,0,35,0,0,0,0,1,0,1,0
5868059,2026-09-11,Valencia,Sevilla,294848,Pablo Maffeo,Sub,0,37,0,0,1,0,0,6.0,0.0,0.0,0,0.0,0.0,0,0,10,6,0,15,1,1,0,0,3,2,0,0
5868059,2026-09-11,Valencia,Sevilla,408732,Jesus Vazquez,Sub,0,16,0,0,0,0,0,6.2,0.0,0.0,0,0.0,0.0,0,0,6,5,0,14,2,0,0,0,0,0,0,0
5868059,2026-09-11,Valencia,Sevilla,354526,Hugo Duro,Sub,0,16,0,0,0,0,0,6.0,0.0,0.0,0,0.0,0.0,0,0,1,1,0,2,0,0,0,0,0,0,0,0
5868059,2026-09-11,Valencia,Sevilla,363982,Harvey Elliott,Sub,0,37,0,0,0,0,0,5.9,0.0,0.0,0,0.0,0.0,0,0,12,9,0,13,0,0,0,0,0,0,0,0
5868059,2026-09-11,Valencia,Sevilla,534590,Iker Cordoba,Sub,0,75,0,0,0,0,0,6.7,0.0,0.0,0,0.0,0.0,0,0,40,35,0,53,0,0,2,1,1,7,0,0
5868060,2026-09-14,Villarreal,Real Betis,67369,Peter Gulacsi,GK,1,93,0,0,0,0,0,8.5,0.0,0.0,0,0.0,0.0,0,0,18,18,0,38,0,0,1,0,0,4,0,10
5868060,2026-09-14,Villarreal,Real Betis,448936,Santiago Mourino,DR,1,75,0,0,0,0,0,6.1,0.0,0.0,0,0.0,0.03,0,0,45,41,0,59,5,0,2,0,1,3,0,0
5868060,2026-09-14,Villarreal,Real Betis,434077,Renato Veiga,DC,1,93,0,1,1,0,0,7.2,0.0,0.0,0,0.0,0.26,0,0,90,83,1,102,1,1,1,0,0,5,0,0
5868060,2026-09-14,Villarreal,Real Betis,537235,Pau Navarro,DC,1,93,0,0,0,0,0,6.8,0.0,0.0,0,0.0,0.01,0,0,84,79,0,96,5,1,3,0,1,5,0,0
5868060,2026-09-14,Villarreal,Real Betis,468931,Carlos Romero,DL,1,93,0,0,0,0,0,6.4,0.08,0.08,0,0.0,0.01,1,0,60,54,0,75,2,1,0,1,0,1,0,0
5868060,2026-09-14,Villarreal,Real Betis,239872,Nicolas Pepe,MR,1,75,0,0,0,0,0,6.9,0.1,0.1,0,0.0,0.04,2,1,35,27,0,52,1,0,0,2,0,0,2,0
5868060,2026-09-14,Villarreal,Real Betis,399047,Pape Gueye,MC,1,53,0,0,0,0,0,6.0,0.0,0.0,0,0.0,0.01,0,0,40,35,0,53,0,0,0,1,1,3,0,0
5868060,2026-09-14,Villarreal,Real Betis,362735,Santi Comesana,MC,1,93,0,0,0,0,0,7.0,0.51,0.51,1,0.51,0.02,1,1,72,66,1,91,4,3,0,1,2,1,0,0
5868060,2026-09-14,Villarreal,Real Betis,371027,Tajon Buchanan,ML,1,54,0,0,0,0,0,6.4,0.05,0.05,0,0.0,0.03,2,1,22,19,1,36,1,1,0,0,0,0,0,0
5868060,2026-09-14,Villarreal,Real Betis,389020,Georges Mikautadze,FW,1,93,0,0,0,0,0,7.4,0.21,0.21,0,0.0,0.01,4,4,34,27,2,56,1,1,0,4,1,0,3,0
5868060,2026-09-14,Villarreal,Real Betis,97659,Gerard Moreno,FW,1,61,1,0,0,0,0,7.4,0.42,0.42,0,0.0,0.45,1,1,27,20,3,38,0,0,0,1,0,0,0,0
5868060,2026-09-14,Villarreal,Real Betis,445119,Nathan Saliba,Sub,0,40,0,0,0,0,0,6.0,0.0,0.0,0,0.0,0.0,0,0,36,31,0,42,0,0,0,0,1,1,2,0
5868060,2026-09-14,Villarreal,Real Betis,445292,Tani Oluwaseyi,Sub,0,32,0,0,0,0,0,6.6,0.05,0.05,0,0.0,0.08,1,0,12,9,2,22,3,1,1,0,0,0,1,0
5868060,2026-09-14,Villarreal,Real Betis,135366,Ayoze Perez,Sub,0,18,0,0,0,0,0,6.1,0.0,0.0,0,0.0,0.0,0,0,7,4,0,10,1,0,0,0,0,0,0,0
5868060,2026-09-14,Villarreal,Real Betis,448211,Alberto Moleiro,Sub,0,39,0,0,0,0,0,6.3,0.11,0.11,0,0.0,0.09,2,0,23,22,2,33,2,0,0,0,0,0,0,0
5868060,2026-09-14,Villarreal,Real Betis,440159,Alex Freeman,Sub,0,18,0,0,0,0,0,6.2,0.0,0.0,0,0.0,0.0,0,0,18,17,0,23,0,0,1,0,0,1,0,0
5868060,2026-09-14,Real Betis,Villarreal,448208,Alvaro Valles,GK,1,93,0,0,0,0,0,7.8,0.0,0.0,0,0.0,0.0,0,0,29,19,0,48,0,0,1,0,0,3,0,7
5868060,2026-09-14,Real Betis,Villarreal,125211,Hector Bellerin,DR,1,93,0,0,0,0,0,6.8,0.34,0.34,1,0.27,0.25,3,2,27,23,2,51,2,1,1,0,1,2,1,0
5868060,2026-09-14,Real Betis,Villarreal,402206,Natan,DC,1,93,1,0,0,0,0,8.1,0.42,0.42,0,0.0,0.0,1,1,41,32,0,60,5,0,1,1,0,10,0,0
5868060,2026-09-14,Real Betis,Villarreal,83686,Marc Bartra,DC,1,93,0,0,0,0,0,6.8,0.0,0.0,0,0.0,0.0,0,0,24,19,0,37,4,0,1,1,0,6,0,0
5868060,2026-09-14,Real Betis,Villarreal,422957,Fran Garcia,DL,1,93,0,0,0,0,0,6.8,0.0,0.0,0,0.0,0.0,0,0,38,29,2,62,6,1,1,1,1,1,1,0
5868060,2026-09-14,Real Betis,Villarreal,297203,Pablo Fornals,DMC,1,83,0,0,0,0,0,6.6,0.15,0.15,0,0.0,0.07,3,0,40,34,1,50,1,1,1,1,1,0,0,0
5868060,2026-09-14,Real Betis,Villarreal,323148,Marc Roca,DMC,1,93,0,0,0,0,0,7.0,0.0,0.0,0,0.0,0.0,0,0,46,42,1,61,4,1,0,0,1,3,1,0
5868060,2026-09-14,Real Betis,Villarreal,382631,Rodrigo Riquelme,AMR,1,66,0,0,0,0,0,6.5,0.12,0.12,0,0.0,0.07,2,0,15,10,1,29,0,1,0,1,0,2,0,0
5868060,2026-09-14,Real Betis,Villarreal,82989,Isco,AMC,1,56,0,0,0,0,0,6.7,0.17,0.17,0,0.0,0.12,3,0,27,25,4,37,2,0,0,1,0,0,0,0
5868060,2026-09-14,Real Betis,Villarreal,427283,Abde Ezzalzouli,AML,1,65,0,0,0,0,0,7.0,0.1,0.1,0,0.0,0.54,3,1,21,20,3,40,2,0,0,2,1,0,0,0
5868060,2026-09-14,Real Betis,Villarreal,362501,Cucho Hernandez,FW,1,83,1,0,0,0,0,7.6,1.39,1.39,2,0.71,0.06,4,3,21,15,1,39,0,0,2,1,1,0,2,0
5868060,2026-09-14,Real Betis,Villarreal,303908,Giovani Lo Celso,Sub,0,10,0,0,0,0,0,6.2,0.0,0.0,0,0.0,0.0,0,0,3,3,0,8,1,1,0,0,0,0,2,0
5868060,2026-09-14,Real Betis,Villarreal,364315,Antony,Sub,0,28,0,0,0,0,0,6.9,0.47,0.47,1,0.34,0.0,4,3,13,13,1,21,0,0,0,2,1,0,0,0
5868060,2026-09-14,Real Betis,Villarreal,432475,Nelson Deossa,Sub,0,27,0,0,0,0,0,6.7,0.28,0.28,1,0.21,0.17,3,2,13,10,2,21,0,0,1,1,0,0,0,0
5868060,2026-09-14,Real Betis,Villarreal,144890,Dani Ceballos,Sub,0,37,0,0,0,0,0,6.8,0.0,0.0,0,0.0,0.0,0,0,20,20,1,31,4,1,0,0,1,2,1,0
5868060,2026-09-14,Real Betis,Villarreal,512611,Facundo Bernal,Sub,0,10,0,0,0,0,0,6.0,0.0,0.0,0,0.0,0.0,0,0,0,0,0,0,1,0,0,0,0,0,0,0
5868061,2026-09-15,Deportivo Alavés,Valencia,141044,Antonio Sivera,GK,1,95,0,0,0,0,0,6.3,0.0,0.0,0,0.0,0.0,0,0,25,17,0,39,1,0,0,0,0,2,0,2
5868061,2026-09-15,Deportivo Alavés,Valencia,414212,Nicolas Valentini,DC,1,95,0,0,0,0,0,6.3,0.0,0.0,0,0.0,0.05,0,0,43,31,1,59,2,0,1,0,0,5,0,0
5868061,2026-09-15,Deportivo Alavés,Valencia,347874,Nahuel Tenaglia,DC,1,95,0,0,0,0,0,6.0,0.0,0.0,0,0.0,0.03,0,0,27,19,1,51,3,1,0,0,0,1,1,0
5868061,2026-09-15,Deportivo Alavés,Valencia,424575,Ville Koski,DC,1,95,0,0,0,0,0,6.6,0.2,0.2,1,0.2,0.0,1,1,42,37,0,56,1,1,1,0,2,6,0,0
5868061,2026-09-15,Deportivo Alavés,Valencia,506205,Angel Perez,DMR,1,84,0,0,0,0,0,6.8,0.07,0.07,0,0.0,0.16,2,1,15,13,2,35,0,1,1,2,0,0,1,0
5868061,2026-09-15,Deportivo Alavés,Valencia,447835,Abde Rebbach,DML,1,84,0,0,0,0,0,6.2,0.05,0.05,0,0.0,0.03,1,0,27,22,0,46,1,1,0,1,1,2,0,0
5868061,2026-09-15,Deportivo Alavés,Valencia,444254,Pablo Ibanez,MC,1,95,0,0,0,0,0,6.8,0.37,0.37,1,0.31,0.02,3,0,34,24,1,53,5,1,1,1,1,2,0,0
5868061,2026-09-15,Deportivo Alavés,Valencia,409467,Antonio Blanco,MC,1,84,0,0,1,0,0,6.0,0.0,0.0,0,0.0,0.0,0,0,37,31,0,46,5,0,0,0,0,0,1,0
5868061,2026-09-15,Deportivo Alavés,Valencia,106525,Denis Suarez,MC,1,66,0,0,0,0,0,6.7,0.0,0.0,0,0.0,0.22,0,0,25,21,2,43,3,0,0,0,0,0,1,0
5868061,2026-09-15,Deportivo Alavés,Valencia,303800,Lucas Boye,FW,1,95,0,0,0,0,0,6.5,0.24,0.24,0,0.0,0.03,4,1,17,13,1,43,4,0,1,1,2,1,1,0
5868061,2026-09-15,Deportivo Alavés,Valencia,280060,Toni Martinez,FW,1,66,0,0,0,0,0,6.5,0.15,0.15,0,0.0,0.0,3,0,11,7,0,23,1,0,4,0,0,1,2,0
5868061,2026-09-15,Deportivo Alavés,Valencia,519969,Youssef Enriquez,Sub,0,29,0,0,0,0,0,6.1,0.02,0.02,0,0.0,0.0,1,0,5,4,0,19,0,0,1,1,1,2,0,0
5868061,2026-09-15,Deportivo Alavés,Valencia,399952,Miguel Rodriguez,Sub,0,11,0,0,0,0,0,6.3,0.0,0.0,0,0.0,0.0,0,0,4,3,2,11,1,0,0,0,0,0,2,0
5868061,2026-09-15,Deportivo Alavés,Valencia,323236,Mariano Diaz,Sub,0,29,0,0,0,0,0,6.1,0.0,0.0,0,0.0,0.08,0,0,7,7,0,12,1,0,1,0,0,0,0,0
5868061,2026-09-15,Deportivo Alavés,Valencia,344120,Ander Guevara,Sub,0,11,0,0,0,0,0,6.3,0.0,0.0,0,0.0,0.0,0,0,16,14,1,20,1,0,1,0,0,0,0,0
5868061,2026-09-15,Deportivo Alavés,Valencia,303268,Carles Alena,Sub,0,11,0,0,0,0,0,6.0,0.0,0.0,0,0.0,0.0,0,0,7,6,0,12,0,0,0,0,0,0,2,0
5868061,2026-09-15,Valencia,Deportivo Alavés,141499,Stole Dimitrievski,GK,1,95,0,0,0,0,0,7.8,0.0,0.0,0,0.0,0.0,0,0,32,20,1,45,0,0,1,0,0,1,0,3
5868061,2026-09-15,Valencia,Deportivo Alavés,294848,Pablo Maffeo,DR,1,81,0,0,0,0,0,6.8,0.02,0.02,0,0.0,0.06,1,1,41,31,0,66,2,2,1,0,1,2,0,0
5868061,2026-09-15,Valencia,Deportivo Alavés,372634,Justin de Haas,DC,1,81,0,0,0,0,0,7.0,0.0,0.0,0,0.0,0.0,0,0,67,59,0,78,1,2,1,0,1,4,1,0
5868061,2026-09-15,Valencia,Deportivo Alavés,302889,Pepelu,DC,1,95,0,0,1,0,0,7.5,0.0,0.0,0,0.0,0.0,0,0,70,65,0,92,1,3,0,0,1,12,2,0
5868061,2026-09-15,Valencia,Deportivo Alavés,119817,Jose Gaya,DL,1,95,0,0,0,0,0,7.3,0.0,0.0,0,0.0,0.0,0,0,49,45,0,74,7,0,0,1,2,5,0,0
5868061,2026-09-15,Valencia,Deportivo Alavés,303876,Guido Rodriguez,DMC,1,69,0,0,1,0,0,7.2,0.05,0.05,0,0.0,0.01,1,0,49,35,0,64,5,0,3,1,2,2,0,0
5868061,2026-09-15,Valencia,Deportivo Alavés,609574,Aaron Mayol,DMC,1,95,0,0,1,0,0,6.7,0.0,0.0,0,0.0,0.01,0,0,42,36,0,58,1,3,0,1,3,1,3,0
5868061,2026-09-15,Valencia,Deportivo Alavés,379684,Filip Ugrinic,AMR,1,95,0,0,0,0,0,6.4,0.0,0.0,0,0.0,0.0,0,0,43,40,0,60,0,0,0,1,1,2,2,0
5868061,2026-09-15,Valencia,Deportivo Alavés,431507,Javi Guerra,AMC,1,95,0,1,1,0,0,7.0,0.13,0.13,0,0.0,0.21,2,0,31,23,2,51,1,0,0,2,1,0,4,0
5868061,2026-09-15,Valencia,Deportivo Alavés,323625,Arnaut Danjuma,AML,1,95,0,0,0,0,0,7.0,0.04,0.04,0,0.0,0.14,2,1,21,17,4,32,0,0,0,1,1,1,1,0
5868061,2026-09-15,Valencia,Deportivo Alavés,354526,Hugo Duro,FW,1,62,0,0,0,0,0,6.3,0.11,0.11,0,0.0,0.0,2,0,7,4,0,19,1,0,2,0,0,1,2,0
5868061,2026-09-15,Valencia,Deportivo Alavés,381713,Luis Rioja,Sub,0,33,1,0,0,0,0,7.2,0.42,0.42,0,0.0,0.0,1,1,7,5,0,10,0,1,0,1,0,0,0,0
5868061,2026-09-15,Valencia,Deportivo Alavés,408732,Jesus Vazquez,Sub,0,14,0,0,0,0,0,6.0,0.0,0.0,0,0.0,0.0,0,0,5,3,0,7,0,0,0,0,0,0,1,0
5868061,2026-09-15,Valencia,Deportivo Alavés,444239,Arnau Martinez,Sub,0,14,0,0,0,0,0,6.1,0.0,0.0,0,0.0,0.0,0,0,4,1,0,12,3,0,0,0,1,0,0,0
5868061,2026-09-15,Valencia,Deportivo Alavés,510999,David Otorbi,Sub,0,26,0,0,0,0,0,6.3,0.04,0.04,0,0.0,0.07,1,0,2,1,0,6,1,0,0,0,0,0,0,0
5868061,2026-09-15,Valencia,Deportivo Alavés,534590,Iker Cordoba,Sub,0,14,0,0,0,0,0,6.3,0.0,0.0,0,0.0,0.0,0,0,4,3,0,8,0,0,1,0,0,4,0,0
5868062,2026-09-16,Atlético Madrid,Osasuna,76662,Jan Oblak,GK,1,93,0,0,0,0,0,6.7,0.0,0.0,0,0.0,0.0,0,0,30,22,0,33,0,0,0,0,0,0,0,1
5868062,2026-09-16,Atlético Madrid,Osasuna,254582,Marcos Llorente,DR,1,93,0,0,0,0,0,7.6,0.0,0.0,0,0.0,0.04,0,0,62,59,1,87,5,0,0,2,0,1,0,0
5868062,2026-09-16,Atlético Madrid,Osasuna,323663,Cristian Romero,DC,1,67,0,0,0,0,0,7.7,0.07,0.07,0,0.0,0.0,2,1,60,54,0,73,3,0,3,1,1,3,0,0
5868062,2026-09-16,Atlético Madrid,Osasuna,367008,Robin Le Normand,DC,1,93,1,0,0,0,0,8.3,0.03,0.03,0,0.0,0.0,1,1,68,63,0,81,1,0,3,0,1,6,0,0
5868062,2026-09-16,Atlético Madrid,Osasuna,107252,Alejandro Grimaldo,DL,1,84,0,0,0,0,0,7.7,0.44,0.44,1,0.42,0.19,2,0,54,49,2,86,2,1,0,3,0,0,1,0
5868062,2026-09-16,Atlético Madrid,Osasuna,367780,Lee Kang-In,MR,1,93,1,0,0,0,0,9.2,0.94,0.94,1,0.42,0.24,6,4,51,39,3,71,3,1,1,2,1,1,0,0
5868062,2026-09-16,Atlético Madrid,Osasuna,80764,Koke,MC,1,93,0,0,0,0,0,7.4,0.0,0.0,0,0.0,0.07,0,0,87,78,1,105,5,1,0,0,1,0,3,0
5868062,2026-09-16,Atlético Madrid,Osasuna,379230,Johnny Cardoso,MC,1,84,0,1,0,0,0,8.1,0.02,0.02,0,0.0,0.28,1,0,81,77,1,91,4,1,1,0,0,0,1,0
5868062,2026-09-16,Atlético Madrid,Osasuna,395242,Alex Baena,ML,1,93,1,0,0,0,0,8.3,0.6,0.6,0,0.0,0.32,5,2,51,41,4,74,1,2,0,0,0,0,0,0
5868062,2026-09-16,Atlético Madrid,Osasuna,383855,Jonathan David,FW,1,67,1,1,0,0,0,8.4,1.7,1.7,3,1.1,0.3,6,3,18,17,4,32,0,0,1,0,0,0,1,0
5868062,2026-09-16,Atlético Madrid,Osasuna,299451,Ademola Lookman,FW,1,67,0,0,1,0,0,7.0,0.45,0.45,2,0.38,0.23,3,0,31,27,5,46,1,0,0,1,1,0,1,0
5868062,2026-09-16,Atlético Madrid,Osasuna,422918,Giuliano Simeone,Sub,0,26,0,0,0,0,0,6.2,0.0,0.0,0,0.0,0.0,0,0,13,12,0,15,0,0,0,0,1,0,0,0
5868062,2026-09-16,Atlético Madrid,Osasuna,403647,Morten Hjulmand,Sub,0,9,0,0,0,0,0,6.1,0.0,0.0,0,0.0,0.0,0,0,11,10,0,11,0,0,0,0,0,0,0,0
5868062,2026-09-16,Atlético Madrid,Osasuna,362779,David Hancko,Sub,0,9,0,0,0,0,0,6.2,0.0,0.0,0,0.0,0.0,0,0,9,7,0,15,0,1,0,1,1,0,0,0
5868062,2026-09-16,Atlético Madrid,Osasuna,430148,Marc Pubill,Sub,0,26,0,0,0,0,0,6.2,0.0,0.0,0,0.0,0.0,0,0,27,23,0,27,0,0,0,0,0,0,0,0
5868062,2026-09-16,Atlético Madrid,Osasuna,444251,Arnau Ortiz,Sub,0,26,0,0,0,0,0,6.2,0.0,0.0,0,0.0,0.0,0,0,4,3,0,9,0,0,0,1,1,0,1,0
5868062,2026-09-16,Osasuna,Atlético Madrid,91194,Aitor Fernandez,GK,1,93,0,0,0,0,0,7.3,0.0,0.0,0,0.0,0.0,0,0,36,18,0,50,0,0,0,0,0,2,0,7
5868062,2026-09-16,Osasuna,Atlético Madrid,517618,Inigo Arguibide,DR,1,70,0,0,0,0,0,5.5,0.0,0.0,0,0.0,0.0,0,0,9,5,0,21,2,0,0,0,1,0,0,0
5868062,2026-09-16,Osasuna,Atlético Madrid,447842,Enzo Boyomo,DC,1,93,0,0,0,0,0,6.0,0.0,0.0,0,0.0,0.0,0,0,48,43,1,59,1,0,0,0,0,7,0,0
5868062,2026-09-16,Osasuna,Atlético Madrid,495163,Rockson Yeboah,DC,1,93,0,0,0,0,0,6.0,0.0,0.0,0,0.0,0.0,0,0,32,28,0,53,7,3,0,0,1,4,0,0
5868062,2026-09-16,Osasuna,Atlético Madrid,604368,Unai Santos,DC,1,93,0,0,0,0,0,6.0,0.02,0.02,0,0.0,0.0,1,0,41,31,0,60,0,2,2,0,3,8,0,0
5868062,2026-09-16,Osasuna,Atlético Madrid,461771,Abel Bretones,DL,1,93,0,0,1,0,0,5.0,0.0,0.0,0,0.0,0.0,0,0,16,11,0,45,1,0,0,1,1,3,1,0
5868062,2026-09-16,Osasuna,Atlético Madrid,447853,Jonathan Dubasin,MR,1,58,0,0,0,0,0,5.8,0.0,0.0,0,0.0,0.0,0,0,26,23,0,39,0,1,0,0,0,1,3,0
5868062,2026-09-16,Osasuna,Atlético Madrid,249960,Lucas Torro,MC,1,93,0,0,0,0,0,6.2,0.0,0.0,0,0.0,0.01,0,0,27,17,0,39,2,1,3,1,1,2,0,0
5868062,2026-09-16,Osasuna,Atlético Madrid,518928,Asier Osambela,MC,1,74,0,0,0,0,0,6.6,0.0,0.0,0,0.0,0.0,0,0,20,11,0,35,10,0,1,1,2,0,0,0
5868062,2026-09-16,Osasuna,Atlético Madrid,396490,Raul Moro,ML,1,58,0,0,0,0,0,6.0,0.08,0.08,0,0.0,0.25,1,0,10,8,1,20,1,0,0,0,1,1,2,0
5868062,2026-09-16,Osasuna,Atlético Madrid,383924,Raul Garcia,FW,1,59,0,0,0,0,0,5.8,0.42,0.42,1,0.42,0.01,1,1,13,9,0,23,1,0,1,0,1,0,1,0
5868062,2026-09-16,Osasuna,Atlético Madrid,98126,Ante Budimir,Sub,0,34,0,0,0,0,0,5.9,0.0,0.0,0,0.0,0.0,0,0,1,0,0,6,0,0,0,0,0,1,0,0
5868062,2026-09-16,Osasuna,Atlético Madrid,300291,Romain Del Castillo,Sub,0,19,0,0,0,0,0,6.0,0.0,0.0,0,0.0,0.0,0,0,6,6,0,8,0,0,1,0,0,0,0,0
5868062,2026-09-16,Osasuna,Atlético Madrid,336251,Kike Barja,Sub,0,35,0,0,0,0,0,5.8,0.0,0.0,0,0.0,0.0,0,0,4,2,0,12,1,0,0,0,0,0,1,0
5868062,2026-09-16,Osasuna,Atlético Madrid,381673,Jon Moncayola,Sub,0,23,0,0,0,0,0,6.1,0.0,0.0,0,0.0,0.05,0,0,12,11,0,15,1,0,0,0,0,0,0,0
5868062,2026-09-16,Osasuna,Atlético Madrid,119189,Ruben Garcia,Sub,0,35,0,0,1,0,0,5.7,0.0,0.0,0,0.0,0.02,0,0,12,9,1,20,3,0,0,0,1,0,0,0
5868063,2026-09-17,Real Betis,Getafe,448208,Alvaro Valles,GK,1,94,0,0,0,0,0,7.0,0.0,0.0,0,0.0,0.0,0,0,29,27,0,36,0,0,0,1,0,1,0,2
5868063,2026-09-17,Real Betis,Getafe,545675,Angel Ortiz,DR,1,45,0,0,1,0,0,7.0,0.0,0.0,0,0.0,0.01,0,0,33,33,2,49,3,1,0,0,2,2,1,0
5868063,2026-09-17,Real Betis,Getafe,433286,Valentin Gomez,DC,1,94,0,0,0,0,0,7.3,0.0,0.0,0,0.0,0.01,0,0,89,85,0,100,0,0,3,0,1,8,0,0
5868063,2026-09-17,Real Betis,Getafe,402206,Natan,DC,1,94,0,0,0,0,0,7.4,0.0,0.0,0,0.0,0.0,0,0,90,85,1,101,2,1,1,0,0,6,0,0
5868063,2026-09-17,Real Betis,Getafe,351252,Junior Firpo,DL,1,94,0,0,0,0,0,6.9,0.0,0.0,0,0.0,0.0,0,0,51,44,0,75,3,1,1,0,3,5,1,0
5868063,2026-09-17,Real Betis,Getafe,432475,Nelson Deossa,DMC,1,94,0,0,0,0,0,7.7,0.03,0.03,0,0.0,0.02,2,0,65,52,1,90,3,2,1,3,2,3,2,0
5868063,2026-09-17,Real Betis,Getafe,512611,Facundo Bernal,DMC,1,94,0,0,0,0,0,6.5,0.08,0.08,0,0.0,0.01,3,0,67,57,0,79,2,1,0,0,2,2,0,0
5868063,2026-09-17,Real Betis,Getafe,364315,Antony,AMR,1,91,0,0,0,0,0,7.0,1.06,1.06,2,0.83,0.11,9,4,75,63,0,103,2,2,1,1,1,1,2,0
5868063,2026-09-17,Real Betis,Getafe,82989,Isco,AMC,1,60,0,0,0,0,0,6.8,0.52,0.52,1,0.33,0.02,4,1,40,37,2,52,1,1,0,0,0,0,0,0
5868063,2026-09-17,Real Betis,Getafe,427283,Abde Ezzalzouli,AML,1,71,1,0,0,0,0,7.3,0.42,0.42,0,0.0,0.08,1,1,35,30,2,47,0,0,0,0,1,1,2,0
5868063,2026-09-17,Real Betis,Getafe,384064,Troy Parrott,FW,1,71,0,1,0,0,0,7.3,0.02,0.02,0,0.0,0.13,1,1,11,8,2,19,0,0,0,1,0,1,0,0
5868063,2026-09-17,Real Betis,Getafe,452407,Alvaro Fidalgo,Sub,0,3,0,0,0,0,0,6.0,0.0,0.0,0,0.0,0.0,0,0,3,3,0,4,0,0,0,0,0,0,0,0
5868063,2026-09-17,Real Betis,Getafe,382631,Rodrigo Riquelme,Sub,0,23,0,0,0,0,0,6.5,0.09,0.09,0,0.0,0.06,1,1,9,8,1,14,1,0,0,0,0,0,0,0
5868063,2026-09-17,Real Betis,Getafe,125211,Hector Bellerin,Sub,0,49,0,0,0,0,0,6.7,0.0,0.0,0,0.0,0.44,0,0,44,40,3,52,1,0,0,0,1,2,0,0
5868063,2026-09-17,Real Betis,Getafe,144890,Dani Ceballos,Sub,0,34,0,0,0,0,0,6.0,0.03,0.03,0,0.0,0.0,1,0,20,19,0,27,0,0,0,1,0,0,0,0
5868063,2026-09-17,Real Betis,Getafe,362501,Cucho Hernandez,Sub,0,23,0,0,0,0,0,6.1,0.0,0.0,0,0.0,0.01,0,0,13,8,0,17,1,0,0,1,0,0,1,0
5868063,2026-09-17,Getafe,Real Betis,243262,David Soria,GK,1,94,0,0,0,0,0,7.2,0.0,0.0,0,0.0,0.0,0,0,24,12,1,32,0,0,0,0,0,2,0,6
5868063,2026-09-17,Getafe,Real Betis,469329,Andres Garcia,DR,1,68,0,0,0,0,0,6.3,0.0,0.0,0,0.0,0.02,0,0,10,10,0,28,1,0,0,1,1,3,0,0
5868063,2026-09-17,Getafe,Real Betis,332990,Djene Dakonam,DC,1,94,0,0,0,0,0,6.1,0.0,0.0,0,0.0,0.0,0,0,29,25,0,44,1,1,1,0,1,5,1,0
5868063,2026-09-17,Getafe,Real Betis,389191,Zaid Romero,DC,1,94,0,0,0,0,0,7.0,0.0,0.0,0,0.0,0.0,0,0,28,17,0,45,3,2,0,1,0,6,0,0
5868063,2026-09-17,Getafe,Real Betis,568737,Davinchi,DL,1,45,0,0,1,0,0,5.8,0.0,0.0,0,0.0,0.0,0,0,12,4,0,23,0,0,0,1,2,1,1,0
5868063,2026-09-17,Getafe,Real Betis,77417,Nemanja Gudelj,DMC,1,94,0,0,1,0,0,5.9,0.07,0.07,0,0.0,0.0,2,0,12,7,0,29,2,3,1,0,4,1,0,0
5868063,2026-09-17,Getafe,Real Betis,424675,Francho Serrano,MR,1,80,0,0,0,0,0,6.2,0.0,0.0,0,0.0,0.0,0,0,11,10,0,21,2,1,0,0,1,2,0,0
5868063,2026-09-17,Getafe,Real Betis,344073,Orel Mangala,MC,1,80,0,0,0,0,0,6.3,0.0,0.0,0,0.0,0.0,0,0,19,15,0,31,0,4,0,0,5,0,0,0
5868063,2026-09-17,Getafe,Real Betis,471047,Mario Martin,MC,1,94,0,0,2,1,0,5.1,0.07,0.07,0,0.0,0.0,2,1,11,8,0,32,4,1,2,0,3,3,1,0
5868063,2026-09-17,Getafe,Real Betis,403803,Martin Satriano,ML,1,45,0,0,0,0,0,6.0,0.04,0.04,0,0.0,0.0,1,0,5,0,0,13,1,0,1,0,2,1,1,0
5868063,2026-09-17,Getafe,Real Betis,424815,Ivan Azon,FW,1,94,0,0,0,0,0,6.6,0.05,0.05,0,0.0,0.09,2,1,19,14,1,34,1,0,4,0,1,1,1,0
5868063,2026-09-17,Getafe,Real Betis,135098,Johan Mojica,Sub,0,49,0,0,0,0,0,6.0,0.0,0.0,0,0.0,0.0,0,0,13,11,0,29,1,1,1,0,0,1,1,0
5868063,2026-09-17,Getafe,Real Betis,523331,Alberto Risco,Sub,0,14,0,0,0,0,0,6.0,0.09,0.09,0,0.0,0.0,1,0,3,2,0,7,1,1,0,0,1,0,0,0
5868063,2026-09-17,Getafe,Real Betis,134695,Enes Unal,Sub,0,49,0,0,0,0,0,6.0,0.0,0.0,0,0.0,0.0,0,0,8,6,0,13,0,0,0,0,1,0,2,0
5868063,2026-09-17,Getafe,Real Betis,484251,Sebastian Boselli,Sub,0,26,0,0,1,0,0,6.0,0.0,0.0,0,0.0,0.02,0,0,7,3,0,13,3,0,1,0,2,0,0,0
5868063,2026-09-17,Getafe,Real Betis,546268,Oscar Lopez,Sub,0,14,0,0,0,0,0,6.1,0.0,0.0,0,0.0,0.0,0,0,6,4,0,6,0,0,1,0,0,0,0,0
5868065,2026-09-15,Elche,Real Madrid,422916,Matias Dituro,GK,1,95,0,0,0,0,0,6.0,0.0,0.0,0,0.0,0.0,0,0,51,43,0,65,0,1,1,0,0,1,0,2
5868065,2026-09-15,Elche,Real Madrid,510360,Buba Sangare,DR,1,67,0,0,0,0,0,5.8,0.0,0.0,0,0.0,0.13,0,0,21,17,1,33,1,1,0,0,2,2,0,0
5868065,2026-09-15,Elche,Real Madrid,419616,Federico Redondo,DC,1,95,0,0,0,0,0,7.0,0.0,0.0,0,0.0,0.14,0,0,53,52,0,69,6,2,0,1,0,3,1,0
5868065,2026-09-15,Elche,Real Madrid,402862,Victor Chust,DC,1,95,0,0,0,0,0,6.0,0.0,0.0,0,0.0,0.0,0,0,99,92,0,109,4,1,0,0,1,3,0,0
5868065,2026-09-15,Elche,Real Madrid,451213,Roy Revivo,DL,1,95,0,0,0,0,0,6.0,0.0,0.0,0,0.0,0.11,0,0,58,51,1,74,3,1,0,1,3,1,0,0
5868065,2026-09-15,Elche,Real Madrid,390240,German Valera,MR,1,57,0,0,0,0,0,6.6,0.03,0.03,0,0.0,0.05,1,0,16,13,2,27,1,2,0,1,1,0,1,0
5868065,2026-09-15,Elche,Real Madrid,438351,Martim Neto,MC,1,67,0,0,0,0,0,5.7,0.09,0.09,0,0.0,0.03,2,0,39,34,1,45,0,0,0,1,0,0,1,0
5868065,2026-09-15,Elche,Real Madrid,448050,Marc Aguado,MC,1,57,0,0,1,0,0,6.1,0.0,0.0,0,0.0,0.0,0,0,30,28,0,37,1,2,0,0,3,4,0,0
5868065,2026-09-15,Elche,Real Madrid,357388,Gonzalo Villar,MC,1,95,0,0,1,0,0,6.2,0.0,0.0,0,0.0,0.05,0,0,61,57,1,77,5,0,2,1,2,1,3,0
5868065,2026-09-15,Elche,Real Madrid,402087,Tete Morente,ML,1,79,0,0,0,0,0,6.4,0.1,0.1,0,0.0,0.15,3,1,22,21,1,43,2,1,0,1,2,0,0,0
5868065,2026-09-15,Elche,Real Madrid,433973,Abiel Osorio,FW,1,95,1,0,0,0,0,7.5,0.6,0.6,0,0.0,0.0,4,1,17,13,0,28,0,1,1,0,3,3,1,0
5868065,2026-09-15,Elche,Real Madrid,516414,Lucas Cepeda,Sub,0,38,0,1,1,0,0,6.9,0.0,0.0,0,0.0,0.26,0,0,23,21,1,28,0,0,0,0,1,1,0,0
5868065,2026-09-15,Elche,Real Madrid,132962,Thomas Lemar,Sub,0,38,0,0,0,0,0,6.8,0.0,0.0,0,0.0,0.01,0,0,32,32,1,42,2,1,0,1,2,1,0,0
5868065,2026-09-15,Elche,Real Madrid,426757,Ruben Sanchez,Sub,0,28,0,0,0,0,0,6.7,0.0,0.0,0,0.0,0.0,0,0,9,9,0,17,3,1,0,0,0,2,1,0
5868065,2026-09-15,Elche,Real Madrid,273453,Josan,Sub,0,16,0,1,1,0,0,6.4,0.0,0.0,0,0.0,0.04,0,0,6,5,1,14,2,0,0,1,1,0,0,0
5868065,2026-09-15,Elche,Real Madrid,391082,Fer Nino,Sub,0,28,1,0,0,0,0,7.0,0.05,0.05,0,0.0,0.0,1,1,5,5,0,8,2,0,1,0,0,0,0,0
5868065,2026-09-15,Real Madrid,Elche,73798,Thibaut Courtois,GK,1,95,0,0,0,0,0,6.2,0.0,0.0,0,0.0,0.0,0,0,27,24,0,34,0,0,0,0,0,0,0,1
5868065,2026-09-15,Real Madrid,Elche,318871,Trent Alexander-Arnold,DR,1,86,0,0,0,0,0,7.2,0.04,0.04,0,0.0,0.39,1,0,37,32,2,57,2,3,0,2,0,3,0,0
5868065,2026-09-15,Real Madrid,Elche,345957,Ibrahima Konate,DC,1,95,0,0,1,0,0,6.2,0.03,0.03,0,0.0,0.01,1,0,56,52,0,64,1,0,4,0,2,2,0,0
5868065,2026-09-15,Real Madrid,Elche,468852,Dean Huijsen,DC,1,95,0,0,0,0,0,6.7,0.05,0.05,0,0.0,0.01,1,1,51,49,0,62,2,2,1,0,1,4,0,0
5868065,2026-09-15,Real Madrid,Elche,363496,Marc Cucurella,DL,1,95,0,0,0,0,0,5.6,0.0,0.0,0,0.0,0.0,0,0,44,38,0,58,3,1,0,0,0,3,0,0
5868065,2026-09-15,Real Madrid,Elche,353423,Aurelien Tchouameni,DMC,1,85,0,0,0,0,0,6.8,0.0,0.0,0,0.0,0.03,0,0,42,40,2,51,2,2,0,0,0,2,0,0
5868065,2026-09-15,Real Madrid,Elche,344644,Federico Valverde,DMC,1,95,0,0,0,0,0,6.7,0.0,0.0,0,0.0,0.04,0,0,42,38,1,53,1,1,0,1,1,2,1,0
5868065,2026-09-15,Real Madrid,Elche,557000,Yan Diomande,AMR,1,91,0,1,1,0,0,8.2,0.09,0.09,0,0.0,0.36,1,0,29,20,3,54,3,1,0,7,2,1,1,0
5868065,2026-09-15,Real Madrid,Elche,415181,Arda Guler,AMC,1,67,0,0,0,0,0,7.3,0.64,0.64,1,0.59,0.3,3,0,26,25,3,46,1,1,0,0,0,0,1,0
5868065,2026-09-15,Real Madrid,Elche,337782,Vinicius Junior,AML,1,67,0,0,0,0,0,6.4,0.82,0.82,2,0.64,0.01,5,1,17,13,1,34,2,0,0,0,1,0,2,0
5868065,2026-09-15,Real Madrid,Elche,300713,Kylian Mbappe,FW,1,95,1,1,0,0,0,8.0,0.44,0.44,0,0.0,0.69,4,1,39,33,3,61,2,0,1,0,1,0,1,0
5868065,2026-09-15,Real Madrid,Elche,317541,Brahim Diaz,Sub,0,28,0,0,0,0,0,6.1,0.0,0.0,0,0.0,0.02,0,0,8,8,1,13,0,0,0,1,0,0,1,0
5868065,2026-09-15,Real Madrid,Elche,322153,Denzel Dumfries,Sub,0,4,0,0,0,0,0,6.0,0.0,0.0,0,0.0,0.0,0,0,0,0,0,0,0,0,0,0,0,0,0,0
5868065,2026-09-15,Real Madrid,Elche,379868,Jude Bellingham,Sub,0,28,0,0,0,0,0,6.4,0.03,0.03,0,0.0,0.21,1,0,10,9,1,21,0,0,0,2,0,0,2,0
5868065,2026-09-15,Real Madrid,Elche,516341,Carlos Espi,Sub,0,9,1,0,0,0,0,7.2,0.59,0.59,0,0.0,0.01,2,1,2,2,0,7,0,1,0,1,0,0,0,0
5868065,2026-09-15,Real Madrid,Elche,445649,Endrick,Sub,0,10,0,0,0,0,0,6.1,0.09,0.09,0,0.0,0.0,1,0,0,0,0,2,0,0,0,0,0,0,0,0
5868068,2026-09-17,Málaga,Villarreal,261509,Alfonso Herrero,GK,1,95,0,0,1,0,0,5.7,0.0,0.0,0,0.0,0.0,0,0,38,24,0,48,0,0,0,0,1,1,0,3
5868068,2026-09-17,Málaga,Villarreal,447938,Carlos Puga,DR,1,74,0,0,0,0,0,7.2,0.0,0.0,0,0.0,0.0,0,0,23,16,1,56,7,1,1,1,3,4,1,0
5868068,2026-09-17,Málaga,Villarreal,511043,Angel Recio,DC,1,95,0,0,0,0,0,6.7,0.0,0.0,0,0.0,0.0,0,0,34,33,0,45,4,0,0,0,0,2,0,0
5868068,2026-09-17,Málaga,Villarreal,141497,Einar Galilea,DC,1,95,0,0,1,0,0,6.5,0.0,0.0,0,0.0,0.0,0,0,50,44,0,61,4,2,0,0,2,5,0,0
5868068,2026-09-17,Málaga,Villarreal,402092,Jose Salinas,DL,1,45,0,0,1,0,0,6.2,0.0,0.0,0,0.0,0.0,0,0,8,7,0,20,5,0,0,1,4,1,1,0
5868068,2026-09-17,Málaga,Villarreal,508035,Izan Merino,DMC,1,60,0,0,0,0,0,6.0,0.0,0.0,0,0.0,0.0,0,0,20,18,0,28,0,0,0,0,1,4,0,0
5868068,2026-09-17,Málaga,Villarreal,357786,Juan Cruz,MR,1,45,0,1,0,0,0,6.7,0.0,0.0,0,0.0,0.08,0,0,10,6,1,17,2,0,0,0,0,1,0,0
5868068,2026-09-17,Málaga,Villarreal,448303,David Larrubia,MC,1,95,0,0,1,0,0,6.3,0.0,0.0,0,0.0,0.0,0,0,23,17,1,46,4,1,0,3,2,0,0,0
5868068,2026-09-17,Málaga,Villarreal,461527,Carlos Dotor,MC,1,60,1,0,0,0,0,7.0,0.09,0.09,0,0.0,0.0,1,1,31,27,0,37,1,1,0,0,2,2,0,0
5868068,2026-09-17,Málaga,Villarreal,388808,Pablo Martinez,ML,1,95,0,0,0,0,0,6.0,0.04,0.04,0,0.0,0.0,1,0,23,18,0,38,2,0,0,0,0,2,0,0
5868068,2026-09-17,Málaga,Villarreal,541868,Chupe,FW,1,95,0,0,0,0,0,6.5,0.05,0.05,0,0.0,0.0,1,0,14,9,0,29,4,0,2,2,0,1,0,0
5868068,2026-09-17,Málaga,Villarreal,504195,Adrian Nino,Sub,0,35,0,0,0,0,0,5.7,0.09,0.09,0,0.0,0.0,1,0,3,3,0,9,0,0,0,0,0,0,1,0
5868068,2026-09-17,Málaga,Villarreal,508349,Rafita,Sub,0,50,0,0,0,0,0,6.6,0.0,0.0,0,0.0,0.0,0,0,19,17,0,35,2,2,0,0,1,2,0,0
5868068,2026-09-17,Málaga,Villarreal,366204,Joaquin Munoz,Sub,0,35,0,0,0,0,0,6.0,0.02,0.02,0,0.0,0.0,1,0,8,5,0,13,1,0,0,1,0,0,0,0
5868068,2026-09-17,Málaga,Villarreal,448289,Ramon Enriquez,Sub,0,21,0,0,1,0,0,5.9,0.0,0.0,0,0.0,0.0,0,0,15,12,1,16,0,0,0,0,1,1,0,0
5868068,2026-09-17,Málaga,Villarreal,448294,Dani Lorenzo,Sub,0,50,0,0,0,0,0,6.2,0.0,0.0,0,0.0,0.0,0,0,28,25,0,31,1,1,0,0,0,0,0,0
5868068,2026-09-17,Villarreal,Málaga,67369,Peter Gulacsi,GK,1,95,0,0,0,0,0,5.9,0.0,0.0,0,0.0,0.0,0,0,22,20,0,23,0,0,0,0,0,0,0,0
5868068,2026-09-17,Villarreal,Málaga,440159,Alex Freeman,DR,1,95,0,0,0,0,0,7.3,0.0,0.0,0,0.0,0.05,0,0,68,62,1,89,2,1,3,3,1,3,2,0
5868068,2026-09-17,Villarreal,Málaga,434077,Renato Veiga,DC,1,95,0,0,0,0,0,6.6,0.02,0.02,0,0.0,0.09,1,0,92,82,1,103,1,1,2,0,0,3,1,0
5868068,2026-09-17,Villarreal,Málaga,537235,Pau Navarro,DC,1,95,0,0,0,0,0,6.4,0.0,0.0,0,0.0,0.0,0,0,46,45,0,55,1,0,0,1,2,1,0,0
5868068,2026-09-17,Villarreal,Málaga,448209,Sergi Cardona,DL,1,95,0,0,0,0,0,7.0,0.05,0.05,0,0.0,0.02,2,0,79,72,0,108,4,3,0,0,1,2,1,0
5868068,2026-09-17,Villarreal,Málaga,428500,Ilias Akhomach,MR,1,62,0,1,1,0,0,7.2,0.04,0.04,0,0.0,0.43,1,1,28,24,2,51,1,0,0,2,2,0,3,0
5868068,2026-09-17,Villarreal,Málaga,445119,Nathan Saliba,MC,1,79,0,0,0,0,0,6.7,0.0,0.0,0,0.0,0.0,0,0,43,39,0,52,2,0,1,1,1,2,0,0
5868068,2026-09-17,Villarreal,Málaga,362735,Santi Comesana,MC,1,36,0,0,0,0,0,6.3,0.0,0.0,0,0.0,0.11,0,0,42,41,1,48,1,1,0,0,1,0,0,0
5868068,2026-09-17,Villarreal,Málaga,371027,Tajon Buchanan,ML,1,95,0,0,0,0,0,7.1,0.53,0.53,1,0.51,0.69,2,1,27,26,3,53,5,0,0,1,2,1,0,0
5868068,2026-09-17,Villarreal,Málaga,448211,Alberto Moleiro,FW,1,79,1,0,0,0,0,7.7,0.53,0.53,0,0.0,0.53,3,2,54,44,1,67,0,0,0,1,0,0,0,0
5868068,2026-09-17,Villarreal,Málaga,135366,Ayoze Perez,FW,1,62,0,1,0,0,0,7.4,0.66,0.66,2,0.63,0.27,3,1,9,6,2,19,3,0,1,1,0,0,1,0
5868068,2026-09-17,Villarreal,Málaga,389020,Georges Mikautadze,Sub,0,33,0,0,0,0,0,6.3,0.42,0.42,1,0.42,0.38,1,0,10,9,1,17,0,0,0,0,0,0,2,0
5868068,2026-09-17,Villarreal,Málaga,399047,Pape Gueye,Sub,0,59,2,0,0,0,1,8.1,1.22,0.42,0,0.0,0.02,2,2,47,41,0,55,0,1,0,1,0,0,0,0
5868068,2026-09-17,Villarreal,Málaga,468931,Carlos Romero,Sub,0,33,0,0,0,0,0,6.1,0.09,0.09,0,0.0,0.06,1,0,23,19,0,31,0,0,0,0,0,0,0,0
5868068,2026-09-17,Villarreal,Málaga,448936,Santiago Mourino,Sub,0,16,0,0,0,0,0,6.2,0.0,0.0,0,0.0,0.0,0,0,6,6,0,7,0,0,1,0,0,1,0,0
5868068,2026-09-17,Villarreal,Málaga,603190,Carlos Macia,Sub,0,16,0,0,0,0,0,6.5,0.0,0.0,0,0.0,0.0,0,0,2,2,0,3,0,0,0,0,0,0,0,0
5868069,2026-09-15,Rayo Vallecano,Espanyol,254692,Emil Audero,GK,1,98,0,0,0,0,0,7.0,0.0,0.0,0,0.0,0.0,0,0,49,28,0,62,0,0,0,0,0,1,0,3
5868069,2026-09-15,Rayo Vallecano,Espanyol,372331,Andrei Ratiu,DR,1,98,0,0,0,0,0,7.0,0.06,0.06,0,0.0,0.01,2,0,36,28,1,71,5,1,1,0,1,2,3,0
5868069,2026-09-15,Rayo Vallecano,Espanyol,80758,Florian Lejeune,DC,1,98,0,0,0,0,0,6.6,0.07,0.07,0,0.0,0.0,2,0,47,41,0,60,0,2,0,0,0,6,0,0
5868069,2026-09-15,Rayo Vallecano,Espanyol,357387,Mujaid Sadick,DC,1,60,0,0,0,0,0,6.7,0.0,0.0,0,0.0,0.0,0,0,55,52,0,66,1,1,1,1,0,4,0,0
5868069,2026-09-15,Rayo Vallecano,Espanyol,363966,Adria Pedrosa,DL,1,98,1,0,0,0,0,7.8,0.06,0.06,0,0.0,0.02,2,1,28,23,0,54,1,0,2,2,1,5,0,0
5868069,2026-09-15,Rayo Vallecano,Espanyol,422963,Pathe Ciss,DMC,1,98,0,0,1,0,0,7.7,0.0,0.0,0,0.0,0.0,0,0,58,52,2,80,2,4,1,1,0,7,0,0
5868069,2026-09-15,Rayo Vallecano,Espanyol,236575,Unai Lopez,DMC,1,60,0,0,1,0,0,6.6,0.08,0.08,0,0.0,0.05,1,0,54,48,1,62,1,1,0,0,1,0,0,0
5868069,2026-09-15,Rayo Vallecano,Espanyol,367803,Giorgi Tsitaishvili,AMR,1,75,0,0,1,0,0,6.2,0.15,0.15,0,0.0,0.16,3,0,10,9,1,23,0,0,0,0,1,1,1,0
5868069,2026-09-15,Rayo Vallecano,Espanyol,448514,Pedro Diaz,AMC,1,98,0,0,0,0,0,6.5,0.14,0.14,0,0.0,0.0,3,0,32,26,2,43,1,0,0,0,0,1,0,0
5868069,2026-09-15,Rayo Vallecano,Espanyol,135345,Alvaro Garcia,AML,1,83,1,1,0,0,0,7.9,0.51,0.51,0,0.0,0.06,1,1,20,12,1,31,1,2,1,0,1,2,0,0
5868069,2026-09-15,Rayo Vallecano,Espanyol,372469,Sergio Camello,FW,1,75,0,0,0,0,0,6.6,0.4,0.4,1,0.31,0.3,2,0,22,18,1,39,0,0,0,2,2,0,0,0
5868069,2026-09-15,Rayo Vallecano,Espanyol,101613,Ivan Balliu,Sub,0,15,0,0,0,0,0,6.1,0.0,0.0,0,0.0,0.0,0,0,1,1,0,3,0,0,1,0,0,1,0,0
5868069,2026-09-15,Rayo Vallecano,Espanyol,436617,Alemao,Sub,0,23,0,0,1,0,0,6.1,0.0,0.0,0,0.0,0.0,0,0,7,5,0,15,1,0,1,0,1,0,0,0
5868069,2026-09-15,Rayo Vallecano,Espanyol,422958,Oscar Valentin,Sub,0,38,0,0,0,0,0,6.7,0.0,0.0,0,0.0,0.0,0,0,14,14,0,19,3,1,3,0,0,1,0,0
5868069,2026-09-15,Rayo Vallecano,Espanyol,444265,Fran Perez,Sub,0,23,0,0,0,0,0,6.1,0.0,0.0,0,0.0,0.01,0,0,7,7,0,14,0,0,0,1,0,0,0,0
5868069,2026-09-15,Rayo Vallecano,Espanyol,641813,Gnangoro,Sub,0,38,0,0,1,0,0,6.4,0.0,0.0,0,0.0,0.0,0,0,9,6,1,17,1,1,1,0,2,4,0,0
5868069,2026-09-15,Espanyol,Rayo Vallecano,259393,Marko Dmitrovic,GK,1,98,0,0,0,0,0,5.7,0.0,0.0,0,0.0,0.04,0,0,25,19,0,34,0,0,0,0,0,3,0,0
5868069,2026-09-15,Espanyol,Rayo Vallecano,449410,Omar El Hilali,DR,1,98,0,0,0,1,0,5.5,0.0,0.0,0,0.0,0.0,0,0,22,16,1,50,0,0,4,0,4,3,0,0
5868069,2026-09-15,Espanyol,Rayo Vallecano,419935,Clemens Riedel,DC,1,98,0,0,0,0,0,6.3,0.03,0.03,0,0.0,0.02,1,1,45,39,0,57,0,0,1,0,1,5,0,0
5868069,2026-09-15,Espanyol,Rayo Vallecano,73265,Leandro Cabrera,DC,1,98,0,0,0,0,0,6.9,0.08,0.08,0,0.0,0.04,1,0,50,40,0,64,0,3,6,0,2,9,0,0
5868069,2026-09-15,Espanyol,Rayo Vallecano,555136,Roger Hinojo,DL,1,45,0,0,0,0,0,6.2,0.06,0.06,0,0.0,0.0,1,0,8,7,0,18,3,0,0,0,0,4,0,0
5868069,2026-09-15,Espanyol,Rayo Vallecano,478349,Gabriel Moscardo,DMC,1,45,0,0,0,0,0,4.8,0.07,0.07,0,0.0,0.0,1,0,8,5,0,19,0,0,1,0,1,1,2,0
5868069,2026-09-15,Espanyol,Rayo Vallecano,401173,Urko Gonzalez de Zarate,DMC,1,83,0,0,0,0,0,6.1,0.02,0.02,0,0.0,0.02,1,0,30,26,0,43,2,2,1,0,2,2,0,0
5868069,2026-09-15,Espanyol,Rayo Vallecano,506010,Javi Hernandez,AMR,1,73,0,1,0,0,0,6.8,0.24,0.24,0,0.0,0.2,3,1,13,11,4,30,0,0,0,0,0,0,4,0
5868069,2026-09-15,Espanyol,Rayo Vallecano,531460,Rafel Bauza,AMC,1,45,0,0,0,0,0,5.5,0.02,0.02,0,0.0,0.0,1,0,15,13,0,26,2,1,0,0,2,0,0,0
5868069,2026-09-15,Espanyol,Rayo Vallecano,444739,Quilindschy Hartman,AML,1,98,0,0,0,0,0,7.1,0.0,0.0,0,0.0,0.15,0,0,48,41,3,69,5,1,1,0,1,2,0,0
5868069,2026-09-15,Espanyol,Rayo Vallecano,448296,Roberto Fernandez,FW,1,98,1,0,0,0,0,7.1,0.39,0.39,0,0.0,0.05,2,1,15,9,1,22,1,0,2,1,0,0,0,0
5868069,2026-09-15,Espanyol,Rayo Vallecano,382157,Pol Lozano,Sub,0,15,0,0,0,0,0,6.1,0.0,0.0,0,0.0,0.04,0,0,7,7,1,9,1,0,0,0,1,0,1,0
5868069,2026-09-15,Espanyol,Rayo Vallecano,335696,Edu Exposito,Sub,0,53,0,0,0,0,0,6.3,0.36,0.36,1,0.27,0.12,3,0,30,26,2,44,0,0,0,0,0,0,0,0
5868069,2026-09-15,Espanyol,Rayo Vallecano,429273,Bryan Zaragoza,Sub,0,53,0,0,0,0,0,6.5,0.06,0.06,0,0.0,0.13,2,1,18,13,2,30,0,1,0,0,0,0,1,0
5868069,2026-09-15,Espanyol,Rayo Vallecano,464541,Marcos Fernandez,Sub,0,53,0,0,1,0,0,6.6,0.21,0.21,0,0.0,0.12,3,1,9,5,1,15,0,0,1,1,1,0,0,0
5868069,2026-09-15,Espanyol,Rayo Vallecano,468761,Cala,Sub,0,25,0,0,0,0,0,6.0,0.0,0.0,0,0.0,0.0,0,0,5,3,0,10,1,0,1,0,0,0,0,0
5868070,2026-09-03,Real Sociedad,Celta Vigo,270504,Alex Remiro,GK,1,95,0,0,0,0,0,7.0,0.0,0.0,0,0.0,0.0,0,0,43,33,0,50,0,0,0,0,0,2,0,2
5868070,2026-09-03,Real Sociedad,Celta Vigo,463961,Jon Aramburu,DR,1,95,0,0,0,0,0,7.8,0.04,0.04,0,0.0,0.1,1,0,57,51,2,86,8,2,3,0,3,1,1,0
5868070,2026-09-03,Real Sociedad,Celta Vigo,315566,Igor Zubeldia,DC,1,95,0,0,0,0,0,7.2,0.0,0.0,0,0.0,0.01,0,0,56,52,1,69,4,2,0,0,1,4,0,0
5868070,2026-09-03,Real Sociedad,Celta Vigo,495459,Jon Martin,DC,1,95,0,0,0,0,0,7.1,0.04,0.04,0,0.0,0.0,1,1,70,69,0,83,1,1,3,0,3,6,1,0
5868070,2026-09-03,Real Sociedad,Celta Vigo,355110,Sergio Gomez,DL,1,95,0,0,0,0,0,7.1,0.0,0.0,0,0.0,0.0,0,0,64,55,1,95,2,1,2,0,0,4,0,0
5868070,2026-09-03,Real Sociedad,Celta Vigo,318505,Yangel Herrera,DMC,1,60,0,0,1,0,0,6.8,0.03,0.03,0,0.0,0.0,1,1,44,35,0,53,3,0,2,0,2,0,1,0
5868070,2026-09-03,Real Sociedad,Celta Vigo,407138,Benat Turrientes,DMC,1,87,0,0,0,0,0,7.2,0.09,0.09,0,0.0,0.03,2,2,48,42,1,60,2,0,0,1,0,3,0,0
5868070,2026-09-03,Real Sociedad,Celta Vigo,377285,Takefusa Kubo,AMR,1,60,0,0,0,0,0,6.2,0.35,0.35,1,0.35,0.01,1,0,24,18,1,32,0,0,0,1,1,1,0,0
5868070,2026-09-03,Real Sociedad,Celta Vigo,298839,Mikel Oyarzabal,AMC,1,95,0,0,0,0,0,6.6,0.09,0.09,0,0.0,0.01,2,1,32,24,1,48,1,0,1,1,1,0,2,0
5868070,2026-09-03,Real Sociedad,Celta Vigo,367857,Ander Barrenetxea,AML,1,71,0,0,0,0,0,6.8,0.08,0.08,0,0.0,0.0,1,0,26,20,0,41,1,0,0,3,2,0,2,0
5868070,2026-09-03,Real Sociedad,Celta Vigo,428066,Orri Oskarsson,FW,1,70,0,0,0,0,0,6.2,0.04,0.04,0,0.0,0.02,1,0,10,6,1,19,0,0,2,0,1,0,0,0
5868070,2026-09-03,Real Sociedad,Celta Vigo,247995,Goncalo Guedes,Sub,0,25,0,0,0,0,0,6.5,0.06,0.06,0,0.0,0.06,2,0,3,3,0,12,0,0,0,3,0,0,0,0
5868070,2026-09-03,Real Sociedad,Celta Vigo,313542,Carlos Soler,Sub,0,8,0,0,0,0,0,6.3,0.0,0.0,0,0.0,0.02,0,0,4,4,2,8,1,0,0,0,0,0,0,0
5868070,2026-09-03,Real Sociedad,Celta Vigo,407080,Luka Sucic,Sub,0,35,0,0,1,0,0,6.0,0.06,0.06,0,0.0,0.02,2,0,16,13,0,19,0,0,0,0,1,0,0,0
5868070,2026-09-03,Real Sociedad,Celta Vigo,541871,Jon Gorrotxategi,Sub,0,35,0,0,0,0,0,6.2,0.0,0.0,0,0.0,0.0,0,0,18,17,0,20,0,0,1,0,0,1,1,0
5868070,2026-09-03,Real Sociedad,Celta Vigo,546574,Alex Marchal,Sub,0,24,0,0,0,0,0,6.0,0.05,0.05,0,0.0,0.02,2,0,11,10,0,15,0,0,0,0,0,0,1,0
5868070,2026-09-03,Celta Vigo,Real Sociedad,296723,Ionut Radu,GK,1,95,0,0,0,0,0,8.0,0.0,0.0,0,0.0,0.0,0,0,30,20,0,43,0,0,0,0,0,2,0,5
5868070,2026-09-03,Celta Vigo,Real Sociedad,84008,Marcos Alonso,DC,1,95,0,0,1,0,0,7.2,0.0,0.0,0,0.0,0.0,0,0,82,75,0,98,3,2,1,0,2,9,1,0
5868070,2026-09-03,Celta Vigo,Real Sociedad,509876,Alvaro Nunez,DC,1,83,0,0,0,0,0,6.8,0.01,0.01,0,0.0,0.0,1,1,76,72,0,83,2,0,0,0,1,2,0,0
5868070,2026-09-03,Celta Vigo,Real Sociedad,528001,Yoel Lago,DC,1,95,0,0,1,0,0,6.6,0.0,0.0,0,0.0,0.0,0,0,43,41,1,63,0,2,0,0,2,4,0,0
5868070,2026-09-03,Celta Vigo,Real Sociedad,463588,Javi Rueda,DMR,1,83,0,0,0,0,0,6.2,0.04,0.04,0,0.0,0.0,1,0,34,28,0,58,3,0,1,1,1,2,2,0
5868070,2026-09-03,Celta Vigo,Real Sociedad,386622,Sergio Carreira,DML,1,95,0,0,0,0,0,6.6,0.0,0.0,0,0.0,0.19,0,0,59,52,1,80,3,0,0,0,2,1,0,0
5868070,2026-09-03,Celta Vigo,Real Sociedad,409030,Ilaix Moriba,MC,1,95,0,0,0,0,0,6.7,0.06,0.06,0,0.0,0.01,2,0,49,47,0,64,4,1,0,0,0,1,1,0
5868070,2026-09-03,Celta Vigo,Real Sociedad,462768,Miguel Roman,MC,1,95,0,0,0,0,0,6.3,0.0,0.0,0,0.0,0.01,0,0,38,33,0,47,1,0,0,0,0,2,1,0
5868070,2026-09-03,Celta Vigo,Real Sociedad,598467,Andres Antanon,FWR,1,62,0,0,0,0,0,6.2,0.09,0.09,0,0.0,0.0,1,0,14,10,0,23,0,1,1,0,0,1,1,0
5868070,2026-09-03,Celta Vigo,Real Sociedad,396158,Ferran Jutgla,FW,1,68,0,0,0,0,0,6.2,0.0,0.0,0,0.0,0.08,0,0,15,9,1,29,0,0,2,0,2,0,1,0
5868070,2026-09-03,Celta Vigo,Real Sociedad,444227,Williot Swedberg,FWL,1,62,0,0,0,0,0,6.4,0.0,0.0,0,0.0,0.0,0,0,17,10,0,29,1,0,2,1,0,1,1,0
5868070,2026-09-03,Celta Vigo,Real Sociedad,91242,Iago Aspas,Sub,0,33,0,0,0,0,0,6.2,0.4,0.4,1,0.35,0.01,2,1,24,24,0,31,0,0,0,0,0,0,0,0
5868070,2026-09-03,Celta Vigo,Real Sociedad,369497,Javi Galan,Sub,0,12,0,0,0,0,0,6.2,0.0,0.0,0,0.0,0.0,0,0,5,5,0,9,1,0,1,0,0,0,0,0
5868070,2026-09-03,Celta Vigo,Real Sociedad,400009,Couhaib Driouech,Sub,0,27,0,0,1,0,0,6.6,0.0,0.0,0,0.0,0.0,0,0,16,12,0,31,3,2,0,1,1,0,1,0
5868070,2026-09-03,Celta Vigo,Real Sociedad,459082,Pablo Duran,Sub,0,33,0,0,0,0,0,6.2,0.0,0.0,0,0.0,0.0,0,0,16,10,1,21,2,0,1,0,0,0,1,0
5868070,2026-09-03,Celta Vigo,Real Sociedad,508331,Javi Rodriguez,Sub,0,12,0,0,0,0,0,6.0,0.0,0.0,0,0.0,0.0,0,0,4,4,0,4,0,0,0,0,0,0,0,0
