pid,name,team,pos,photo,mp,starts,mins,g,a,yc,rc,pen,rating_best,xg,xa,npxg,bc_missed,bc_missed_xg,gk_shots_faced,gk_xgot_faced,gk_goals_conceded,prog_passes,prog_carries,shots,sot,passes,passAcc,keyPasses,touches,tackles,interceptions,aerials,dribbles,fouls,clearances,dispossessed,saves,ga,rating,pass_pct,xg_diff,xa_diff,xgi,npg,fwd_eff,gk_goals_prevented,xt_added_p90
300447,Raphinha,Barcelona,FW,https://images.fotmob.com/image_resources/playerimages/696679.png,6,6,486,9,2,0,0,3,9.7,7.63,1.26,5.25,6,2.21,0,0.0,0,36,7,21,13,167,141,14,248,6,0,1,11,3,2,3,0,11,8.8,84,1.37,0.74,8.89,6,0.8,,0.1207
300713,Kylian Mbappe,Real Madrid,FW,https://images.fotmob.com/image_resources/playerimages/701154.png,6,6,568,7,2,0,0,1,10.0,7.47,1.55,5.88,8,3.79,0,0.0,0,53,18,40,22,216,189,11,353,4,1,1,22,7,0,8,0,9,8.42,88,-0.47,0.45,9.02,6,0.62,,0.2702
480249,Lamine Yamal,Barcelona,FWR,https://images.fotmob.com/image_resources/playerimages/1467236.png,6,6,504,7,1,1,0,1,10.0,5.04,1.8,3.45,4,1.54,0,0.0,0,97,14,33,13,292,235,21,452,7,2,0,25,5,2,8,0,8,8.82,80,1.96,-0.8,6.84,6,1.2,,0.2325
372469,Sergio Camello,Rayo Vallecano,Sub,https://images.fotmob.com/image_resources/playerimages/980422.png,6,5,416,6,1,2,0,0,9.0,2.44,0.4,2.44,2,0.73,0,0.0,0,20,2,15,10,108,79,8,198,7,0,2,4,6,1,9,0,7,7.38,73,3.56,0.6,2.84,6,1.89,,0.0773
44120,Pierre-Emerick Aubameyang,Deportivo A Coruña,FW,https://images.fotmob.com/image_resources/playerimages/150565.png,5,5,461,5,2,0,0,0,8.6,2.57,0.29,2.57,2,0.4,0,0.0,0,18,2,14,9,84,65,6,143,4,2,4,2,2,7,2,0,7,7.78,77,2.43,1.71,2.86,5,1.68,,0.1281
448296,Roberto Fernandez,Espanyol,FW,,7,7,642,6,0,0,0,0,8.3,3.73,0.39,3.73,2,0.62,0,0.0,0,6,2,16,6,79,52,4,152,6,1,14,2,9,8,3,0,6,7.03,66,2.27,-0.39,4.12,6,1.38,,0.0213
538158,Yassir Zabiri,Racing Santander,Sub,https://images.fotmob.com/image_resources/playerimages/1640985.png,6,3,330,6,0,3,0,0,9.2,3.26,0.09,3.26,0,0.0,0,0.0,0,10,1,13,8,52,40,2,101,10,0,1,2,11,3,3,0,6,7.03,77,2.74,-0.09,3.35,6,1.84,,-0.0161
463838,Fermin Lopez,Barcelona,MC,https://images.fotmob.com/image_resources/playerimages/1404415.png,5,4,388,4,2,1,0,0,9.7,2.75,1.02,2.75,2,0.84,0,0.0,0,40,5,11,8,184,155,8,265,12,2,2,6,6,1,5,0,6,7.96,84,1.25,0.98,3.77,4,1.11,,0.1867
391082,Fer Nino,Elche,FW,https://images.fotmob.com/image_resources/playerimages/1127224.png,7,6,484,5,0,2,0,0,8.4,1.96,0.21,1.96,2,0.69,0,0.0,0,11,2,11,9,108,77,2,202,12,2,20,6,4,8,7,0,5,7.16,71,3.04,-0.21,2.17,5,1.89,,0.0324
395242,Alex Baena,Atletico Madrid,Sub,https://images.fotmob.com/image_resources/playerimages/942372.png,6,4,404,4,1,1,0,0,8.8,1.17,0.84,1.17,0,0.0,0,0.0,0,55,0,14,6,195,162,14,276,9,8,1,0,7,1,4,0,5,7.28,83,2.83,0.16,2.01,4,3.42,,0.2656
379868,Jude Bellingham,Real Madrid,AMC,https://images.fotmob.com/image_resources/playerimages/1077894.png,6,5,463,3,2,0,0,0,8.9,1.02,1.49,1.02,1,0.2,0,0.0,0,42,8,16,7,215,196,13,334,12,2,3,16,5,4,9,0,5,8.0,91,1.98,0.51,2.51,3,2.46,,0.1624
323236,Mariano Diaz,Deportivo Alaves,Sub,https://images.fotmob.com/image_resources/playerimages/518525.png,7,3,350,3,2,2,0,0,9.1,1.72,0.33,1.72,2,0.77,0,0.0,0,13,2,9,8,50,36,3,103,4,0,8,5,4,3,5,0,5,6.94,72,1.28,1.67,2.05,3,1.2,,0.0257
303800,Lucas Boye,Deportivo Alaves,FW,https://images.fotmob.com/image_resources/playerimages/561164.png,6,6,494,4,0,0,0,0,10.0,1.25,0.32,1.25,0,0.0,0,0.0,0,14,0,16,6,90,68,4,221,21,0,15,2,15,5,8,0,4,7.12,76,2.75,-0.32,1.57,4,3.2,,0.0057
98126,Ante Budimir,Osasuna,Sub,https://images.fotmob.com/image_resources/playerimages/251269.png,6,4,437,4,0,0,0,3,9.3,4.09,0.12,1.71,4,1.26,0,0.0,0,7,2,16,10,59,32,1,137,8,0,20,4,7,4,2,0,4,7.1,54,-0.09,-0.12,4.21,1,0.34,,0.0585
392646,Karim Adeyemi,Barcelona,Sub,https://images.fotmob.com/image_resources/playerimages/959594.png,6,2,254,2,2,1,0,0,9.6,3.39,0.66,3.39,5,2.17,0,0.0,0,20,7,15,6,92,75,6,165,4,0,3,11,3,1,2,0,4,7.28,82,-1.39,1.34,4.05,2,0.36,,0.3409
135345,Alvaro Garcia,Rayo Vallecano,AML,https://images.fotmob.com/image_resources/playerimages/474658.png,6,5,459,2,2,1,0,0,7.9,1.5,0.53,1.5,0,0.0,0,0.0,0,24,2,6,4,92,59,3,170,9,6,2,3,4,7,1,0,4,6.73,64,0.5,1.47,2.03,2,1.33,,0.1447
337782,Vinicius Junior,Real Madrid,AML,https://images.fotmob.com/image_resources/playerimages/846033.png,6,6,523,1,3,2,0,0,8.1,2.73,1.57,2.73,5,1.47,0,0.0,0,62,9,20,6,169,135,13,288,9,0,0,11,5,0,5,0,4,7.23,80,-1.73,1.43,4.3,1,0.24,,0.1424
349669,Anthony Gordon,Barcelona,FWL,https://images.fotmob.com/image_resources/playerimages/906937.png,5,4,311,0,4,0,0,0,7.9,1.05,0.84,1.05,2,0.6,0,0.0,0,33,4,9,4,101,91,7,156,5,0,1,8,1,2,6,0,4,7.32,90,-1.05,3.16,1.89,0,0.0,,0.0431
506010,Javi Hernandez,Espanyol,AMC,https://images.fotmob.com/image_resources/playerimages/1427828.png,7,7,571,0,4,1,0,0,7.7,0.67,1.0,0.67,0,0.0,0,0.0,0,26,4,11,4,141,115,13,287,16,1,0,6,15,1,23,0,4,6.69,82,-0.67,3.0,1.67,0,0.0,,0.1086
448231,Roger Brugue,Levante,MR,https://images.fotmob.com/image_resources/playerimages/1286471.png,4,4,366,3,0,0,0,0,8.2,2.01,0.15,2.01,2,0.64,0,0.0,0,9,1,12,5,62,43,2,118,10,1,6,1,3,1,2,0,3,7.07,69,0.99,-0.15,2.16,3,1.13,,-0.0211
399047,Pape Gueye,Villarreal,MC,https://images.fotmob.com/image_resources/playerimages/844544.png,6,5,460,3,0,1,0,1,8.1,1.37,0.26,0.58,0,0.0,0,0.0,0,73,0,6,4,357,306,7,431,4,5,1,2,5,5,0,0,3,6.75,86,1.63,-0.26,1.63,2,3.45,,0.1565
383855,Jonathan David,Atlético Madrid,Sub,https://images.fotmob.com/image_resources/playerimages/939569.png,2,1,103,2,1,0,0,0,8.4,2.2,0.32,2.2,3,1.1,0,0.0,0,4,1,8,5,26,21,5,44,0,0,1,1,0,0,1,0,3,7.95,81,-0.2,0.68,2.52,2,0.61,,0.0161
367780,Lee Kang-In,Atletico Madrid,Sub,,6,5,386,2,1,1,0,0,9.2,1.45,0.49,1.45,1,0.42,0,0.0,0,45,4,18,5,174,141,9,264,14,2,2,11,6,2,5,0,3,7.42,81,0.55,0.51,1.94,2,1.07,,0.1363
415181,Arda Guler,Real Madrid,AMR,https://images.fotmob.com/image_resources/playerimages/1253890.png,6,4,301,1,2,1,0,0,8.3,1.42,2.24,1.42,1,0.59,0,0.0,0,76,3,10,3,172,157,27,269,7,1,1,7,3,2,6,0,3,7.7,91,-0.42,-0.24,3.66,1,0.5,,0.6277
506205,Angel Perez,Deportivo Alaves,DMR,https://images.fotmob.com/image_resources/playerimages/1563022.png,7,6,499,0,3,0,0,0,8.7,0.66,1.47,0.66,1,0.34,0,0.0,0,52,6,9,4,115,83,10,242,9,5,3,11,4,5,3,0,3,7.06,72,-0.66,1.53,2.13,0,0.0,,0.2581
261212,Dani Olmo,Barcelona,Sub,https://images.fotmob.com/image_resources/playerimages/614834.png,6,2,269,0,3,0,0,0,8.3,0.61,1.58,0.61,1,0.27,0,0.0,0,54,1,8,1,173,164,11,237,5,2,1,4,1,3,5,0,3,7.03,95,-0.61,1.42,2.19,0,0.0,,0.3485
236575,Unai Lopez,Rayo Vallecano,DMC,https://images.fotmob.com/image_resources/playerimages/571615.png,6,6,479,0,3,2,0,0,7.6,0.21,0.57,0.21,0,0.0,0,0.0,0,44,1,4,1,280,237,13,373,21,4,4,4,9,3,5,0,3,6.9,85,-0.21,2.43,0.78,0,0.0,,0.1448
239872,Nicolas Pepe,Villarreal,MR,https://images.fotmob.com/image_resources/playerimages/575735.png,5,5,419,2,0,1,0,0,7.9,0.76,1.02,0.76,0,0.0,0,0.0,0,76,8,14,7,215,187,9,340,6,1,1,15,0,1,9,0,2,7.28,87,1.24,-1.02,1.78,2,2.63,,0.1624
400237,Robert Navarro,Athletic Club,Sub,https://images.fotmob.com/image_resources/playerimages/1011117.png,5,4,317,2,0,1,0,0,8.1,1.5,0.4,1.5,1,0.43,0,0.0,0,35,4,9,5,112,95,6,194,8,6,0,5,1,0,2,0,2,7.1,85,0.5,-0.4,1.9,2,1.04,,0.0417
97659,Gerard Moreno,Villarreal,Sub,https://images.fotmob.com/image_resources/playerimages/246438.png,5,3,284,2,0,0,0,1,7.4,1.72,0.86,0.92,1,0.31,0,0.0,0,44,3,6,3,132,111,9,184,2,0,3,9,3,2,3,0,2,7.02,84,0.28,-0.86,2.58,1,0.81,,0.2098
382631,Rodrigo Riquelme,Real Betis,AML,https://images.fotmob.com/image_resources/playerimages/1072200.png,6,4,307,2,0,0,0,0,8.0,0.76,0.32,0.76,0,0.0,0,0.0,0,31,2,7,4,116,95,6,189,7,6,1,7,2,3,3,0,2,6.9,82,1.24,-0.32,1.08,2,2.63,,0.0542
422918,Giuliano Simeone,Atletico Madrid,Sub,https://images.fotmob.com/image_resources/playerimages/1226147.png,6,4,414,2,0,0,0,0,8.1,0.73,0.09,0.73,0,0.0,0,0.0,0,34,0,8,2,172,131,4,261,19,5,11,1,3,3,3,0,2,6.82,76,1.27,-0.09,0.82,2,2.74,,0.0289
407080,Luka Sucic,Real Sociedad,AMC,https://images.fotmob.com/image_resources/playerimages/959597.png,6,5,483,2,0,1,0,0,8.7,0.83,0.47,0.83,1,0.27,0,0.0,0,34,4,13,5,211,188,5,270,8,1,3,5,3,1,3,0,2,6.82,89,1.17,-0.47,1.3,2,1.82,,0.1044
516341,Carlos Espi,Real Madrid,Sub,https://images.fotmob.com/image_resources/playerimages/1610744.png,4,0,49,2,0,0,0,0,7.2,1.15,0.07,1.15,0,0.0,0,0.0,0,1,1,4,3,5,4,1,19,0,1,0,2,0,0,1,0,2,6.6,80,0.85,-0.07,1.22,2,1.74,,0.6291
551186,Pablo Garcia,Real Betis,Sub,https://images.fotmob.com/image_resources/playerimages/1662379.png,5,2,225,2,0,1,0,0,7.2,0.91,0.05,0.91,1,0.24,0,0.0,0,6,0,9,4,41,37,3,88,6,0,1,4,3,3,8,0,2,6.6,90,1.09,-0.05,0.96,2,1.74,,0.0087
511064,Oso,Sevilla,AML,https://images.fotmob.com/image_resources/playerimages/1575945.png,2,2,154,1,1,0,0,0,8.5,0.44,0.14,0.44,0,0.0,0,0.0,0,9,0,4,1,34,22,1,75,9,2,5,1,1,4,2,0,2,7.35,65,0.56,0.86,0.58,1,2.27,,0.1244
107252,Alejandro Grimaldo,Atlético Madrid,DL,https://images.fotmob.com/image_resources/playerimages/288406.png,5,5,468,1,1,0,0,1,8.3,1.42,0.28,0.62,1,0.42,0,0.0,0,65,1,8,4,241,202,3,388,18,3,4,9,3,9,2,0,2,7.24,84,-0.42,0.72,1.7,0,0.0,,0.1217
402197,Pedri,Barcelona,MC,https://images.fotmob.com/image_resources/playerimages/1083323.png,6,5,414,1,1,0,0,0,8.2,0.49,1.17,0.49,0,0.0,0,0.0,0,54,0,4,1,357,331,10,429,15,0,0,3,1,5,5,0,2,7.2,93,0.51,-0.17,1.66,1,2.04,,0.1771
413346,Jon Ander Olasagasti,Levante,DMC,https://images.fotmob.com/image_resources/playerimages/1131957.png,5,5,426,1,1,0,0,0,8.6,0.53,0.46,0.53,0,0.0,0,0.0,0,22,1,6,3,142,93,8,227,14,5,5,2,2,3,5,0,2,6.88,65,0.47,0.54,0.99,1,1.89,,0.129
238899,Alex Berenguer,Athletic Club,Sub,https://images.fotmob.com/image_resources/playerimages/574629.png,6,2,310,1,1,1,0,0,8.2,0.28,1.14,0.28,0,0.0,0,0.0,0,45,1,6,2,127,101,11,219,6,5,4,2,3,2,4,0,2,6.8,80,0.72,-0.14,1.42,1,3.57,,0.3688
428620,Luismi Cruz,Deportivo A Coruña,Sub,https://images.fotmob.com/image_resources/playerimages/1204447.png,5,4,316,1,1,0,0,0,7.5,0.42,0.65,0.42,0,0.0,0,0.0,0,35,2,4,2,113,91,9,173,14,1,3,5,11,1,2,0,2,6.78,81,0.58,0.35,1.07,1,2.38,,0.1036
467181,Enzo Bardeli,Levante,Sub,https://images.fotmob.com/image_resources/playerimages/1332540.png,5,3,320,1,1,0,0,0,7.9,0.06,0.37,0.06,0,0.0,0,0.0,0,18,0,2,1,101,83,8,149,11,4,1,1,6,0,2,0,2,6.76,82,0.94,0.63,0.43,1,16.67,,0.1286
384064,Troy Parrott,Real Betis,Sub,https://images.fotmob.com/image_resources/playerimages/942365.png,4,2,184,1,1,0,0,0,7.3,1.08,0.19,1.08,2,0.53,0,0.0,0,5,0,5,2,31,24,4,63,4,0,0,1,1,4,3,0,2,6.7,77,-0.08,0.81,1.27,1,0.62,,-0.0552
255182,Inaki Williams,Athletic Club,AMR,,6,6,386,1,1,0,0,0,7.2,2.33,0.08,2.33,2,0.93,0,0.0,0,6,4,13,5,53,31,5,116,6,1,5,4,4,1,4,0,2,6.68,58,-1.33,0.92,2.41,1,0.31,,0.01
464541,Marcos Fernandez,Espanyol,Sub,,6,1,245,1,1,2,0,0,7.3,1.63,1.07,1.63,2,0.72,0,0.0,0,8,0,13,4,35,25,5,68,3,1,7,1,7,1,2,0,2,6.62,71,-0.63,-0.07,2.7,1,0.43,,0.2522
492362,Isaac Romero,Sevilla,FW,https://images.fotmob.com/image_resources/playerimages/1130991.png,4,2,187,1,1,2,0,0,8.3,0.23,0.02,0.23,0,0.0,0,0.0,0,12,0,4,1,49,35,2,99,5,1,10,1,6,3,4,0,2,6.6,71,0.77,0.98,0.25,1,4.35,,0.0348
362501,Cucho Hernandez,Real Betis,FW,https://images.fotmob.com/image_resources/playerimages/852071.png,6,4,363,1,1,0,0,0,7.6,1.51,0.22,1.51,2,0.71,0,0.0,0,18,1,7,4,95,68,5,156,4,0,5,5,2,2,9,0,2,6.57,72,-0.51,0.78,1.73,1,0.45,,0.0394
599413,Job Ochieng,Real Sociedad,AML,https://images.fotmob.com/image_resources/playerimages/1724551.png,3,2,186,1,1,0,0,0,8.0,0.34,0.09,0.34,0,0.0,0,0.0,0,10,1,5,2,35,22,3,75,2,0,2,1,5,0,4,0,2,6.37,63,0.66,0.91,0.43,1,2.94,,-0.004
402137,Inigo Vicente,Racing Santander,AML,https://images.fotmob.com/image_resources/playerimages/889229.png,6,5,471,0,2,1,0,0,8.2,0.03,1.83,0.03,0,0.0,0,0.0,0,93,7,1,0,325,239,17,426,20,4,1,9,9,5,10,0,2,7.1,74,-0.03,0.17,1.86,0,,,0.3809
451213,Roy Revivo,Elche,Sub,https://images.fotmob.com/image_resources/playerimages/1337914.png,4,3,284,0,2,0,0,0,7.7,0.14,0.17,0.14,1,0.14,0,0.0,0,15,1,1,0,111,94,3,169,6,5,3,2,3,9,0,0,2,6.7,85,-0.14,1.83,0.31,0,0.0,,0.0488
516414,Lucas Cepeda,Elche,Sub,https://images.fotmob.com/image_resources/playerimages/1280756.png,7,1,269,0,2,2,0,0,7.4,0.37,0.41,0.37,0,0.0,0,0.0,0,27,2,9,5,120,106,5,177,6,4,0,4,5,1,4,0,2,6.61,88,-0.37,1.59,0.78,0,0.0,,0.1526
135366,Ayoze Perez,Villarreal,FW,https://images.fotmob.com/image_resources/playerimages/479020.png,6,4,290,0,2,0,0,0,7.4,1.42,0.31,1.42,3,0.95,0,0.0,0,9,0,10,4,80,63,5,132,8,0,2,2,3,0,3,0,2,6.55,79,-1.42,1.69,1.73,0,0.0,,0.0466
298839,Mikel Oyarzabal,Real Sociedad,FW,https://images.fotmob.com/image_resources/playerimages/678234.png,6,5,426,0,2,1,0,0,6.8,0.77,0.65,0.77,2,0.51,0,0.0,0,24,0,8,4,146,113,6,217,6,2,5,1,4,0,6,0,2,6.35,77,-0.77,1.35,1.42,0,0.0,,0.0904
83686,Marc Bartra,Real Betis,DC,https://images.fotmob.com/image_resources/playerimages/195305.png,4,3,345,1,0,0,0,0,8.6,0.15,0.01,0.15,0,0.0,0,0.0,0,15,0,4,2,144,121,1,211,13,4,10,1,0,30,0,0,1,7.7,84,0.85,-0.01,0.16,1,6.67,,0.0441
591617,Xavi Espart,Barcelona,DL,https://images.fotmob.com/image_resources/playerimages/1815149.png,5,5,454,1,0,1,0,0,8.4,0.17,0.37,0.17,0,0.0,0,0.0,0,48,2,4,2,246,213,4,369,23,7,6,5,8,14,1,0,1,7.58,87,0.83,-0.37,0.54,1,5.88,,0.0303
402206,Natan,Real Betis,DC,https://images.fotmob.com/image_resources/playerimages/1188375.png,5,5,477,1,0,2,0,0,8.1,0.45,0.01,0.45,0,0.0,0,0.0,0,13,0,2,1,287,261,2,355,13,1,9,2,2,40,0,0,1,7.24,91,0.55,-0.01,0.46,1,2.22,,0.0277
402663,Aitor Paredes,Athletic Club,DC,https://images.fotmob.com/image_resources/playerimages/1191407.png,4,3,309,1,0,0,0,0,7.3,0.27,0.02,0.27,0,0.0,0,0.0,0,29,0,1,1,239,220,2,282,8,2,7,0,3,22,0,0,1,7.17,92,0.73,-0.02,0.29,1,3.7,,0.0907
546572,Mikel Rodriguez,Deportivo Alaves,Sub,,3,2,156,1,0,0,0,0,7.9,0.44,0.29,0.44,1,0.35,0,0.0,0,5,3,2,1,40,31,3,76,6,2,1,4,1,3,1,0,1,7.1,78,0.56,-0.29,0.73,1,1.27,,0.0529
586240,Sergio Martinez,Racing Santander,DMC,https://images.fotmob.com/image_resources/playerimages/1791769.png,2,2,113,1,0,0,0,0,7.4,0.05,0.0,0.05,0,0.0,0,0.0,0,1,0,1,1,42,35,0,62,5,2,1,1,3,4,2,0,1,7.1,83,0.95,0.0,0.05,1,,,0.0093
459707,Lucas Stassin,Sevilla,Sub,https://images.fotmob.com/image_resources/playerimages/1398377.png,2,1,130,1,0,0,0,0,7.2,0.38,0.0,0.38,1,0.27,0,0.0,0,2,0,3,2,18,11,1,40,2,0,5,2,0,0,2,0,1,7.05,61,0.62,0.0,0.38,1,1.54,,0.0237
367008,Robin Le Normand,Atletico Madrid,DC,https://images.fotmob.com/image_resources/playerimages/609516.png,3,3,288,1,0,0,1,0,8.3,0.03,0.0,0.03,0,0.0,0,0.0,0,13,0,1,1,133,123,0,168,5,4,7,0,3,16,1,0,1,6.93,92,0.97,0.0,0.03,1,,,0.0518
444244,Ramon Terrats,Getafe,MC,https://images.fotmob.com/image_resources/playerimages/1202587.png,5,5,461,1,0,1,0,0,7.8,1.16,0.51,1.16,2,0.67,0,0.0,0,36,3,15,4,136,105,6,243,6,2,6,8,8,7,3,0,1,6.92,77,-0.16,-0.51,1.67,1,0.55,,0.1517
347874,Nahuel Tenaglia,Deportivo Alaves,DC,https://images.fotmob.com/image_resources/playerimages/860314.png,7,7,622,1,0,2,0,0,8.4,0.42,0.24,0.42,0,0.0,0,0.0,0,45,0,6,2,203,164,2,352,17,10,7,3,6,30,6,0,1,6.9,81,0.58,-0.24,0.66,1,2.38,,0.0908
408735,Juan Iglesias,Sevilla,DR,https://images.fotmob.com/image_resources/playerimages/1102289.png,5,5,493,1,0,0,0,0,7.9,0.35,0.09,0.35,0,0.0,0,0.0,0,42,1,4,3,134,91,2,269,16,3,4,3,3,18,2,0,1,6.9,68,0.65,-0.09,0.44,1,2.86,,0.1054
437583,Alvaro Carreras,Real Madrid,DL,https://images.fotmob.com/image_resources/playerimages/1190025.png,4,3,214,1,0,1,0,0,8.4,0.42,0.18,0.42,0,0.0,0,0.0,0,35,1,1,1,138,125,5,188,5,1,1,5,1,4,1,0,1,6.88,91,0.58,-0.18,0.6,1,2.38,,0.1621
363966,Adria Pedrosa,Rayo Vallecano,Sub,https://images.fotmob.com/image_resources/playerimages/927646.png,4,3,320,1,0,1,0,0,7.8,0.14,0.56,0.14,0,0.0,0,0.0,0,32,1,4,2,97,78,7,183,9,2,2,6,8,7,3,0,1,6.88,80,0.86,-0.56,0.7,1,7.14,,0.2288
378626,Carl Starfelt,Celta Vigo,Sub,https://images.fotmob.com/image_resources/playerimages/497662.png,3,2,235,1,0,1,0,0,7.6,0.59,0.02,0.59,1,0.27,0,0.0,0,10,0,4,1,194,188,1,231,9,4,5,0,2,10,0,0,1,6.87,97,0.41,-0.02,0.61,1,1.16,,0.0379
279379,Gabriel Jesus,Barcelona,Sub,https://images.fotmob.com/image_resources/playerimages/576165.png,2,0,40,1,0,0,0,0,7.0,0.43,0.19,0.43,0,0.0,0,0.0,0,2,0,3,1,20,17,1,31,1,0,0,2,0,0,2,0,1,6.85,85,0.57,-0.19,0.62,1,2.33,,0.1402
424575,Ville Koski,Deportivo Alaves,DC,https://images.fotmob.com/image_resources/playerimages/1056461.png,7,7,657,1,0,0,0,0,7.3,0.65,0.0,0.65,1,0.2,0,0.0,0,15,0,2,2,219,191,0,305,5,7,9,1,9,46,0,0,1,6.84,87,0.35,0.0,0.65,1,1.18,,0.0197
507590,Miguel Sierra,Sevilla,AMR,https://images.fotmob.com/image_resources/playerimages/1797904.png,5,5,325,1,0,2,0,0,8.0,0.28,0.19,0.28,0,0.0,0,0.0,0,15,8,8,3,73,54,4,168,10,1,5,11,5,2,8,0,1,6.84,74,0.72,-0.19,0.47,1,3.57,,0.0485
444254,Pablo Ibanez,Deportivo Alaves,MC,https://images.fotmob.com/image_resources/playerimages/1238154.png,7,7,611,1,0,1,0,0,7.7,0.72,0.06,0.72,1,0.31,0,0.0,0,22,0,9,2,202,160,2,318,18,8,5,7,13,11,8,0,1,6.79,79,0.28,-0.06,0.78,1,0.97,,0.0363
132962,Thomas Lemar,Elche,Sub,https://images.fotmob.com/image_resources/playerimages/468931.png,4,1,185,1,0,1,0,0,7.6,0.14,0.29,0.14,0,0.0,0,0.0,0,25,1,3,1,98,88,2,134,12,1,0,2,6,2,0,0,1,6.78,90,0.86,-0.29,0.43,1,7.14,,0.128
427283,Abde Ezzalzouli,Real Betis,Sub,https://images.fotmob.com/image_resources/playerimages/1209399.png,3,2,160,1,0,0,0,0,7.3,0.52,0.62,0.52,0,0.0,0,0.0,0,22,3,4,2,69,63,5,109,2,0,0,3,2,1,3,0,1,6.77,91,0.48,-0.62,1.14,1,1.92,,0.4211
381510,Oihan Sancet,Athletic Club,AMC,https://images.fotmob.com/image_resources/playerimages/950545.png,6,6,538,1,0,0,0,0,7.9,2.69,0.87,1.9,3,1.64,0,0.0,0,21,3,17,5,156,124,9,257,5,2,6,12,3,0,14,0,1,6.75,79,-1.69,-0.87,3.56,1,0.28,,0.1584
389020,Georges Mikautadze,Villarreal,FW,https://images.fotmob.com/image_resources/playerimages/1117069.png,6,4,412,1,0,0,0,1,7.5,2.84,0.98,2.04,3,1.26,0,0.0,0,21,4,17,8,133,111,7,220,4,1,0,11,3,2,7,0,1,6.75,83,-1.84,-0.98,3.82,0,0.0,,0.1394
422961,Andres Martin,Racing Santander,AMR,,3,3,247,1,0,0,0,1,7.5,2.31,0.46,0.72,2,1.14,0,0.0,0,27,1,9,3,80,61,6,152,10,3,0,5,3,1,2,0,1,6.73,76,-1.31,-0.46,2.77,0,0.0,,0.2262
408449,Nico Williams,Athletic Club,AML,,6,4,383,1,0,0,0,0,7.6,1.04,0.95,1.04,1,0.33,0,0.0,0,53,5,12,2,129,96,7,237,12,3,2,6,5,4,3,0,1,6.72,74,-0.04,-0.95,1.99,1,0.73,,0.2488
390240,German Valera,Elche,DL,https://images.fotmob.com/image_resources/playerimages/1102708.png,7,7,580,1,0,1,0,0,8.2,0.38,0.64,0.38,0,0.0,0,0.0,0,61,2,3,1,192,166,11,332,7,4,3,7,5,9,7,0,1,6.69,86,0.62,-0.64,1.02,1,2.63,,0.1388
44189,Sergio Canales,Racing Santander,AMC,https://images.fotmob.com/image_resources/playerimages/150649.png,6,6,485,1,0,0,0,0,7.6,0.68,0.18,0.68,0,0.0,0,0.0,0,24,1,13,5,222,189,2,314,11,2,2,6,4,2,6,0,1,6.67,85,0.32,-0.18,0.86,1,1.47,,0.0621
461527,Carlos Dotor,Malaga,MC,https://images.fotmob.com/image_resources/playerimages/1209421.png,5,5,376,1,0,0,0,0,7.1,0.21,0.19,0.21,0,0.0,0,0.0,0,29,0,3,2,207,176,4,255,12,3,2,3,6,3,5,0,1,6.66,85,0.79,-0.19,0.4,1,4.76,,0.0294
407567,Ivan Romero,Levante,FW,https://images.fotmob.com/image_resources/playerimages/1209441.png,5,4,320,1,0,1,0,0,7.2,2.4,0.15,2.4,4,1.42,0,0.0,0,9,4,15,6,53,40,3,126,9,0,4,5,3,1,5,0,1,6.66,75,-1.4,-0.15,2.55,1,0.26,,0.0477
448211,Alberto Moleiro,Villarreal,ML,https://images.fotmob.com/image_resources/playerimages/1184694.png,6,4,326,1,0,0,0,0,7.7,1.03,1.16,1.03,1,0.31,0,0.0,0,57,2,7,4,177,155,8,245,7,0,0,4,2,1,4,0,1,6.65,88,-0.03,-1.16,2.19,1,0.75,,0.0938
299451,Ademola Lookman,Atletico Madrid,FW,https://images.fotmob.com/image_resources/playerimages/690516.png,6,6,440,1,0,1,0,0,7.9,1.04,0.55,1.04,3,0.68,0,0.0,0,33,1,10,3,129,106,10,200,6,0,0,4,7,0,8,0,1,6.62,82,-0.04,-0.55,1.59,1,0.58,,-0.0268
337022,Chidera Ejuke,Sevilla,Sub,https://images.fotmob.com/image_resources/playerimages/837270.png,5,1,213,1,0,1,0,0,7.2,0.37,0.03,0.37,0,0.0,0,0.0,0,8,4,2,1,52,48,1,109,3,2,2,8,2,3,1,0,1,6.6,92,0.63,-0.03,0.4,1,2.7,,0.038
383780,Adrian de la Fuente,Levante,DC,https://images.fotmob.com/image_resources/playerimages/952528.png,5,5,447,1,0,1,0,0,7.6,0.56,0.78,0.56,0,0.0,0,0.0,0,43,0,7,2,267,221,2,343,5,4,4,0,6,22,1,0,1,6.58,83,0.44,-0.78,1.34,1,1.79,,0.2011
430148,Marc Pubill,Atlético Madrid,DR,https://images.fotmob.com/image_resources/playerimages/1323897.png,5,4,376,1,0,1,0,0,7.1,0.09,0.02,0.09,0,0.0,0,0.0,0,27,0,2,1,239,216,0,296,8,1,6,0,5,8,1,0,1,6.54,90,0.91,-0.02,0.11,1,11.11,,0.0291
403803,Martin Satriano,Getafe,FW,https://images.fotmob.com/image_resources/playerimages/1197039.png,6,6,451,1,0,0,0,0,7.2,1.3,0.23,1.3,1,0.42,0,0.0,0,16,1,13,3,96,59,4,187,6,1,9,5,8,6,9,0,1,6.48,61,-0.3,-0.23,1.53,1,0.58,,0.0122
367857,Ander Barrenetxea,Real Sociedad,Sub,https://images.fotmob.com/image_resources/playerimages/1002618.png,5,4,289,1,0,0,0,0,6.8,0.26,0.03,0.26,0,0.0,0,0.0,0,25,4,6,1,86,68,1,156,6,1,0,7,4,1,9,0,1,6.48,79,0.74,-0.03,0.29,1,3.85,,0.0443
429003,Zakaria Eddahchouri,Deportivo A Coruña,Sub,https://images.fotmob.com/image_resources/playerimages/1029029.png,3,0,82,1,0,0,0,0,7.2,0.09,0.08,0.09,0,0.0,0,0.0,0,1,0,3,1,15,12,1,24,2,0,1,0,2,0,2,0,1,6.47,80,0.91,-0.08,0.17,1,11.11,,-0.1936
372331,Andrei Ratiu,Rayo Vallecano,DR,https://images.fotmob.com/image_resources/playerimages/970578.png,5,5,489,1,0,0,0,0,8.0,0.48,0.1,0.48,1,0.2,0,0.0,0,54,6,7,2,172,133,4,335,13,7,3,8,4,11,9,0,1,6.46,77,0.52,-0.1,0.58,1,1.47,,0.1588
396158,Ferran Jutgla,Celta Vigo,Sub,https://images.fotmob.com/image_resources/playerimages/1102732.png,6,4,340,1,0,0,0,0,7.6,0.27,0.22,0.27,0,0.0,0,0.0,0,9,1,4,2,62,50,3,118,3,0,5,3,5,2,3,0,1,6.45,81,0.73,-0.22,0.49,1,3.7,,0.0417
398922,Tyrhys Dolan,Espanyol,AML,https://images.fotmob.com/image_resources/playerimages/1181101.png,6,5,451,1,0,0,0,0,7.9,0.25,0.37,0.25,0,0.0,0,0.0,0,30,1,6,1,114,96,2,211,5,6,1,5,9,3,6,0,1,6.45,84,0.75,-0.37,0.62,1,4.0,,0.0753
504195,Adrian Nino,Málaga,Sub,https://images.fotmob.com/image_resources/playerimages/1403695.png,2,0,64,1,0,0,0,0,7.2,0.22,0.0,0.22,0,0.0,0,0.0,0,0,0,4,1,4,4,1,14,0,0,1,0,1,0,1,0,1,6.45,100,0.78,0.0,0.22,1,4.55,,
318505,Yangel Herrera,Real Sociedad,DMC,https://images.fotmob.com/image_resources/playerimages/730901.png,6,5,383,1,0,3,0,0,7.4,0.16,0.01,0.16,0,0.0,0,0.0,0,23,0,4,2,226,198,1,291,12,1,5,2,8,3,9,0,1,6.43,88,0.84,-0.01,0.17,1,6.25,,0.0309
464952,Peque Fernandez,Sevilla,Sub,https://images.fotmob.com/image_resources/playerimages/1132607.png,3,2,169,1,0,1,0,1,6.9,1.08,0.06,0.29,0,0.0,0,0.0,0,8,0,6,3,37,32,3,68,3,2,0,0,6,1,2,0,1,6.43,86,-0.08,-0.06,1.14,0,0.0,,0.0199
297546,Umar Sadiq,Valencia,Sub,https://images.fotmob.com/image_resources/playerimages/590494.png,3,1,174,1,0,0,0,0,7.4,1.01,0.01,1.01,1,0.35,0,0.0,0,3,1,3,3,26,20,1,55,3,0,5,2,1,1,5,0,1,6.43,77,-0.01,-0.01,1.02,1,0.74,,-0.0013
128967,Joao Cancelo,Barcelona,Sub,https://images.fotmob.com/image_resources/playerimages/361757.png,5,1,136,1,0,1,0,0,7.5,0.11,0.02,0.11,0,0.0,0,0.0,0,21,1,4,1,103,89,1,134,3,2,1,2,2,2,0,0,1,6.42,86,0.89,-0.02,0.13,1,9.09,,0.1314
91242,Iago Aspas,Celta Vigo,FWR,https://images.fotmob.com/image_resources/playerimages/174472.png,6,2,238,1,0,0,0,0,7.3,0.57,0.11,0.57,1,0.35,0,0.0,0,24,2,6,2,129,108,2,158,4,0,2,3,0,0,1,0,1,6.4,84,0.43,-0.11,0.68,1,1.09,,0.068
468761,Cala,Espanyol,AMR,,7,5,401,1,0,3,0,0,7.2,0.78,0.2,0.78,0,0.0,0,0.0,0,15,1,11,5,125,85,3,206,22,2,6,5,7,4,9,0,1,6.4,68,0.22,-0.2,0.98,1,1.28,,0.0468
433973,Abiel Osorio,Elche,Sub,https://images.fotmob.com/image_resources/playerimages/1343195.png,4,1,200,1,0,1,0,0,7.5,1.4,0.05,1.4,3,0.73,0,0.0,0,2,0,9,3,33,26,2,68,0,2,4,0,6,3,4,0,1,6.4,79,-0.4,-0.05,1.45,1,0.47,,-0.0031
432384,Facundo Buonanotte,Elche,Sub,https://images.fotmob.com/image_resources/playerimages/1336566.png,4,3,220,1,0,1,0,1,7.1,1.38,0.08,0.58,1,0.33,0,0.0,0,10,2,8,4,74,54,1,144,8,3,0,3,6,2,7,0,1,6.38,73,-0.38,-0.08,1.46,0,0.0,,0.0428
134695,Enes Unal,Getafe,Sub,https://images.fotmob.com/image_resources/playerimages/464486.png,6,4,483,1,0,2,0,0,7.4,0.95,0.04,0.95,0,0.0,0,0.0,0,14,0,7,1,87,53,4,179,8,0,17,0,8,1,10,0,1,6.35,61,0.05,-0.04,0.99,1,1.05,,-0.0154
541868,Chupe,Malaga,FW,https://images.fotmob.com/image_resources/playerimages/1669622.png,6,6,566,1,0,1,0,1,7.2,2.52,0.08,0.93,2,1.06,0,0.0,0,11,0,15,3,96,61,3,168,7,1,12,2,8,9,1,0,1,6.33,64,-1.52,-0.08,2.6,0,0.0,,0.0129
381713,Luis Rioja,Valencia,Sub,https://images.fotmob.com/image_resources/playerimages/638070.png,3,1,134,1,0,0,0,0,7.2,0.47,0.08,0.47,0,0.0,0,0.0,0,14,0,3,1,45,34,2,65,0,1,0,1,0,1,0,0,1,6.33,76,0.53,-0.08,0.55,1,2.13,,0.3003
336251,Kike Barja,Osasuna,ML,https://images.fotmob.com/image_resources/playerimages/574624.png,5,2,191,1,0,3,0,0,7.5,0.44,0.31,0.44,0,0.0,0,0.0,0,11,1,3,1,44,33,4,90,4,0,0,1,4,2,2,0,1,6.32,75,0.56,-0.31,0.75,1,2.27,,0.1731
335041,Jon Guridi,Sevilla,AMC,https://images.fotmob.com/image_resources/playerimages/678192.png,5,4,266,1,0,2,0,1,6.6,0.86,0.03,0.07,0,0.0,0,0.0,0,9,0,3,3,82,70,1,114,5,1,3,1,5,1,5,0,1,6.3,85,0.14,-0.03,0.89,0,0.0,,0.0428
448050,Marc Aguado,Elche,MC,https://images.fotmob.com/image_resources/playerimages/1392232.png,4,4,261,1,0,1,0,0,7.3,0.04,0.0,0.04,0,0.0,0,0.0,0,12,0,1,1,144,131,1,163,4,2,1,0,5,5,0,0,1,6.22,91,0.96,0.0,0.04,1,,,0.025
428066,Orri Oskarsson,Real Sociedad,Sub,https://images.fotmob.com/image_resources/playerimages/1097229.png,5,3,295,1,0,0,0,0,7.4,2.35,0.05,2.35,4,1.74,0,0.0,0,4,1,8,4,54,34,2,98,1,0,8,1,6,1,5,0,1,6.22,63,-1.35,-0.05,2.4,1,0.24,,0.0094
510360,Buba Sangare,Elche,DR,https://images.fotmob.com/image_resources/playerimages/1583872.png,7,7,551,1,0,0,0,0,6.7,0.03,0.14,0.03,0,0.0,0,0.0,0,25,2,1,1,173,144,2,282,13,3,2,2,7,16,3,0,1,6.2,83,0.97,-0.14,0.17,1,,,0.0482
485481,Maguette Gueye,Racing Santander,Sub,https://images.fotmob.com/image_resources/playerimages/1363232.png,5,1,178,1,0,0,0,0,6.3,0.59,0.0,0.59,0,0.0,0,0.0,0,8,1,3,1,55,42,0,77,4,1,1,2,6,5,0,0,1,6.16,76,0.41,0.0,0.59,1,1.69,,0.0549
434138,Pablo Barrios,Atletico Madrid,MC,https://images.fotmob.com/image_resources/playerimages/1338192.png,4,3,320,0,1,0,0,0,7.6,0.11,0.49,0.11,0,0.0,0,0.0,0,45,0,3,2,238,214,6,286,7,7,2,5,2,1,3,0,1,7.07,90,-0.11,0.51,0.6,0,0.0,,0.117
318871,Trent Alexander-Arnold,Real Madrid,Sub,https://images.fotmob.com/image_resources/playerimages/760712.png,4,2,229,0,1,0,0,0,8.4,0.1,0.79,0.1,0,0.0,0,0.0,0,45,1,3,1,159,141,6,213,4,7,0,3,0,3,0,0,1,7.05,89,-0.1,0.21,0.89,0,0.0,,0.3993
541900,Jorge Salinas,Racing Santander,DL,https://images.fotmob.com/image_resources/playerimages/1670161.png,6,5,487,0,1,2,0,0,8.2,0.05,0.99,0.05,0,0.0,0,0.0,0,30,1,1,1,158,119,3,308,27,9,11,3,4,27,1,0,1,7.03,75,-0.05,0.01,1.04,0,,,0.1392
470032,Lorenzo Amatucci,Deportivo A Coruña,DMC,https://images.fotmob.com/image_resources/playerimages/1425989.png,5,5,473,0,1,2,0,0,7.8,0.0,0.03,0.0,0,0.0,0,0.0,0,22,0,0,0,261,235,3,340,19,6,7,1,11,16,2,0,1,6.98,90,0.0,0.97,0.03,0,,,0.0361
534796,Marc Bernal,Barcelona,MC,https://images.fotmob.com/image_resources/playerimages/1573126.png,6,3,303,0,1,0,0,0,8.1,0.37,0.21,0.37,1,0.31,0,0.0,0,23,2,3,1,190,167,7,243,19,4,5,5,5,7,0,0,1,6.97,88,-0.37,0.79,0.58,0,0.0,,0.0745
427117,Hugo Gonzalez,Celta Vigo,FW,https://images.fotmob.com/image_resources/playerimages/1226783.png,3,3,188,0,1,0,0,0,7.6,0.51,0.27,0.51,1,0.31,0,0.0,0,14,2,7,3,49,39,6,93,1,0,0,3,3,1,3,0,1,6.9,80,-0.51,0.73,0.78,0,0.0,,0.1012
449410,Omar El Hilali,Espanyol,DR,https://images.fotmob.com/image_resources/playerimages/1208708.png,6,6,547,0,1,1,1,0,8.3,0.0,0.9,0.0,0,0.0,0,0.0,0,59,1,0,0,156,127,3,321,16,6,10,3,17,27,0,0,1,6.85,81,0.0,0.1,0.9,0,,,0.2289
344644,Federico Valverde,Real Madrid,DMC,https://images.fotmob.com/image_resources/playerimages/743533.png,6,6,484,0,1,0,0,0,7.5,0.24,0.21,0.24,0,0.0,0,0.0,0,63,0,6,1,319,295,5,374,10,5,2,2,3,6,4,0,1,6.85,92,-0.24,0.79,0.45,0,0.0,,0.104
557000,Yan Diomande,Real Madrid,Sub,https://images.fotmob.com/image_resources/playerimages/1735453.png,6,2,267,0,1,1,0,0,8.2,0.16,0.53,0.16,0,0.0,0,0.0,0,28,8,2,0,96,78,7,162,8,3,1,14,4,1,3,0,1,6.82,81,-0.16,0.47,0.69,0,0.0,,0.1552
106586,Inigo Ruiz de Galarreta,Athletic Club,Sub,https://images.fotmob.com/image_resources/playerimages/282462.png,5,4,296,0,1,2,0,0,7.8,0.12,0.63,0.12,0,0.0,0,0.0,0,30,1,5,0,217,186,6,267,7,5,6,4,8,1,4,0,1,6.8,86,-0.12,0.37,0.75,0,0.0,,0.2536
357388,Gonzalo Villar,Elche,MR,https://images.fotmob.com/image_resources/playerimages/881773.png,7,7,589,0,1,2,0,0,7.3,0.2,0.74,0.2,0,0.0,0,0.0,0,35,2,4,3,340,300,8,443,16,5,7,6,14,3,7,0,1,6.76,88,-0.2,0.26,0.94,0,0.0,,0.13
434077,Renato Veiga,Villarreal,DC,https://images.fotmob.com/image_resources/playerimages/1343750.png,6,6,570,0,1,1,0,0,7.2,0.3,0.59,0.3,1,0.27,0,0.0,0,74,0,3,0,490,451,2,574,6,10,9,1,6,32,2,0,1,6.72,92,-0.3,0.41,0.89,0,0.0,,0.2396
379230,Johnny Cardoso,Atletico Madrid,Sub,https://images.fotmob.com/image_resources/playerimages/1173678.png,4,1,152,0,1,1,0,0,8.1,0.09,0.28,0.09,0,0.0,0,0.0,0,24,0,2,0,122,112,1,144,6,2,3,0,3,2,2,0,1,6.7,92,-0.09,0.72,0.37,0,0.0,,0.1518
422957,Fran Garcia,Real Betis,Sub,https://images.fotmob.com/image_resources/playerimages/750028.png,5,4,421,0,1,1,0,0,7.1,0.0,0.21,0.0,0,0.0,0,0.0,0,29,2,0,0,186,159,5,278,16,4,3,2,3,4,1,0,1,6.66,85,0.0,0.79,0.21,0,,,0.106
101238,Moi Gomez,Osasuna,Sub,https://images.fotmob.com/image_resources/playerimages/262592.png,4,3,247,0,1,0,0,0,7.2,0.0,0.47,0.0,0,0.0,0,0.0,0,19,1,0,0,115,98,4,158,6,3,1,1,1,5,1,0,1,6.62,85,0.0,0.53,0.47,0,,,0.1891
409130,Mario Soriano,Deportivo A Coruña,DMC,https://images.fotmob.com/image_resources/playerimages/1050828.png,5,5,387,0,1,1,0,0,7.4,0.14,0.26,0.14,0,0.0,0,0.0,0,35,1,4,1,250,226,4,299,7,1,1,1,5,4,8,0,1,6.62,90,-0.14,0.74,0.4,0,0.0,,0.085
388808,Pablo Martinez,Málaga,Sub,https://images.fotmob.com/image_resources/playerimages/923298.png,4,3,296,0,1,1,0,0,7.9,0.13,0.24,0.13,0,0.0,0,0.0,0,27,0,4,1,144,125,7,195,4,5,2,0,3,3,1,0,1,6.62,87,-0.13,0.76,0.37,0,0.0,,0.017
313542,Carlos Soler,Real Sociedad,Sub,https://images.fotmob.com/image_resources/playerimages/708890.png,6,4,400,0,1,0,0,0,7.1,0.06,0.32,0.06,0,0.0,0,0.0,0,36,0,2,1,224,199,9,279,8,1,1,2,2,4,4,0,1,6.57,89,-0.06,0.68,0.38,0,0.0,,0.0445
424815,Ivan Azon,Getafe,Sub,https://images.fotmob.com/image_resources/playerimages/1203946.png,3,2,192,0,1,1,0,0,7.0,0.15,0.25,0.15,0,0.0,0,0.0,0,11,0,3,1,35,26,3,68,3,1,8,0,3,2,3,0,1,6.53,74,-0.15,0.75,0.4,0,0.0,,0.1813
395346,Giorgi Kochorashvili,Sevilla,Sub,https://images.fotmob.com/image_resources/playerimages/953958.png,3,1,123,0,1,1,0,0,6.9,0.08,0.13,0.08,0,0.0,0,0.0,0,10,0,3,0,57,50,1,91,3,1,0,0,3,2,1,0,1,6.5,88,-0.08,0.87,0.21,0,0.0,,0.0819
402087,Tete Morente,Elche,Sub,https://images.fotmob.com/image_resources/playerimages/801213.png,7,4,419,0,1,1,0,0,7.3,0.13,0.34,0.13,0,0.0,0,0.0,0,44,1,5,1,147,119,5,248,6,5,1,5,10,3,3,0,1,6.44,81,-0.13,0.66,0.47,0,0.0,,0.1632
273453,Josan,Elche,Sub,https://images.fotmob.com/image_resources/playerimages/623982.png,3,0,45,0,1,1,0,0,6.5,0.0,0.44,0.0,0,0.0,0,0.0,0,11,0,0,0,18,15,5,42,2,0,0,2,1,0,0,0,1,6.4,83,0.0,0.56,0.44,0,,,0.6942
431507,Javi Guerra,Valencia,MC,https://images.fotmob.com/image_resources/playerimages/1284429.png,6,6,488,0,1,1,0,0,7.0,0.33,0.46,0.33,0,0.0,0,0.0,0,30,3,5,0,164,122,6,257,8,1,1,8,1,4,13,0,1,6.35,74,-0.33,0.54,0.79,0,0.0,,0.0866
445095,Karl Etta Eyong,Levante,Sub,https://images.fotmob.com/image_resources/playerimages/1392779.png,3,0,78,0,1,0,0,0,7.1,0.07,0.2,0.07,0,0.0,0,0.0,0,2,0,2,1,10,6,1,28,2,0,3,0,2,0,3,0,1,6.3,60,-0.07,0.8,0.27,0,0.0,,0.1986
448011,Yeremay Hernandez,Deportivo A Coruña,Sub,https://images.fotmob.com/image_resources/playerimages/1319204.png,4,0,110,0,1,1,0,0,6.8,0.07,0.11,0.07,0,0.0,0,0.0,0,5,0,1,0,37,27,1,64,6,1,0,0,1,1,3,0,1,6.3,73,-0.07,0.89,0.18,0,0.0,,0.2872
357786,Juan Cruz,Malaga,Sub,https://images.fotmob.com/image_resources/playerimages/940608.png,6,3,256,0,1,1,0,0,6.7,0.05,0.46,0.05,0,0.0,0,0.0,0,19,0,2,0,69,58,1,106,7,0,1,1,2,1,3,0,1,6.22,84,-0.05,0.54,0.51,0,,,0.1315
531460,Rafel Bauza,Espanyol,Sub,https://images.fotmob.com/image_resources/playerimages/1609364.png,4,1,123,0,1,1,0,0,6.7,0.02,0.05,0.02,0,0.0,0,0.0,0,5,0,1,0,46,40,1,75,7,1,1,0,4,3,0,0,1,6.15,87,-0.02,0.95,0.07,0,,,-0.0234
428500,Ilias Akhomach,Villarreal,Sub,https://images.fotmob.com/image_resources/playerimages/1311915.png,5,1,139,0,1,1,0,0,7.2,0.06,0.44,0.06,0,0.0,0,0.0,0,18,1,2,1,63,54,2,111,3,1,0,2,3,0,5,0,1,6.06,86,-0.06,0.56,0.5,0,0.0,,0.0116
408252,Unai Marrero,Real Sociedad,GK,https://images.fotmob.com/image_resources/playerimages/1217043.png,1,1,97,0,0,0,0,0,7.8,0.0,0.0,0.0,0,0.0,12,1.91,2,11,0,0,0,37,26,0,53,0,0,1,0,0,2,0,8,0,7.8,70,0.0,0.0,0.0,0,,-0.09,0.1722
433286,Valentin Gomez,Real Betis,DC,https://images.fotmob.com/image_resources/playerimages/1338016.png,2,2,190,0,0,0,0,0,7.9,0.0,0.01,0.0,0,0.0,0,0.0,0,9,0,0,0,151,143,1,181,5,2,4,2,2,17,1,0,0,7.6,95,0.0,-0.01,0.01,0,,,0.0328
448208,Alvaro Valles,Real Betis,GK,https://images.fotmob.com/image_resources/playerimages/999171.png,6,6,573,0,0,0,0,0,9.3,0.0,0.0,0.0,0,0.0,54,9.99,6,19,0,0,0,157,114,0,236,1,0,5,1,0,11,0,25,0,7.45,73,0.0,0.0,0.0,0,,3.99,0.0588
123232,Diego Llorente,Real Betis,DC,https://images.fotmob.com/image_resources/playerimages/420568.png,2,2,134,0,0,0,0,0,7.9,0.0,0.0,0.0,0,0.0,0,0.0,0,3,0,0,0,60,56,0,88,2,6,2,0,1,10,0,0,0,7.3,93,0.0,0.0,0.0,0,,,0.0139
104010,Antonio Rudiger,Real Madrid,DC,https://images.fotmob.com/image_resources/playerimages/276738.png,2,2,188,0,0,0,0,0,7.4,0.07,0.0,0.07,0,0.0,0,0.0,0,11,0,2,1,161,153,1,187,0,0,4,0,1,16,0,0,0,7.3,95,-0.07,0.0,0.07,0,0.0,,0.0567
91194,Aitor Fernandez,Osasuna,GK,,1,1,93,0,0,0,0,0,7.3,0.0,0.0,0.0,0,0.0,19,4.53,4,5,0,0,0,36,18,0,50,0,0,0,0,0,2,0,7,0,7.3,50,0.0,0.0,0.0,0,,0.53,0.1065
512879,Gerard Martin,Barcelona,DC,https://images.fotmob.com/image_resources/playerimages/1598982.png,5,5,419,0,0,1,0,0,8.0,0.09,0.02,0.09,0,0.0,0,0.0,0,44,0,1,0,359,340,0,415,4,7,4,1,5,24,0,0,0,7.2,95,-0.09,-0.02,0.11,0,0.0,,0.0911
335107,Juan Foyth,Villarreal,DC,https://images.fotmob.com/image_resources/playerimages/833219.png,3,3,287,0,0,2,0,0,7.8,0.2,0.25,0.2,0,0.0,0,0.0,0,35,0,4,1,231,213,1,284,7,7,9,0,1,16,2,0,0,7.2,92,-0.2,-0.25,0.45,0,0.0,,0.0877
67369,Peter Gulacsi,Villarreal,GK,https://images.fotmob.com/image_resources/playerimages/151001.png,2,2,188,0,0,0,0,0,8.5,0.0,0.0,0.0,0,0.0,24,4.32,3,2,0,0,0,40,38,0,61,0,0,1,0,0,4,0,10,0,7.2,95,0.0,0.0,0.0,0,,1.32,0.0079
254692,Emil Audero,Rayo Vallecano,GK,https://images.fotmob.com/image_resources/playerimages/602845.png,2,2,193,0,0,0,0,0,7.3,0.0,0.0,0.0,0,0.0,28,4.26,5,6,0,0,0,76,48,0,105,0,0,0,0,0,3,0,10,0,7.15,63,0.0,0.0,0.0,0,,-0.74,0.0326
368091,Eric Garcia,Barcelona,DR,,5,5,390,0,0,0,0,0,8.3,0.07,0.34,0.07,0,0.0,0,0.0,0,77,0,3,0,365,325,3,460,16,4,4,1,3,14,0,0,0,7.14,89,-0.07,-0.34,0.41,0,0.0,,0.149
303876,Guido Rodriguez,Valencia,MC,https://images.fotmob.com/image_resources/playerimages/586768.png,3,3,251,0,0,1,0,0,7.2,0.07,0.02,0.07,0,0.0,0,0.0,0,11,0,2,1,165,138,1,210,11,6,7,2,6,6,4,0,0,7.13,84,-0.07,-0.02,0.09,0,0.0,,0.0288
498386,Pau Cubarsi,Barcelona,DC,https://images.fotmob.com/image_resources/playerimages/1532137.png,4,4,345,0,0,1,0,0,7.2,0.12,0.03,0.12,0,0.0,0,0.0,0,29,0,2,0,387,366,0,436,8,5,11,0,3,18,0,0,0,7.12,95,-0.12,-0.03,0.15,0,0.0,,0.0604
545675,Angel Ortiz,Real Betis,DR,https://images.fotmob.com/image_resources/playerimages/1580522.png,2,2,115,0,0,1,0,0,7.2,0.02,0.01,0.02,0,0.0,0,0.0,0,20,0,1,0,69,66,3,110,8,1,0,0,3,4,1,0,0,7.1,96,-0.02,-0.01,0.03,0,,,0.084
323148,Marc Roca,Real Betis,DMC,https://images.fotmob.com/image_resources/playerimages/640220.png,4,4,352,0,0,1,0,0,7.7,0.1,0.28,0.1,0,0.0,0,0.0,0,23,0,3,0,200,186,3,252,17,4,4,1,5,7,1,0,0,7.1,93,-0.1,-0.28,0.38,0,0.0,,0.1559
323663,Cristian Romero,Atlético Madrid,Sub,https://images.fotmob.com/image_resources/playerimages/789066.png,3,2,198,0,0,0,0,0,7.7,0.15,0.07,0.15,0,0.0,0,0.0,0,27,1,3,1,150,137,0,185,5,0,6,1,1,14,1,0,0,7.1,91,-0.15,-0.07,0.22,0,0.0,,0.1447
463961,Jon Aramburu,Real Sociedad,DR,https://images.fotmob.com/image_resources/playerimages/1249284.png,6,6,533,0,0,3,0,0,7.8,0.11,0.1,0.11,0,0.0,0,0.0,0,58,2,4,2,247,211,3,405,30,15,15,6,24,19,3,0,0,7.05,85,-0.11,-0.1,0.21,0,0.0,,0.1028
388505,Lucien Agoume,Sevilla,DMC,https://images.fotmob.com/image_resources/playerimages/971790.png,5,5,493,0,0,1,0,0,7.9,0.15,0.34,0.15,0,0.0,0,0.0,0,28,1,4,0,197,161,1,278,17,12,3,3,10,13,2,0,0,7.04,82,-0.15,-0.34,0.49,0,0.0,,0.0675
468852,Dean Huijsen,Real Madrid,DC,https://images.fotmob.com/image_resources/playerimages/1367619.png,5,5,473,0,0,0,0,0,7.4,0.52,0.21,0.52,1,0.33,0,0.0,0,43,0,6,2,340,327,2,402,7,8,10,0,5,24,0,0,0,7.02,96,-0.52,-0.21,0.73,0,0.0,,0.1003
141044,Antonio Sivera,Deportivo Alaves,GK,https://images.fotmob.com/image_resources/playerimages/530468.png,7,7,676,0,0,1,0,0,8.5,0.0,0.03,0.0,0,0.0,55,5.88,6,60,0,0,0,177,106,1,259,1,0,1,0,0,10,0,23,0,7.01,60,0.0,-0.03,0.03,0,,-0.12,0.1823
412831,Felix Correia,Sevilla,AML,https://images.fotmob.com/image_resources/playerimages/942358.png,1,1,82,0,0,0,0,0,7.0,0.0,0.16,0.0,0,0.0,0,0.0,0,9,2,0,0,26,14,3,39,1,0,1,2,0,0,0,0,0,7.0,54,0.0,-0.16,0.16,0,,,0.4082
81523,Mathew Ryan,Levante,GK,https://images.fotmob.com/image_resources/playerimages/185644.png,5,5,474,0,0,0,0,0,8.2,0.0,0.01,0.0,0,0.0,40,9.15,9,15,0,0,0,156,118,0,229,3,0,0,0,0,7,0,19,0,6.98,76,0.0,-0.01,0.01,0,,0.15,0.0551
364315,Antony,Real Betis,AMR,https://images.fotmob.com/image_resources/playerimages/967622.png,6,5,483,0,0,0,0,0,7.8,2.33,0.77,2.33,3,1.18,0,0.0,0,80,6,32,13,265,231,7,384,9,5,4,10,6,2,4,0,0,6.97,87,-2.33,-0.77,3.1,0,0.0,,0.2603
335696,Edu Exposito,Espanyol,DMC,https://images.fotmob.com/image_resources/playerimages/837089.png,7,6,577,0,0,2,0,0,7.8,0.93,1.21,0.93,1,0.27,0,0.0,0,59,2,16,1,332,288,16,470,16,2,7,11,6,11,9,0,0,6.94,87,-0.93,-1.21,2.14,0,0.0,,0.2831
130331,Andreas Christensen,Barcelona,DC,https://images.fotmob.com/image_resources/playerimages/449232.png,5,3,366,0,0,0,0,0,7.6,0.71,0.08,0.71,2,0.66,0,0.0,0,22,0,3,0,300,294,0,343,4,7,10,0,6,15,0,0,0,6.94,98,-0.71,-0.08,0.79,0,0.0,,0.0422
90115,Aissa Mandi,Levante,DC,https://images.fotmob.com/image_resources/playerimages/210683.png,5,5,474,0,0,1,0,0,7.3,0.02,0.02,0.02,0,0.0,0,0.0,0,15,0,1,0,257,238,2,322,9,7,10,2,1,30,0,0,0,6.92,93,-0.02,-0.02,0.04,0,,,0.0349
362779,David Hancko,Atletico Madrid,DC,https://images.fotmob.com/image_resources/playerimages/727897.png,6,5,489,0,0,1,0,0,7.9,0.12,0.23,0.12,0,0.0,0,0.0,0,58,2,4,0,370,332,2,448,7,9,7,7,2,20,1,0,0,6.9,90,-0.12,-0.23,0.35,0,0.0,,0.099
498163,Dani Martinez,Atletico Madrid,DL,https://images.fotmob.com/image_resources/playerimages/1531100.png,1,1,96,0,0,0,0,0,6.9,0.33,0.0,0.33,1,0.33,0,0.0,0,19,0,1,0,55,47,0,88,5,0,0,4,0,2,0,0,0,6.9,85,-0.33,0.0,0.33,0,0.0,,0.0972
254582,Marcos Llorente,Atletico Madrid,Sub,https://images.fotmob.com/image_resources/playerimages/602563.png,6,4,396,0,0,1,0,0,7.7,0.09,0.08,0.09,0,0.0,0,0.0,0,60,0,3,2,267,247,6,359,13,6,2,4,7,6,3,0,0,6.9,93,-0.09,-0.08,0.17,0,0.0,,0.1039
303139,Rodri,Barcelona,Sub,https://images.fotmob.com/image_resources/playerimages/675088.png,5,3,280,0,0,1,0,0,7.4,0.07,0.98,0.07,0,0.0,0,0.0,0,47,0,2,0,318,300,4,358,8,6,2,1,1,6,1,0,0,6.9,94,-0.07,-0.98,1.05,0,0.0,,0.1996
413758,Pablo Ramon,Racing Santander,DC,https://images.fotmob.com/image_resources/playerimages/982734.png,4,3,313,0,0,1,0,0,7.7,0.0,0.01,0.0,0,0.0,0,0.0,0,18,0,0,0,177,156,1,235,16,6,8,1,1,23,4,0,0,6.9,88,0.0,-0.01,0.01,0,,,0.0531
448735,Sebastian Caceres,Celta Vigo,DC,https://images.fotmob.com/image_resources/playerimages/1020026.png,1,1,95,0,0,0,0,0,6.9,0.02,0.0,0.02,0,0.0,0,0.0,0,14,0,1,0,66,59,0,77,2,1,3,0,1,3,1,0,0,6.9,89,-0.02,0.0,0.02,0,,,0.0502
423108,Julen Agirrezabala,Racing Santander,GK,https://images.fotmob.com/image_resources/playerimages/1280020.png,6,6,572,0,0,0,0,0,7.5,0.0,0.0,0.0,0,0.0,66,12.02,15,14,0,0,0,128,96,0,225,0,0,2,0,0,12,0,26,0,6.88,75,0.0,0.0,0.0,0,,-2.98,0.0419
115917,Jonny Otto,Deportivo Alaves,DC,https://images.fotmob.com/image_resources/playerimages/360918.png,6,6,535,0,0,0,0,0,7.4,0.07,0.06,0.07,0,0.0,0,0.0,0,27,1,2,1,205,175,2,303,16,4,5,3,2,22,2,0,0,6.85,85,-0.07,-0.06,0.13,0,0.0,,0.0803
243262,David Soria,Getafe,GK,https://images.fotmob.com/image_resources/playerimages/581919.png,6,6,573,0,0,0,0,0,8.3,0.0,0.08,0.0,0,0.0,47,9.32,7,70,0,0,0,191,95,1,235,0,0,0,0,0,8,0,19,0,6.85,50,0.0,-0.08,0.08,0,,2.32,0.2216
431768,Lucas Noubi,Deportivo A Coruña,DC,https://images.fotmob.com/image_resources/playerimages/1332025.png,5,5,473,0,0,1,0,0,7.2,0.0,0.02,0.0,0,0.0,0,0.0,0,16,0,0,0,262,217,1,343,9,7,8,1,6,37,0,0,0,6.82,83,0.0,-0.02,0.02,0,,,0.0592
374813,Manu Sanchez,Levante,DL,https://images.fotmob.com/image_resources/playerimages/1052330.png,5,5,447,0,0,0,0,0,7.9,0.01,0.1,0.01,0,0.0,0,0.0,0,45,1,1,0,221,190,1,337,38,5,2,2,4,14,3,0,0,6.8,86,-0.01,-0.1,0.11,0,,,0.1045
286080,Gabriel Suazo,Sevilla,DL,https://images.fotmob.com/image_resources/playerimages/659490.png,5,5,493,0,0,2,0,0,7.5,0.03,0.28,0.03,0,0.0,0,0.0,0,85,0,1,0,200,161,7,326,19,3,9,1,9,14,1,0,0,6.8,80,-0.03,-0.28,0.31,0,,,0.2222
432475,Nelson Deossa,Real Betis,AMC,https://images.fotmob.com/image_resources/playerimages/1315711.png,6,2,295,0,0,0,0,0,7.7,0.53,0.29,0.53,1,0.21,0,0.0,0,17,3,13,5,170,141,4,240,9,3,8,7,5,9,5,0,0,6.8,83,-0.53,-0.29,0.82,0,0.0,,0.0533
448284,Andres Castrin,Sevilla,DC,,4,3,332,0,0,0,0,0,7.8,0.1,0.02,0.1,0,0.0,0,0.0,0,15,0,2,1,128,111,3,163,4,4,5,0,0,16,0,0,0,6.8,87,-0.1,-0.02,0.12,0,0.0,,0.1024
446729,Thiago Fernandez,Levante,ML,https://images.fotmob.com/image_resources/playerimages/1460063.png,3,3,224,0,0,0,0,0,7.1,0.55,0.25,0.55,1,0.42,0,0.0,0,19,4,5,1,52,43,2,92,9,3,0,6,1,1,4,0,0,6.8,83,-0.55,-0.25,0.8,0,0.0,,0.0574
73265,Leandro Cabrera,Espanyol,DC,https://images.fotmob.com/image_resources/playerimages/169586.png,4,4,385,0,0,0,0,0,7.5,0.09,0.15,0.09,0,0.0,0,0.0,0,29,0,2,0,217,192,0,270,4,4,15,0,7,33,0,0,0,6.8,88,-0.09,-0.15,0.24,0,0.0,,0.11
422938,Alejandro Balde,Barcelona,Sub,https://images.fotmob.com/image_resources/playerimages/1254166.png,1,0,16,0,0,0,0,0,6.8,0.0,0.05,0.0,0,0.0,0,0.0,0,6,0,0,0,13,11,1,19,2,0,0,0,0,0,0,0,0,6.8,85,0.0,-0.05,0.05,0,,,0.2263
447938,Carlos Puga,Malaga,DR,https://images.fotmob.com/image_resources/playerimages/1668274.png,6,4,355,0,0,2,0,0,7.2,0.02,0.07,0.02,0,0.0,0,0.0,0,46,7,1,0,172,135,2,306,22,6,2,12,12,12,5,0,0,6.78,78,-0.02,-0.07,0.09,0,,,0.0579
447835,Abde Rebbach,Deportivo Alaves,DML,https://images.fotmob.com/image_resources/playerimages/1200941.png,7,7,579,0,0,3,0,0,7.2,0.15,0.03,0.15,0,0.0,0,0.0,0,34,3,5,3,162,127,0,328,24,11,7,9,10,8,1,0,0,6.77,78,-0.15,-0.03,0.18,0,0.0,,0.0673
444253,Jorge Herrando,Osasuna,DC,https://images.fotmob.com/image_resources/playerimages/1098365.png,3,3,187,0,0,1,0,0,7.7,0.12,0.0,0.12,0,0.0,0,0.0,0,6,0,2,2,112,94,0,139,1,3,4,1,3,10,0,0,0,6.77,84,-0.12,0.0,0.12,0,0.0,,0.0264
332823,Unai Simon,Athletic Club,GK,https://images.fotmob.com/image_resources/playerimages/660625.png,6,6,566,0,0,0,0,0,8.0,0.0,0.01,0.0,0,0.0,30,6.16,6,36,0,0,0,216,157,0,293,1,0,2,1,0,8,0,17,0,6.77,73,0.0,-0.01,0.01,0,,0.16,0.1192
84008,Marcos Alonso,Celta Vigo,DC,https://images.fotmob.com/image_resources/playerimages/196169.png,5,5,479,0,0,2,1,0,7.5,0.13,0.05,0.13,0,0.0,0,0.0,0,73,0,3,0,406,358,0,477,8,10,7,0,6,26,3,0,0,6.76,88,-0.13,-0.05,0.18,0,0.0,,0.1183
351252,Junior Firpo,Real Betis,DL,https://images.fotmob.com/image_resources/playerimages/743192.png,2,2,152,0,0,1,0,0,6.9,0.0,0.1,0.0,0,0.0,0,0.0,0,15,0,0,0,94,83,1,134,6,1,3,0,4,6,1,0,0,6.75,88,0.0,-0.1,0.1,0,,,0.0111
431340,Jeanuel Belocian,Racing Santander,Sub,https://images.fotmob.com/image_resources/playerimages/1329406.png,2,1,141,0,0,0,0,0,6.8,0.07,0.01,0.07,0,0.0,0,0.0,0,7,0,2,0,71,64,0,101,1,2,9,0,1,17,0,0,0,6.75,90,-0.07,-0.01,0.08,0,0.0,,0.0364
445119,Nathan Saliba,Villarreal,MC,https://images.fotmob.com/image_resources/playerimages/1216798.png,3,2,214,0,0,0,0,0,7.5,0.09,0.13,0.09,0,0.0,0,0.0,0,26,1,1,0,152,137,1,186,9,3,4,2,2,6,3,0,0,6.73,90,-0.09,-0.13,0.22,0,0.0,,0.0276
76662,Jan Oblak,Atletico Madrid,GK,https://images.fotmob.com/image_resources/playerimages/177126.png,6,6,573,0,0,0,0,0,7.5,0.0,0.0,0.0,0,0.0,40,6.08,6,15,0,0,0,174,130,0,216,0,1,1,0,0,1,0,14,0,6.72,75,0.0,0.0,0.0,0,,0.08,0.0436
296723,Ionut Radu,Celta Vigo,GK,https://images.fotmob.com/image_resources/playerimages/681213.png,6,6,571,0,0,1,0,0,8.0,0.0,0.0,0.0,0,0.0,42,6.18,6,12,0,0,0,185,136,0,246,0,0,1,1,0,12,0,16,0,6.72,74,0.0,0.0,0.0,0,,0.18,0.0482
344200,Unai Nunez,Espanyol,DC,https://images.fotmob.com/image_resources/playerimages/805352.png,5,5,434,0,0,0,0,0,7.3,0.06,0.21,0.06,0,0.0,0,0.0,0,38,1,2,0,290,249,3,356,10,7,9,1,2,27,0,0,0,6.7,86,-0.06,-0.21,0.27,0,0.0,,0.1191
315566,Igor Zubeldia,Real Sociedad,Sub,https://images.fotmob.com/image_resources/playerimages/698653.png,5,4,419,0,0,2,0,0,7.2,0.0,0.05,0.0,0,0.0,0,0.0,0,23,0,0,0,232,198,2,289,17,7,7,0,3,16,1,0,0,6.7,85,0.0,-0.05,0.05,0,,,0.0775
422963,Pathe Ciss,Rayo Vallecano,DC,https://images.fotmob.com/image_resources/playerimages/872396.png,6,6,583,0,0,3,0,0,7.7,0.04,0.01,0.04,0,0.0,0,0.0,0,29,1,1,0,284,256,2,384,9,16,9,2,4,36,5,0,0,6.7,90,-0.04,-0.01,0.05,0,,,0.0625
56057,Yuri Berchiche,Athletic Club,DL,https://images.fotmob.com/image_resources/playerimages/80295.png,5,5,463,0,0,2,1,0,7.3,0.27,0.26,0.27,0,0.0,0,0.0,0,58,1,11,1,272,250,6,358,11,4,4,1,5,7,1,0,0,6.7,92,-0.27,-0.26,0.53,0,0.0,,0.1087
372473,Ivan Martin,Racing Santander,Sub,,4,3,341,0,0,0,0,0,6.8,0.05,0.02,0.05,0,0.0,0,0.0,0,22,0,1,0,187,162,2,248,17,0,1,3,4,7,3,0,0,6.7,87,-0.05,-0.02,0.07,0,,,0.0272
609574,Aaron Mayol,Valencia,DMC,https://images.fotmob.com/image_resources/playerimages/1905203.png,1,1,95,0,0,1,0,0,6.7,0.0,0.01,0.0,0,0.0,0,0.0,0,3,0,0,0,42,36,0,58,1,3,0,1,3,1,3,0,0,6.7,86,0.0,-0.01,0.01,0,,,0.0659
598590,Bil Nsongo,Deportivo A Coruña,AMC,https://images.fotmob.com/image_resources/playerimages/1690831.png,5,4,285,0,0,1,0,0,7.4,0.28,0.01,0.28,0,0.0,0,0.0,0,5,2,5,1,69,48,2,143,9,0,11,5,6,3,10,0,0,6.68,70,-0.28,-0.01,0.29,0,0.0,,0.0409
279839,Yeray Alvarez,Athletic Club,DC,https://images.fotmob.com/image_resources/playerimages/639450.png,4,4,330,0,0,0,0,0,7.2,0.11,0.0,0.11,0,0.0,0,0.0,0,26,0,3,0,223,196,2,274,7,4,7,4,2,14,0,0,0,6.68,88,-0.11,0.0,0.11,0,0.0,,0.047
73798,Thibaut Courtois,Real Madrid,GK,https://images.fotmob.com/image_resources/playerimages/170323.png,6,6,568,0,0,0,0,0,7.5,0.0,0.0,0.0,0,0.0,42,5.17,6,10,0,0,0,171,149,0,211,0,0,0,0,0,1,0,16,0,6.68,87,0.0,0.0,0.0,0,,-0.83,0.0237
431509,Kike Salas,Sevilla,DC,https://images.fotmob.com/image_resources/playerimages/1327489.png,4,4,397,0,0,0,1,0,7.3,0.15,0.26,0.15,0,0.0,0,0.0,0,28,0,5,1,172,127,1,233,11,2,14,0,7,22,1,0,0,6.68,74,-0.15,-0.26,0.41,0,0.0,,0.0949
403647,Morten Hjulmand,Atletico Madrid,Sub,https://images.fotmob.com/image_resources/playerimages/950199.png,6,4,364,0,0,1,0,0,7.2,0.11,0.22,0.11,0,0.0,0,0.0,0,32,0,3,0,225,206,7,283,9,8,5,2,4,8,2,0,0,6.67,92,-0.11,-0.22,0.33,0,0.0,,0.087
422824,Joan Garcia,Barcelona,GK,,6,6,517,0,0,0,0,0,7.5,0.0,0.0,0.0,0,0.0,24,7.08,6,7,0,0,0,136,117,0,200,1,0,0,0,0,8,0,11,0,6.67,86,0.0,0.0,0.0,0,,1.08,0.016
355110,Sergio Gomez,Real Sociedad,DL,https://images.fotmob.com/image_resources/playerimages/844477.png,6,6,546,0,0,1,0,0,7.1,0.13,0.24,0.13,0,0.0,0,0.0,0,80,2,4,1,318,279,6,475,15,5,3,5,3,13,0,0,0,6.67,88,-0.13,-0.24,0.37,0,0.0,,0.0579
270504,Alex Remiro,Real Sociedad,GK,https://images.fotmob.com/image_resources/playerimages/616539.png,5,5,473,0,0,0,0,0,7.2,0.0,0.01,0.0,0,0.0,44,8.19,9,24,0,0,0,203,147,0,255,0,0,0,0,0,6,0,19,0,6.66,72,0.0,-0.01,0.01,0,,-0.81,0.0894
122117,Aymeric Laporte,Athletic Club,DC,https://images.fotmob.com/image_resources/playerimages/411617.png,6,5,509,0,0,0,0,0,7.4,0.4,0.09,0.4,1,0.35,0,0.0,0,51,0,2,0,409,386,0,464,9,4,9,1,3,20,0,0,0,6.65,94,-0.4,-0.09,0.49,0,0.0,,0.1139
372634,Justin de Haas,Valencia,DC,https://images.fotmob.com/image_resources/playerimages/969711.png,2,2,126,0,0,1,0,0,7.0,0.0,0.0,0.0,0,0.0,0,0.0,0,8,0,0,0,103,93,0,116,1,2,1,0,2,6,1,0,0,6.65,90,0.0,0.0,0.0,0,,,0.0389
509876,Alvaro Nunez,Celta Vigo,DMR,https://images.fotmob.com/image_resources/playerimages/1132355.png,2,2,175,0,0,0,0,0,6.8,0.01,0.0,0.01,0,0.0,0,0.0,0,33,0,1,1,146,139,1,168,5,3,0,0,2,4,0,0,0,6.65,95,-0.01,0.0,0.01,0,,,0.0978
409467,Antonio Blanco,Deportivo Alaves,MC,https://images.fotmob.com/image_resources/playerimages/845998.png,7,6,553,0,0,3,0,0,7.5,0.19,0.07,0.19,0,0.0,0,0.0,0,30,0,7,0,254,218,2,353,25,13,2,1,12,8,4,0,0,6.64,86,-0.19,-0.07,0.26,0,0.0,,0.0858
297203,Pablo Fornals,Real Betis,DMC,https://images.fotmob.com/image_resources/playerimages/683450.png,5,4,395,0,0,0,0,0,7.4,0.45,0.3,0.45,0,0.0,0,0.0,0,55,0,9,0,262,223,11,336,7,5,2,3,3,1,1,0,0,6.64,85,-0.45,-0.3,0.75,0,0.0,,0.0874
508349,Rafita,Malaga,DL,https://images.fotmob.com/image_resources/playerimages/1717331.png,6,5,493,0,0,1,0,0,7.1,0.04,0.01,0.04,0,0.0,0,0.0,0,46,2,1,0,238,218,0,347,9,7,3,7,6,15,1,0,0,6.63,92,-0.04,-0.01,0.05,0,,,0.0595
448303,David Larrubia,Malaga,MR,https://images.fotmob.com/image_resources/playerimages/1108863.png,6,5,511,0,0,2,0,0,7.2,0.53,0.41,0.53,0,0.0,0,0.0,0,41,10,11,2,143,115,8,279,30,4,0,16,3,0,12,0,0,6.6,80,-0.53,-0.41,0.94,0,0.0,,0.0862
100881,Ximo Navarro,Deportivo A Coruña,DR,https://images.fotmob.com/image_resources/playerimages/260659.png,5,5,462,0,0,2,0,0,7.1,0.05,0.03,0.05,0,0.0,0,0.0,0,39,0,2,0,186,159,1,305,19,6,2,0,4,21,1,0,0,6.6,85,-0.05,-0.03,0.08,0,,,0.0698
303629,Augusto Batalla,Rayo Vallecano,GK,https://images.fotmob.com/image_resources/playerimages/621415.png,2,2,161,0,0,0,0,0,7.1,0.0,0.0,0.0,0,0.0,13,1.95,3,10,0,0,0,54,33,0,78,1,1,0,0,0,3,0,3,0,6.6,61,0.0,0.0,0.0,0,,-1.05,0.1272
135098,Johan Mojica,Getafe,DML,https://images.fotmob.com/image_resources/playerimages/474673.png,5,4,430,0,0,2,0,0,7.0,0.06,0.29,0.06,0,0.0,0,0.0,0,66,1,2,0,128,88,6,294,6,2,5,2,3,15,3,0,0,6.6,69,-0.06,-0.29,0.35,0,0.0,,0.2455
362470,Youssouf Fofana,Sevilla,Sub,https://images.fotmob.com/image_resources/playerimages/954621.png,2,1,118,0,0,0,0,0,7.2,0.18,0.03,0.18,0,0.0,0,0.0,0,8,1,4,1,35,31,0,61,5,2,1,1,1,2,1,0,0,6.6,89,-0.18,-0.03,0.21,0,0.0,,0.0613
448209,Sergi Cardona,Villarreal,DL,https://images.fotmob.com/image_resources/playerimages/1059657.png,2,2,190,0,0,0,0,0,7.0,0.05,0.03,0.05,0,0.0,0,0.0,0,40,0,2,0,138,124,0,196,7,5,2,0,4,2,1,0,0,6.6,90,-0.05,-0.03,0.08,0,,,0.0472
537235,Pau Navarro,Villarreal,DC,https://images.fotmob.com/image_resources/playerimages/1531887.png,2,2,188,0,0,0,0,0,6.8,0.0,0.01,0.0,0,0.0,0,0.0,0,13,0,0,0,130,124,0,151,6,1,3,1,3,6,0,0,0,6.6,95,0.0,-0.01,0.01,0,,,0.0394
80764,Koke,Atletico Madrid,DMC,https://images.fotmob.com/image_resources/playerimages/184533.png,6,3,332,0,0,0,0,0,7.4,0.04,0.25,0.04,0,0.0,0,0.0,0,55,0,1,0,267,241,5,322,16,2,0,1,2,1,3,0,0,6.58,90,-0.04,-0.25,0.29,0,,,0.0678
536243,Benat Gerenabarrena,Athletic Club,Sub,https://images.fotmob.com/image_resources/playerimages/1425173.png,5,4,388,0,0,2,0,0,7.3,0.04,0.14,0.04,0,0.0,0,0.0,0,12,0,1,1,169,146,1,230,16,12,4,0,11,3,1,0,0,6.58,86,-0.04,-0.14,0.18,0,,,0.0399
512611,Facundo Bernal,Real Betis,DMC,https://images.fotmob.com/image_resources/playerimages/1436133.png,6,5,397,0,0,1,0,0,7.0,0.18,0.03,0.18,0,0.0,0,0.0,0,17,0,6,1,225,197,1,281,15,8,3,2,5,5,0,0,0,6.58,88,-0.18,-0.03,0.21,0,0.0,,0.0349
119817,Jose Gaya,Valencia,DL,https://images.fotmob.com/image_resources/playerimages/391058.png,4,3,287,0,0,0,0,0,7.3,0.0,0.0,0.0,0,0.0,0,0.0,0,22,0,0,0,123,108,1,197,19,0,1,2,6,11,0,0,0,6.58,88,0.0,0.0,0.0,0,,,0.041
528001,Yoel Lago,Celta Vigo,DC,https://images.fotmob.com/image_resources/playerimages/1578176.png,6,5,526,0,0,2,0,0,7.3,0.0,0.02,0.0,0,0.0,0,0.0,0,35,0,0,0,364,338,1,444,5,11,4,0,8,23,2,0,0,6.57,93,0.0,-0.02,0.02,0,,,0.0483
472904,Gustavo Puerta,Racing Santander,DMC,https://images.fotmob.com/image_resources/playerimages/1331597.png,3,3,275,0,0,1,0,0,6.9,0.09,0.19,0.09,0,0.0,0,0.0,0,35,1,2,0,176,163,4,243,11,2,0,2,10,2,4,0,0,6.57,93,-0.09,-0.19,0.28,0,0.0,,0.1826
141499,Stole Dimitrievski,Valencia,GK,https://images.fotmob.com/image_resources/playerimages/254241.png,6,6,572,0,0,1,0,0,7.8,0.0,0.01,0.0,0,0.0,48,7.43,8,12,0,0,0,200,121,1,262,0,0,1,0,0,7,0,19,0,6.57,60,0.0,-0.01,0.01,0,,-0.57,0.0261
374638,Alejandro Catena,Osasuna,DC,https://images.fotmob.com/image_resources/playerimages/814663.png,5,5,473,0,0,0,0,0,7.4,0.0,0.06,0.0,0,0.0,0,0.0,0,37,0,0,0,334,286,1,392,7,4,14,2,4,28,1,0,0,6.56,86,0.0,-0.06,0.06,0,,,0.0942
431668,Johaneko Louis-Jean,Athletic Club,DL,,5,2,182,0,0,1,0,0,7.4,0.03,0.0,0.03,0,0.0,0,0.0,0,18,1,1,0,70,60,0,132,6,9,1,4,4,8,0,0,0,6.56,86,-0.03,0.0,0.03,0,,,0.0639
462768,Miguel Roman,Celta Vigo,MC,https://images.fotmob.com/image_resources/playerimages/1359911.png,6,5,526,0,0,0,0,0,6.7,0.13,0.41,0.13,0,0.0,0,0.0,0,61,0,5,0,361,319,6,416,7,2,4,2,3,5,2,0,0,6.55,88,-0.13,-0.41,0.54,0,0.0,,0.1212
419935,Clemens Riedel,Espanyol,DC,https://images.fotmob.com/image_resources/playerimages/1279557.png,6,4,393,0,0,3,0,0,7.4,0.05,0.03,0.05,0,0.0,0,0.0,0,30,0,2,2,232,196,0,286,6,3,10,0,11,25,1,0,0,6.55,84,-0.05,-0.03,0.08,0,,,0.0394
407138,Benat Turrientes,Real Sociedad,DMC,https://images.fotmob.com/image_resources/playerimages/1210647.png,4,3,265,0,0,1,0,0,7.2,0.15,0.11,0.15,0,0.0,0,0.0,0,25,0,4,3,185,171,4,218,9,1,0,1,0,8,2,0,0,6.55,92,-0.15,-0.11,0.26,0,0.0,,0.0298
467913,Mamadou Sarr,Real Sociedad,DC,https://images.fotmob.com/image_resources/playerimages/1426170.png,2,2,152,0,0,0,0,0,6.7,0.0,0.0,0.0,0,0.0,0,0.0,0,9,0,0,0,99,94,0,116,4,1,1,1,1,3,0,0,0,6.55,95,0.0,0.0,0.0,0,,,0.0723
353423,Aurelien Tchouameni,Real Madrid,Sub,https://images.fotmob.com/image_resources/playerimages/914458.png,2,1,112,0,0,0,0,0,6.8,0.03,0.04,0.03,0,0.0,0,0.0,0,14,0,1,0,63,60,3,76,2,2,0,0,0,3,0,0,0,6.55,95,-0.03,-0.04,0.07,0,,,0.115
259393,Marko Dmitrovic,Espanyol,GK,https://images.fotmob.com/image_resources/playerimages/280818.png,7,7,668,0,0,0,0,0,7.8,0.0,0.04,0.0,0,0.0,51,7.47,10,28,0,0,0,171,118,0,270,2,1,1,1,0,6,0,22,0,6.54,69,0.0,-0.04,0.04,0,,-2.53,0.0556
280060,Toni Martinez,Deportivo Alaves,FW,https://images.fotmob.com/image_resources/playerimages/640123.png,6,4,379,0,0,0,0,0,7.3,1.6,0.14,1.6,3,1.18,0,0.0,0,6,0,11,0,49,29,5,111,7,0,16,0,4,8,3,0,0,6.53,59,-1.6,-0.14,1.74,0,0.0,,0.0105
302889,Pepelu,Valencia,DC,https://images.fotmob.com/image_resources/playerimages/673689.png,6,6,493,0,0,1,0,0,7.5,0.04,0.1,0.04,0,0.0,0,0.0,0,32,0,1,0,316,279,1,384,14,7,3,0,4,29,2,0,0,6.53,88,-0.04,-0.1,0.14,0,,,0.0866
82989,Isco,Real Betis,Sub,https://images.fotmob.com/image_resources/playerimages/191315.png,6,4,307,0,0,0,0,0,6.8,1.21,0.41,1.21,2,0.76,0,0.0,0,36,0,11,4,179,161,12,237,7,3,1,1,4,1,1,0,0,6.53,90,-1.21,-0.41,1.62,0,0.0,,0.1049
135914,Jose Maria Gimenez,Atlético Madrid,Sub,https://images.fotmob.com/image_resources/playerimages/474589.png,4,2,213,0,0,1,0,0,6.9,0.08,0.01,0.08,0,0.0,0,0.0,0,13,0,2,0,137,124,1,169,2,3,8,0,2,17,0,0,0,6.53,91,-0.08,-0.01,0.09,0,0.0,,0.0566
444739,Quilindschy Hartman,Espanyol,Sub,https://images.fotmob.com/image_resources/playerimages/1393669.png,3,1,163,0,0,0,0,0,7.1,0.0,0.28,0.0,0,0.0,0,0.0,0,20,0,0,0,87,75,4,124,6,2,2,0,3,2,0,0,0,6.53,86,0.0,-0.28,0.28,0,,,0.2697
141497,Einar Galilea,Malaga,DC,https://images.fotmob.com/image_resources/playerimages/516803.png,6,6,479,0,0,2,0,0,7.1,0.0,0.0,0.0,0,0.0,0,0.0,0,16,0,0,0,360,327,0,421,12,7,1,5,5,25,0,0,0,6.52,91,0.0,0.0,0.0,0,,,0.0376
511120,Mikel Jauregizar,Athletic Club,DMC,https://images.fotmob.com/image_resources/playerimages/1553099.png,5,2,225,0,0,0,0,0,7.1,0.05,0.01,0.05,0,0.0,0,0.0,0,16,0,2,2,125,108,1,159,16,6,3,0,4,1,0,0,0,6.52,86,-0.05,-0.01,0.06,0,,,0.0513
448514,Pedro Diaz,Rayo Vallecano,Sub,https://images.fotmob.com/image_resources/playerimages/715069.png,5,3,323,0,0,0,0,0,6.9,0.35,0.13,0.35,0,0.0,0,0.0,0,21,1,10,2,99,90,9,148,9,1,0,3,3,1,3,0,0,6.52,91,-0.35,-0.13,0.48,0,0.0,,0.0849
427831,Cesar Tarrega,Valencia,DC,https://images.fotmob.com/image_resources/playerimages/1311985.png,5,4,349,0,0,0,0,0,7.5,0.09,0.02,0.09,0,0.0,0,0.0,0,26,0,3,0,205,183,0,262,11,4,4,0,6,22,1,0,0,6.52,89,-0.09,-0.02,0.11,0,0.0,,0.0434
422820,Jesus Areso,Athletic Club,DR,https://images.fotmob.com/image_resources/playerimages/1037537.png,5,4,350,0,0,1,0,0,7.8,0.1,0.42,0.1,0,0.0,0,0.0,0,58,0,2,1,155,125,6,254,10,7,7,1,3,6,2,0,0,6.52,81,-0.1,-0.42,0.52,0,0.0,,0.0703
555136,Roger Hinojo,Espanyol,DL,https://images.fotmob.com/image_resources/playerimages/1727689.png,7,7,550,0,0,2,0,0,7.7,0.06,0.23,0.06,0,0.0,0,0.0,0,47,0,1,0,267,221,2,372,21,5,7,1,4,19,2,0,0,6.51,83,-0.06,-0.23,0.29,0,0.0,,0.068
423420,Leo Roman,Deportivo A Coruña,GK,https://images.fotmob.com/image_resources/playerimages/1187702.png,5,5,473,0,0,0,0,0,7.1,0.0,0.0,0.0,0,0.0,38,6.94,5,17,0,0,0,196,151,0,236,0,0,1,0,0,4,0,16,0,6.5,77,0.0,0.0,0.0,0,,1.94,0.0588
393081,Giacomo Quagliata,Deportivo A Coruña,DL,https://images.fotmob.com/image_resources/playerimages/1077977.png,5,5,473,0,0,1,0,0,7.0,0.28,0.67,0.28,1,0.2,0,0.0,0,53,1,4,1,163,125,5,276,8,7,1,4,5,8,2,0,0,6.5,77,-0.28,-0.67,0.95,0,0.0,,0.1977
617819,Javier Morcillo,Elche,Sub,https://images.fotmob.com/image_resources/playerimages/1732412.png,5,3,337,0,0,0,0,0,7.0,0.02,0.02,0.02,0,0.0,0,0.0,0,6,0,1,1,112,103,1,157,10,6,2,0,4,14,2,0,0,6.5,92,-0.02,-0.02,0.04,0,,,0.0067
578266,Nacho Perez,Levante,DR,https://images.fotmob.com/image_resources/playerimages/1800611.png,5,4,300,0,0,0,0,0,7.0,0.42,0.08,0.42,1,0.42,0,0.0,0,25,0,1,1,95,71,2,179,9,5,4,0,2,19,0,0,0,6.5,75,-0.42,-0.08,0.5,0,0.0,,0.1954
440159,Alex Freeman,Villarreal,Sub,https://images.fotmob.com/image_resources/playerimages/1338696.png,5,2,248,0,0,0,0,0,7.3,0.04,0.1,0.04,0,0.0,0,0.0,0,53,2,2,1,205,192,2,259,7,1,5,3,1,6,2,0,0,6.5,94,-0.04,-0.1,0.14,0,,,0.0594
322153,Denzel Dumfries,Real Madrid,DR,https://images.fotmob.com/image_resources/playerimages/593118.png,5,4,334,0,0,0,0,0,6.8,0.45,0.08,0.45,1,0.2,0,0.0,0,28,0,6,2,124,116,3,187,11,3,1,0,2,4,2,0,0,6.5,94,-0.45,-0.08,0.53,0,0.0,,0.0274
345957,Ibrahima Konate,Real Madrid,DC,https://images.fotmob.com/image_resources/playerimages/820140.png,5,5,475,0,0,3,0,0,7.3,0.21,0.01,0.21,0,0.0,0,0.0,0,27,0,4,1,303,288,2,356,6,1,10,0,7,16,3,0,0,6.5,95,-0.21,-0.01,0.22,0,0.0,,0.0563
369109,Eduardo Camavinga,Real Madrid,Sub,https://images.fotmob.com/image_resources/playerimages/1015185.png,5,2,237,0,0,2,0,0,7.4,0.0,0.09,0.0,0,0.0,0,0.0,0,29,0,0,0,171,159,0,210,6,3,3,1,5,5,3,0,0,6.5,93,0.0,-0.09,0.09,0,,,0.0884
422937,Gavi,Barcelona,DMC,https://images.fotmob.com/image_resources/playerimages/1279040.png,2,1,77,0,0,0,0,0,6.5,0.0,0.05,0.0,0,0.0,0,0.0,0,5,0,0,0,41,39,1,54,2,2,3,0,2,0,0,0,0,6.5,95,0.0,-0.05,0.05,0,,,0.0539
519969,Youssef Enriquez,Deportivo Alaves,Sub,https://images.fotmob.com/image_resources/playerimages/1403692.png,6,0,190,0,0,0,0,0,6.8,0.02,0.11,0.02,0,0.0,0,0.0,0,15,1,1,0,56,47,3,118,7,1,1,2,2,9,1,0,0,6.48,84,-0.02,-0.11,0.13,0,,,0.1885
474267,Iker Munoz,Osasuna,Sub,https://images.fotmob.com/image_resources/playerimages/1323863.png,5,4,404,0,0,1,0,0,6.7,0.06,0.08,0.06,0,0.0,0,0.0,0,27,0,2,1,242,206,1,304,8,6,9,2,8,13,2,0,0,6.48,85,-0.06,-0.08,0.14,0,0.0,,0.093
136741,Bernardo Silva,Real Madrid,DMC,https://images.fotmob.com/image_resources/playerimages/488139.png,5,3,284,0,0,0,0,0,7.0,0.09,0.14,0.09,0,0.0,0,0.0,0,25,1,1,0,216,199,4,262,15,5,1,1,5,3,2,0,0,6.48,92,-0.09,-0.14,0.23,0,0.0,,0.0398
106525,Denis Suarez,Deportivo Alaves,MC,https://images.fotmob.com/image_resources/playerimages/282281.png,6,3,309,0,0,1,0,0,6.7,0.62,0.68,0.62,2,0.62,0,0.0,0,33,0,2,1,141,112,11,205,7,0,1,2,3,0,2,0,0,6.47,79,-0.62,-0.68,1.3,0,0.0,,0.195
344120,Ander Guevara,Deportivo Alaves,Sub,https://images.fotmob.com/image_resources/playerimages/873827.png,3,1,111,0,0,0,0,0,7.0,0.0,0.0,0.0,0,0.0,0,0.0,0,5,0,0,0,54,46,1,69,6,3,1,0,1,2,0,0,0,6.47,85,0.0,0.0,0.0,0,,,0.0242
119189,Ruben Garcia,Osasuna,Sub,,6,4,311,0,0,1,0,0,7.4,0.48,0.6,0.48,1,0.31,0,0.0,0,22,1,6,3,121,96,6,192,12,1,4,1,3,7,2,0,0,6.47,79,-0.48,-0.6,1.08,0,0.0,,0.1159
362393,Carlos Protesoni,Deportivo Alavés,Sub,https://images.fotmob.com/image_resources/playerimages/799914.png,3,1,153,0,0,0,0,0,6.8,0.09,0.0,0.09,0,0.0,0,0.0,0,4,0,3,0,38,32,1,75,7,4,1,1,4,4,2,0,0,6.47,84,-0.09,0.0,0.09,0,0.0,,0.026
389191,Zaid Romero,Getafe,DC,https://images.fotmob.com/image_resources/playerimages/1118199.png,5,5,477,0,0,2,1,0,7.0,0.08,0.07,0.08,0,0.0,0,0.0,0,24,5,1,0,187,149,0,284,10,9,8,7,3,27,5,0,0,6.46,80,-0.08,-0.07,0.15,0,0.0,,0.0802
448397,Alvaro Mantilla,Racing Santander,DR,https://images.fotmob.com/image_resources/playerimages/1199649.png,5,5,472,0,0,2,0,0,6.9,0.16,0.13,0.16,1,0.11,0,0.0,0,46,0,2,0,183,130,1,287,13,5,6,0,6,21,1,0,0,6.46,71,-0.16,-0.13,0.29,0,0.0,,0.0511
468931,Carlos Romero,Villarreal,DL,https://images.fotmob.com/image_resources/playerimages/1395964.png,5,4,413,0,0,1,0,0,7.2,0.28,0.18,0.28,0,0.0,0,0.0,0,53,3,4,0,236,209,2,332,10,2,3,6,2,7,2,0,0,6.46,89,-0.28,-0.18,0.46,0,0.0,,0.0696
247995,Goncalo Guedes,Real Sociedad,Sub,https://images.fotmob.com/image_resources/playerimages/536455.png,5,2,191,0,0,0,0,0,6.7,0.47,0.17,0.47,1,0.2,0,0.0,0,21,2,8,3,68,58,4,123,8,0,3,5,1,1,5,0,0,6.46,85,-0.47,-0.17,0.64,0,0.0,,0.1363
301019,Jules Kounde,Barcelona,Sub,https://images.fotmob.com/image_resources/playerimages/705450.png,4,1,189,0,0,0,0,0,7.0,0.0,0.01,0.0,0,0.0,0,0.0,0,38,2,0,0,174,163,2,217,2,1,3,3,1,6,2,0,0,6.45,94,0.0,-0.01,0.01,0,,,0.0843
125211,Hector Bellerin,Real Betis,Sub,https://images.fotmob.com/image_resources/playerimages/427438.png,6,4,458,0,0,1,0,0,7.6,0.34,0.76,0.34,1,0.27,0,0.0,0,45,0,3,2,220,188,9,312,16,3,2,1,5,11,1,0,0,6.45,85,-0.34,-0.76,1.1,0,0.0,,0.0719
469329,Andres Garcia,Getafe,FW,https://images.fotmob.com/image_resources/playerimages/1430406.png,5,4,384,0,0,0,0,0,6.9,0.08,0.07,0.08,0,0.0,0,0.0,0,28,2,3,0,110,95,3,218,11,2,0,5,1,9,4,0,0,6.44,86,-0.08,-0.07,0.15,0,0.0,,0.1051
423973,Manu Hernando,Racing Santander,Sub,,5,4,407,0,0,1,0,0,7.1,0.07,0.0,0.07,0,0.0,0,0.0,0,7,0,3,0,114,93,0,185,8,4,11,0,5,41,1,0,0,6.44,82,-0.07,0.0,0.07,0,0.0,,0.0162
110273,Odysseas Vlachodimos,Sevilla,GK,https://images.fotmob.com/image_resources/playerimages/304355.png,5,5,493,0,0,0,0,0,7.3,0.0,0.0,0.0,0,0.0,30,5.55,6,22,0,0,0,122,68,0,159,0,0,2,0,0,6,0,12,0,6.44,56,0.0,0.0,0.0,0,,-0.45,0.082
463588,Javi Rueda,Celta Vigo,DMR,https://images.fotmob.com/image_resources/playerimages/1310440.png,6,3,342,0,0,1,0,0,7.0,0.05,0.28,0.05,0,0.0,0,0.0,0,41,3,2,0,127,104,6,207,8,5,4,4,4,7,5,0,0,6.43,82,-0.05,-0.28,0.33,0,,,0.0634
371027,Tajon Buchanan,Villarreal,Sub,https://images.fotmob.com/image_resources/playerimages/1026135.png,6,3,322,0,0,1,0,0,7.1,1.09,0.82,1.09,2,0.93,0,0.0,0,38,2,8,4,113,102,6,208,11,2,1,3,6,3,3,0,0,6.43,90,-1.09,-0.82,1.91,0,0.0,,0.1103
426757,Ruben Sanchez,Elche,Sub,https://images.fotmob.com/image_resources/playerimages/1330035.png,3,0,107,0,0,1,0,0,6.8,0.01,0.02,0.01,0,0.0,0,0.0,0,11,0,1,0,24,20,0,56,5,3,1,1,1,7,1,0,0,6.43,83,-0.01,-0.02,0.03,0,,,0.0694
344073,Orel Mangala,Getafe,MC,https://images.fotmob.com/image_resources/playerimages/765693.png,6,6,554,0,0,1,0,0,6.7,0.11,0.02,0.11,0,0.0,0,0.0,0,20,0,3,0,172,152,2,237,7,14,3,3,12,6,6,0,0,6.42,88,-0.11,-0.02,0.13,0,0.0,,0.0207
261509,Alfonso Herrero,Malaga,GK,https://images.fotmob.com/image_resources/playerimages/616538.png,6,6,566,0,0,1,0,0,7.2,0.0,0.03,0.0,0,0.0,57,11.59,10,26,0,0,0,246,182,0,310,1,0,1,0,1,8,0,22,0,6.42,74,0.0,-0.03,0.03,0,,1.59,0.0712
448936,Santiago Mourino,Villarreal,DR,https://images.fotmob.com/image_resources/playerimages/1407468.png,5,4,338,0,0,2,0,0,6.8,0.27,0.57,0.27,1,0.2,0,0.0,0,51,1,2,1,187,167,3,274,23,1,6,2,7,9,5,0,0,6.42,89,-0.27,-0.57,0.84,0,0.0,,0.1366
363496,Marc Cucurella,Real Madrid,Sub,https://images.fotmob.com/image_resources/playerimages/873289.png,6,3,361,0,0,0,0,0,7.3,0.0,0.12,0.0,0,0.0,0,0.0,0,47,0,0,0,206,184,2,275,10,3,4,0,0,7,0,0,0,6.42,89,0.0,-0.12,0.12,0,,,0.0663
422958,Oscar Valentin,Rayo Vallecano,DMC,https://images.fotmob.com/image_resources/playerimages/956622.png,6,3,338,0,0,1,0,0,6.7,0.0,0.02,0.0,0,0.0,0,0.0,0,23,0,0,0,130,112,1,186,16,6,6,1,6,13,1,0,0,6.42,86,0.0,-0.02,0.02,0,,,0.0425
414212,Nicolas Valentini,Deportivo Alaves,Sub,https://images.fotmob.com/image_resources/playerimages/1249665.png,4,2,263,0,0,1,0,0,7.0,0.02,0.06,0.02,0,0.0,0,0.0,0,16,0,1,0,91,66,1,129,5,1,3,0,1,16,0,0,0,6.42,73,-0.02,-0.06,0.08,0,,,0.1289
402092,Jose Salinas,Malaga,Sub,https://images.fotmob.com/image_resources/playerimages/1187478.png,5,3,283,0,0,1,0,0,7.0,0.0,0.0,0.0,0,0.0,0,0.0,0,20,0,0,0,125,112,1,173,10,4,3,2,6,7,1,0,0,6.4,90,0.0,0.0,0.0,0,,,0.0226
362623,Oriol Rey,Levante,DMC,https://images.fotmob.com/image_resources/playerimages/914401.png,5,4,412,0,0,0,0,0,6.6,0.04,0.02,0.04,0,0.0,0,0.0,0,16,0,1,0,146,130,1,199,9,2,4,0,6,10,5,0,0,6.4,89,-0.04,-0.02,0.06,0,,,0.0303
621893,Nico Guillen,Sevilla,DMC,https://images.fotmob.com/image_resources/playerimages/1783498.png,2,1,96,0,0,1,0,0,6.5,0.04,0.0,0.04,0,0.0,0,0.0,0,2,1,1,0,25,20,0,48,6,2,0,1,5,4,1,0,0,6.4,80,-0.04,0.0,0.04,0,,,-0.0235
422956,Jose Angel Carmona,Sevilla,Sub,https://images.fotmob.com/image_resources/playerimages/1281461.png,2,0,60,0,0,0,0,0,6.6,0.0,0.02,0.0,0,0.0,0,0.0,0,4,0,0,0,7,2,1,23,2,1,0,0,1,1,0,0,0,6.4,29,0.0,-0.02,0.02,0,,,0.2943
395320,Jon Pacheco,Real Sociedad,Sub,https://images.fotmob.com/image_resources/playerimages/1112072.png,1,0,28,0,0,0,0,0,6.4,0.0,0.0,0.0,0,0.0,0,0.0,0,1,0,0,0,3,3,0,8,1,0,0,0,0,3,0,0,0,6.4,100,0.0,0.0,0.0,0,,,0.0324
483206,Hector Fort,Real Sociedad,Sub,https://images.fotmob.com/image_resources/playerimages/1490110.png,1,0,17,0,0,0,0,0,6.4,0.0,0.0,0.0,0,0.0,0,0.0,0,2,0,0,0,1,1,0,6,1,1,0,0,0,0,0,0,0,6.4,100,0.0,0.0,0.0,0,,,0.1307
454343,Marc Casado,Deportivo A Coruña,Sub,https://images.fotmob.com/image_resources/playerimages/1384883.png,2,1,91,0,0,0,0,0,6.5,0.0,0.0,0.0,0,0.0,0,0.0,0,2,0,0,0,59,49,0,73,0,1,1,0,0,1,1,0,0,6.4,83,0.0,0.0,0.0,0,,,0.0119
357387,Mujaid Sadick,Rayo Vallecano,Sub,https://images.fotmob.com/image_resources/playerimages/939427.png,2,1,81,0,0,0,0,0,6.7,0.0,0.0,0.0,0,0.0,0,0.0,0,1,0,0,0,65,62,0,77,1,1,2,1,0,5,0,0,0,6.4,95,0.0,0.0,0.0,0,,,0.0068
144890,Dani Ceballos,Real Betis,Sub,https://images.fotmob.com/image_resources/playerimages/531629.png,2,0,71,0,0,0,0,0,6.8,0.03,0.0,0.03,0,0.0,0,0.0,0,6,0,1,0,40,39,1,58,4,1,0,1,1,2,1,0,0,6.4,98,-0.03,0.0,0.03,0,,,0.1774
332990,Djene Dakonam,Getafe,DC,,6,6,555,0,0,2,0,0,7.2,0.0,0.07,0.0,0,0.0,0,0.0,0,22,0,0,0,223,182,1,285,8,9,5,1,6,21,1,0,0,6.38,82,0.0,-0.07,0.07,0,,,0.0723
511043,Angel Recio,Malaga,DC,https://images.fotmob.com/image_resources/playerimages/1260010.png,6,6,566,0,0,0,0,0,7.1,0.07,0.01,0.07,0,0.0,0,0.0,0,39,0,3,1,360,333,1,409,12,5,3,0,3,20,0,0,0,6.38,92,-0.07,-0.01,0.08,0,0.0,,0.0619
641813,Gnangoro,Rayo Vallecano,DMC,,4,2,200,0,0,1,0,0,6.7,0.04,0.01,0.04,0,0.0,0,0.0,0,4,0,1,1,68,57,3,97,8,6,4,1,5,5,1,0,0,6.38,84,-0.04,-0.01,0.05,0,,,-0.0004
463938,Rodrigo Mendoza,Atletico Madrid,MC,https://images.fotmob.com/image_resources/playerimages/1419969.png,3,2,113,0,0,0,0,0,6.6,0.47,0.06,0.47,1,0.31,0,0.0,0,5,0,5,3,39,35,0,62,5,0,0,2,1,0,2,0,0,6.37,90,-0.47,-0.06,0.53,0,0.0,,0.0395
386622,Sergio Carreira,Celta Vigo,Sub,https://images.fotmob.com/image_resources/playerimages/1106742.png,6,4,444,0,0,1,0,0,6.6,0.31,0.35,0.31,1,0.2,0,0.0,0,57,1,4,1,240,198,3,314,6,0,0,4,4,5,0,0,0,6.37,82,-0.31,-0.35,0.66,0,0.0,,0.1245
362735,Santi Comesana,Villarreal,MC,https://images.fotmob.com/image_resources/playerimages/671865.png,6,5,362,0,0,1,0,0,7.0,0.51,0.6,0.51,1,0.51,0,0.0,0,53,0,1,1,276,246,4,333,14,8,0,2,12,6,0,0,0,6.37,89,-0.51,-0.6,1.11,0,0.0,,0.0668
603190,Carlos Macia,Villarreal,Sub,https://images.fotmob.com/image_resources/playerimages/1841906.png,3,0,75,0,0,0,0,0,6.5,0.0,0.0,0.0,0,0.0,0,0.0,0,3,0,0,0,42,39,0,56,7,2,0,0,1,3,1,0,0,6.37,93,0.0,0.0,0.0,0,,,-0.0083
317541,Brahim Diaz,Real Madrid,Sub,https://images.fotmob.com/image_resources/playerimages/750027.png,3,1,108,0,0,0,0,0,6.7,0.06,0.05,0.06,0,0.0,0,0.0,0,8,1,1,0,47,47,3,65,2,0,0,2,0,0,1,0,0,6.37,100,-0.06,-0.05,0.11,0,0.0,,0.086
379684,Filip Ugrinic,Valencia,Sub,https://images.fotmob.com/image_resources/playerimages/800615.png,6,5,491,0,0,0,0,0,6.9,0.31,0.19,0.31,0,0.0,0,0.0,0,35,0,6,2,245,224,4,345,14,3,2,2,4,8,6,0,0,6.37,91,-0.31,-0.19,0.5,0,0.0,,0.0577
448294,Dani Lorenzo,Malaga,MC,https://images.fotmob.com/image_resources/playerimages/1317624.png,5,4,345,0,0,1,0,0,6.8,0.2,0.07,0.2,1,0.2,0,0.0,0,24,4,1,0,234,219,3,293,8,4,0,9,2,0,6,0,0,6.36,94,-0.2,-0.07,0.27,0,0.0,,0.026
381673,Jon Moncayola,Osasuna,MC,https://images.fotmob.com/image_resources/playerimages/921825.png,6,5,442,0,0,1,0,0,7.2,0.07,0.12,0.07,0,0.0,0,0.0,0,30,0,2,1,208,180,1,270,17,5,2,1,4,4,0,0,0,6.35,87,-0.07,-0.12,0.19,0,0.0,,0.13
422959,Isi Palazon,Rayo Vallecano,AMC,https://images.fotmob.com/image_resources/playerimages/638010.png,2,2,79,0,0,0,0,0,6.5,0.07,0.01,0.07,0,0.0,0,0.0,0,3,0,1,0,21,15,0,38,4,0,2,1,1,3,1,0,0,6.35,71,-0.07,-0.01,0.08,0,0.0,,-0.0544
365409,Julian Alvarez,Atlético Madrid,Sub,https://images.fotmob.com/image_resources/playerimages/974753.png,2,0,70,0,0,0,0,0,6.7,0.13,0.02,0.13,0,0.0,0,0.0,0,4,1,2,1,26,25,2,42,0,0,0,4,0,0,1,0,0,6.35,96,-0.13,-0.02,0.15,0,0.0,,-0.0428
496149,Dani Requena,Levante,Sub,https://images.fotmob.com/image_resources/playerimages/1481503.png,2,1,106,0,0,0,0,0,6.6,0.02,0.0,0.02,0,0.0,0,0.0,0,1,0,1,0,18,17,0,34,4,0,0,1,5,1,0,0,0,6.35,94,-0.02,0.0,0.02,0,,,0.0046
518928,Asier Osambela,Osasuna,DC,https://images.fotmob.com/image_resources/playerimages/1431121.png,4,2,219,0,0,0,0,0,6.7,0.02,0.02,0.02,0,0.0,0,0.0,0,22,0,1,0,122,96,0,162,14,2,3,1,7,7,2,0,0,6.33,79,-0.02,-0.02,0.04,0,,,0.1177
249960,Lucas Torro,Osasuna,MC,https://images.fotmob.com/image_resources/playerimages/303879.png,4,2,228,0,0,0,0,0,6.9,0.04,0.01,0.04,0,0.0,0,0.0,0,6,0,1,0,99,77,1,128,9,1,6,2,2,7,0,0,0,6.33,78,-0.04,-0.01,0.05,0,,,0.0187
536242,Peio Canales,Athletic Club,DMC,https://images.fotmob.com/image_resources/playerimages/1585726.png,4,2,238,0,0,0,0,0,7.0,0.19,0.25,0.19,0,0.0,0,0.0,0,20,2,4,2,134,115,5,173,4,1,1,4,1,1,2,0,0,6.33,86,-0.19,-0.25,0.44,0,0.0,,0.1047
517618,Inigo Arguibide,Osasuna,DR,https://images.fotmob.com/image_resources/playerimages/1614872.png,6,6,485,0,0,0,0,0,7.0,0.02,0.24,0.02,0,0.0,0,0.0,0,37,0,1,0,126,100,2,266,10,2,0,7,6,6,4,0,0,6.32,79,-0.02,-0.24,0.26,0,,,0.0711
429273,Bryan Zaragoza,Espanyol,Sub,https://images.fotmob.com/image_resources/playerimages/1202525.png,4,1,159,0,0,0,0,0,6.6,0.12,0.48,0.12,0,0.0,0,0.0,0,23,3,4,3,61,41,3,102,1,1,0,3,0,0,2,0,0,6.32,67,-0.12,-0.48,0.6,0,0.0,,0.3832
303268,Carles Alena,Deportivo Alaves,Sub,https://images.fotmob.com/image_resources/playerimages/637756.png,6,1,149,0,0,0,0,0,6.8,0.09,0.04,0.09,0,0.0,0,0.0,0,10,1,2,1,70,58,2,104,5,1,0,1,1,2,5,0,0,6.3,83,-0.09,-0.04,0.13,0,0.0,,0.0365
641096,Jorge Dominguez,Atletico Madrid,DR,https://images.fotmob.com/image_resources/playerimages/1842329.png,1,1,45,0,0,1,0,0,6.3,0.0,0.0,0.0,0,0.0,0,0.0,0,4,0,0,0,13,13,0,24,2,0,1,0,4,0,1,0,0,6.3,100,0.0,0.0,0.0,0,,,0.0673
395321,Aimar Oroz,Osasuna,Sub,https://images.fotmob.com/image_resources/playerimages/1054786.png,3,2,159,0,0,0,0,0,6.5,0.09,0.09,0.09,0,0.0,0,0.0,0,7,0,2,0,49,38,4,79,1,0,1,1,2,0,2,0,0,6.3,78,-0.09,-0.09,0.18,0,0.0,,0.0177
631884,Bright Ede,Deportivo A Coruña,DC,https://images.fotmob.com/image_resources/playerimages/1711969.png,3,2,209,0,0,0,0,0,6.6,0.03,0.0,0.03,0,0.0,0,0.0,0,18,0,1,0,115,103,0,149,5,3,5,0,0,15,1,0,0,6.3,90,-0.03,0.0,0.03,0,,,0.063
402862,Victor Chust,Elche,DC,https://images.fotmob.com/image_resources/playerimages/1192393.png,7,7,666,0,0,0,0,0,7.2,0.32,0.29,0.32,1,0.2,0,0.0,0,43,0,4,1,484,438,3,569,13,7,14,1,4,23,1,0,0,6.3,90,-0.32,-0.29,0.61,0,0.0,,0.0862
454790,Robbie Ure,Sevilla,Sub,https://images.fotmob.com/image_resources/playerimages/1399218.png,5,3,338,0,0,1,0,0,6.6,0.49,0.12,0.49,1,0.33,0,0.0,0,5,0,4,0,40,29,4,82,5,0,3,1,6,0,5,0,0,6.3,72,-0.49,-0.12,0.61,0,0.0,,-0.0005
531953,Pelayo Fernandez,Rayo Vallecano,Sub,https://images.fotmob.com/image_resources/playerimages/1411818.png,2,1,79,0,0,0,0,0,6.7,0.0,0.0,0.0,0,0.0,0,0.0,0,0,0,0,0,32,25,0,38,2,1,2,0,4,2,0,0,0,6.3,78,0.0,0.0,0.0,0,,,
294848,Pablo Maffeo,Valencia,DR,https://images.fotmob.com/image_resources/playerimages/673356.png,5,3,252,0,0,1,0,0,6.8,0.02,0.07,0.02,0,0.0,0,0.0,0,20,0,1,1,83,61,1,152,7,4,2,3,4,8,0,0,0,6.3,73,-0.02,-0.07,0.09,0,,,0.097
361696,Vanja Drkusic,Espanyol,Sub,https://images.fotmob.com/image_resources/playerimages/955204.png,3,1,128,0,0,0,0,0,6.6,0.0,0.0,0.0,0,0.0,0,0.0,0,2,0,0,0,65,52,0,84,3,0,2,0,3,8,0,0,0,6.3,80,0.0,0.0,0.0,0,,,0.0315
334221,Dani Raba,Valencia,Sub,https://images.fotmob.com/image_resources/playerimages/784246.png,1,0,12,0,0,0,0,0,6.3,0.02,0.0,0.02,0,0.0,0,0.0,0,2,0,1,0,9,6,1,16,0,0,0,1,0,0,0,0,0,6.3,67,-0.02,0.0,0.02,0,,,0.2303
447842,Enzo Boyomo,Osasuna,Sub,https://images.fotmob.com/image_resources/playerimages/1187734.png,3,2,208,0,0,0,0,0,6.6,0.0,0.0,0.0,0,0.0,0,0.0,0,5,0,0,0,86,77,1,120,6,1,2,1,4,15,2,0,0,6.3,90,0.0,0.0,0.0,0,,,0.0247
602515,Xanet Olaiz,Deportivo Alavés,Sub,https://images.fotmob.com/image_resources/playerimages/1721181.png,1,0,17,0,0,0,0,0,6.3,0.0,0.0,0.0,0,0.0,0,0.0,0,0,0,0,0,7,6,0,10,0,0,0,0,0,2,0,0,0,6.3,86,0.0,0.0,0.0,0,,,
495163,Rockson Yeboah,Osasuna,Sub,https://images.fotmob.com/image_resources/playerimages/1603025.png,3,2,222,0,0,1,0,0,6.9,0.0,0.02,0.0,0,0.0,0,0.0,0,18,1,0,0,119,109,1,163,11,5,2,2,2,11,1,0,0,6.3,92,0.0,-0.02,0.02,0,,,0.081
598468,Hugo Burcio,Celta Vigo,Sub,https://images.fotmob.com/image_resources/playerimages/1825995.png,1,0,22,0,0,0,0,0,6.3,0.07,0.01,0.07,0,0.0,0,0.0,0,6,0,1,0,16,15,1,23,1,1,0,0,0,0,0,0,0,6.3,94,-0.07,-0.01,0.08,0,0.0,,0.0819
640699,Ifeanyi Ndukwe,Levante,Sub,https://images.fotmob.com/image_resources/playerimages/1780239.png,1,0,27,0,0,0,0,0,6.3,0.0,0.0,0.0,0,0.0,0,0.0,0,0,0,0,0,9,6,0,16,2,0,0,0,0,3,0,0,0,6.3,67,0.0,0.0,0.0,0,,,
448400,Inigo Sainz-Maza,Racing Santander,MC,https://images.fotmob.com/image_resources/playerimages/1168852.png,1,1,77,0,0,0,0,0,6.3,0.0,0.02,0.0,0,0.0,0,0.0,0,2,0,0,0,26,21,1,40,3,0,0,1,0,1,1,0,0,6.3,81,0.0,-0.02,0.02,0,,,0.0616
541570,Matia Barzic,Elche,Sub,https://images.fotmob.com/image_resources/playerimages/1670276.png,1,0,18,0,0,0,0,0,6.3,0.0,0.0,0.0,0,0.0,0,0.0,0,1,0,0,0,3,2,0,7,0,0,0,0,0,3,0,0,0,6.3,67,0.0,0.0,0.0,0,,,0.105
461771,Abel Bretones,Osasuna,DL,https://images.fotmob.com/image_resources/playerimages/1323398.png,6,5,521,0,0,2,0,0,7.0,0.06,0.3,0.06,0,0.0,0,0.0,0,39,1,2,0,177,145,3,309,18,3,6,2,9,9,6,0,0,6.28,82,-0.06,-0.3,0.36,0,0.0,,0.1245
383924,Raul Garcia,Osasuna,FW,,6,4,351,0,0,1,0,0,7.3,0.77,0.06,0.77,1,0.42,0,0.0,0,7,0,9,3,73,57,2,123,3,0,8,2,3,3,2,0,0,6.28,78,-0.77,-0.06,0.83,0,0.0,,-0.0014
396490,Raul Moro,Osasuna,Sub,https://images.fotmob.com/image_resources/playerimages/1169596.png,4,1,149,0,0,0,0,0,6.6,0.25,0.52,0.25,0,0.0,0,0.0,0,12,4,4,1,35,29,3,80,1,0,0,5,1,1,4,0,0,6.28,83,-0.25,-0.52,0.77,0,0.0,,0.1238
459082,Pablo Duran,Celta Vigo,FW,https://images.fotmob.com/image_resources/playerimages/1322858.png,4,2,211,0,0,0,0,0,6.5,0.12,0.08,0.12,0,0.0,0,0.0,0,4,0,2,1,53,37,2,79,4,0,1,3,2,1,2,0,0,6.27,70,-0.12,-0.08,0.2,0,0.0,,-0.0024
423282,David Affengruber,Elche,DC,https://images.fotmob.com/image_resources/playerimages/1073980.png,3,3,284,0,0,0,0,0,6.8,0.32,0.05,0.32,1,0.2,0,0.0,0,16,0,5,0,212,190,1,267,4,5,3,1,1,11,1,0,0,6.27,90,-0.32,-0.05,0.37,0,0.0,,0.0437
386230,Jorge de Frutos,Rayo Vallecano,AMR,https://images.fotmob.com/image_resources/playerimages/797901.png,4,4,320,0,0,0,1,0,7.2,0.08,0.03,0.08,0,0.0,0,0.0,0,6,0,1,1,50,37,1,104,18,0,3,4,4,2,3,0,0,6.27,74,-0.08,-0.03,0.11,0,0.0,,0.0074
137031,Ezequiel Ponce,Elche,Sub,https://images.fotmob.com/image_resources/playerimages/493216.png,3,1,129,0,0,0,0,0,6.5,0.14,0.08,0.14,0,0.0,0,0.0,0,4,0,3,1,23,20,1,41,2,1,5,0,2,1,2,0,0,6.27,87,-0.14,-0.08,0.22,0,0.0,,0.0082
424675,Francho Serrano,Getafe,MC,https://images.fotmob.com/image_resources/playerimages/1183650.png,4,3,272,0,0,0,0,0,6.8,0.01,0.0,0.01,0,0.0,0,0.0,0,12,0,1,1,87,71,0,126,7,4,0,1,3,4,3,0,0,6.27,82,-0.01,0.0,0.01,0,,,0.0221
400009,Couhaib Driouech,Celta Vigo,Sub,https://images.fotmob.com/image_resources/playerimages/1184693.png,3,0,81,0,0,1,0,0,6.6,0.08,0.12,0.08,0,0.0,0,0.0,0,6,1,2,0,32,25,2,60,4,2,0,1,1,0,1,0,0,6.27,78,-0.08,-0.12,0.2,0,0.0,,0.0463
444251,Arnau Ortiz,Atletico Madrid,ML,https://images.fotmob.com/image_resources/playerimages/1297989.png,5,1,168,0,0,0,0,0,6.6,0.26,0.24,0.26,1,0.2,0,0.0,0,6,2,2,0,23,20,5,58,4,0,1,4,2,1,3,0,0,6.26,87,-0.26,-0.24,0.5,0,0.0,,0.0711
431121,Aliou Dieng,Valencia,Sub,https://images.fotmob.com/image_resources/playerimages/723148.png,5,2,257,0,0,0,0,0,7.0,0.0,0.02,0.0,0,0.0,0,0.0,0,14,1,0,0,110,97,1,156,12,0,3,3,6,7,3,0,0,6.26,88,0.0,-0.02,0.02,0,,,0.0322
510999,David Otorbi,Valencia,Sub,https://images.fotmob.com/image_resources/playerimages/1600732.png,5,2,242,0,0,0,0,0,6.8,0.07,0.24,0.07,0,0.0,0,0.0,0,23,1,2,0,66,50,1,109,5,1,2,2,0,0,2,0,0,6.26,76,-0.07,-0.24,0.31,0,0.0,,0.1251
409030,Ilaix Moriba,Celta Vigo,MC,https://images.fotmob.com/image_resources/playerimages/1109046.png,6,5,426,0,0,0,0,0,6.7,0.12,0.07,0.12,0,0.0,0,0.0,0,38,1,4,0,265,247,1,318,15,2,0,1,2,5,4,0,0,6.25,93,-0.12,-0.07,0.19,0,0.0,,0.0129
80758,Florian Lejeune,Rayo Vallecano,DC,https://images.fotmob.com/image_resources/playerimages/184521.png,6,6,583,0,0,1,0,0,7.0,0.29,0.05,0.29,0,0.0,0,0.0,0,25,0,10,2,299,247,1,398,17,9,12,2,6,34,0,0,0,6.25,83,-0.29,-0.05,0.34,0,0.0,,0.0398
369497,Javi Galan,Celta Vigo,DML,https://images.fotmob.com/image_resources/playerimages/695062.png,5,3,214,0,0,0,0,0,6.6,0.0,0.1,0.0,0,0.0,0,0.0,0,25,0,0,0,100,81,3,166,6,1,2,1,2,3,0,0,0,6.24,81,0.0,-0.1,0.1,0,,,0.1535
444227,Williot Swedberg,Celta Vigo,FWL,https://images.fotmob.com/image_resources/playerimages/1272740.png,5,3,255,0,0,0,0,0,6.5,1.06,0.09,1.06,3,0.99,0,0.0,0,6,1,4,3,61,43,3,114,5,1,2,2,4,2,3,0,0,6.24,70,-1.06,-0.09,1.15,0,0.0,,0.0068
377285,Takefusa Kubo,Real Sociedad,AMR,https://images.fotmob.com/image_resources/playerimages/848289.png,5,3,232,0,0,0,0,0,6.8,0.41,0.09,0.41,1,0.35,0,0.0,0,14,4,2,0,62,47,3,104,4,1,0,8,3,1,2,0,0,6.24,76,-0.41,-0.09,0.5,0,0.0,,0.0803
527113,Jonathan Asp Jensen,Deportivo A Coruña,AML,,3,2,131,0,0,0,0,0,6.3,0.11,0.02,0.11,0,0.0,0,0.0,0,2,0,3,2,25,20,0,44,3,0,0,0,2,1,2,0,0,6.23,80,-0.11,-0.02,0.13,0,0.0,,-0.0134
323625,Arnaut Danjuma,Valencia,ML,https://images.fotmob.com/image_resources/playerimages/704151.png,6,5,458,0,0,0,0,0,7.0,1.35,0.35,1.35,3,1.01,0,0.0,0,24,2,13,5,91,73,5,157,2,0,1,3,6,1,5,0,0,6.23,80,-1.35,-0.35,1.7,0,0.0,,0.0189
448273,Miguel Loureiro,Deportivo A Coruña,DC,https://images.fotmob.com/image_resources/playerimages/800891.png,3,1,114,0,0,0,0,0,6.3,0.0,0.0,0.0,0,0.0,0,0.0,0,7,0,0,0,76,68,0,99,4,3,1,0,2,10,2,0,0,6.23,89,0.0,0.0,0.0,0,,,0.0544
534590,Iker Cordoba,Valencia,Sub,https://images.fotmob.com/image_resources/playerimages/1637860.png,3,0,123,0,0,0,0,0,6.7,0.0,0.0,0.0,0,0.0,0,0.0,0,2,0,0,0,61,52,0,81,0,2,3,1,2,12,0,0,0,6.23,85,0.0,0.0,0.0,0,,,0.0171
419616,Federico Redondo,Elche,DC,https://images.fotmob.com/image_resources/playerimages/1277343.png,5,5,424,0,0,1,1,0,7.2,0.03,0.16,0.03,0,0.0,0,0.0,0,19,0,1,0,214,201,2,272,18,9,1,1,4,11,1,0,0,6.22,94,-0.03,-0.16,0.19,0,,,0.0635
408732,Jesus Vazquez,Valencia,DL,https://images.fotmob.com/image_resources/playerimages/1220187.png,6,4,367,0,0,0,0,0,6.9,0.06,0.05,0.06,0,0.0,0,0.0,0,36,1,2,0,112,92,1,223,12,3,1,4,6,4,5,0,0,6.22,82,-0.06,-0.05,0.11,0,0.0,,0.139
409740,Abdel Abqar,Getafe,DC,https://images.fotmob.com/image_resources/playerimages/956921.png,2,1,101,0,0,0,0,0,6.3,0.0,0.0,0.0,0,0.0,0,0.0,0,1,0,0,0,32,22,0,46,2,1,1,0,1,8,0,0,0,6.2,69,0.0,0.0,0.0,0,,,0.0189
410988,Saba Sazonov,Getafe,Sub,https://images.fotmob.com/image_resources/playerimages/1179368.png,3,1,127,0,0,1,0,0,6.5,0.02,0.01,0.02,0,0.0,0,0.0,0,4,0,1,0,44,36,0,63,4,1,1,0,3,5,0,0,0,6.2,82,-0.02,-0.01,0.03,0,,,0.0273
508331,Javi Rodriguez,Celta Vigo,DC,https://images.fotmob.com/image_resources/playerimages/1435439.png,4,3,251,0,0,0,0,0,7.0,0.03,0.03,0.03,0,0.0,0,0.0,0,27,0,1,1,198,179,0,219,5,3,0,0,1,6,0,0,0,6.2,90,-0.03,-0.03,0.06,0,,,0.1007
448009,Diego Villares,Deportivo A Coruña,Sub,https://images.fotmob.com/image_resources/playerimages/988178.png,2,0,69,0,0,0,0,0,6.2,0.0,0.0,0.0,0,0.0,0,0.0,0,12,0,0,0,52,44,0,66,5,1,2,0,1,2,0,0,0,6.2,85,0.0,0.0,0.0,0,,,0.1273
401173,Urko Gonzalez de Zarate,Espanyol,DMC,,7,6,453,0,0,2,0,0,7.0,0.02,0.03,0.02,0,0.0,0,0.0,0,14,0,1,0,178,161,1,234,13,5,3,1,7,10,2,0,0,6.2,90,-0.02,-0.03,0.05,0,,,0.0361
644082,Marc Santos,Levante,Sub,https://images.fotmob.com/image_resources/playerimages/2141146.png,1,0,31,0,0,0,0,0,6.2,0.0,0.0,0.0,0,0.0,0,0.0,0,0,0,0,0,3,2,0,12,1,1,1,0,0,1,0,0,0,6.2,67,0.0,0.0,0.0,0,,,
469547,Manu Bueno,Sevilla,Sub,https://images.fotmob.com/image_resources/playerimages/1428849.png,2,0,52,0,0,0,0,0,6.3,0.0,0.1,0.0,0,0.0,0,0.0,0,3,0,0,0,11,6,1,19,1,0,0,0,0,0,0,0,0,6.2,55,0.0,-0.1,0.1,0,,,0.0604
381550,Ruben Vargas,Sevilla,Sub,https://images.fotmob.com/image_resources/playerimages/860752.png,1,0,33,0,0,0,0,0,6.2,0.04,0.0,0.04,0,0.0,0,0.0,0,1,0,1,0,6,2,0,10,1,0,0,0,0,1,0,0,0,6.2,33,-0.04,0.0,0.04,0,,,0.0486
422960,Randy Nteka,Rayo Vallecano,FW,https://images.fotmob.com/image_resources/playerimages/915264.png,3,1,166,0,0,0,0,0,6.5,0.8,0.01,0.8,2,0.77,0,0.0,0,4,1,3,1,22,18,0,47,4,0,4,1,3,2,4,0,0,6.2,82,-0.8,-0.01,0.81,0,0.0,,0.0249
605436,Julio Diaz,Sevilla,Sub,https://images.fotmob.com/image_resources/playerimages/1447089.png,3,1,89,0,0,0,0,0,6.3,0.0,0.17,0.0,0,0.0,0,0.0,0,5,0,0,0,17,13,2,39,5,0,2,2,1,0,1,0,0,6.2,76,0.0,-0.17,0.17,0,,,0.0581
513251,Teun Gijselhart,Deportivo A Coruña,Sub,https://images.fotmob.com/image_resources/playerimages/1466558.png,1,0,30,0,0,0,0,0,6.2,0.0,0.0,0.0,0,0.0,0,0.0,0,1,0,0,0,4,2,1,8,2,0,0,0,1,2,0,0,0,6.2,50,0.0,0.0,0.0,0,,,0.0357
559489,Hamza Abdelkarim,Barcelona,Sub,https://images.fotmob.com/image_resources/playerimages/1708842.png,1,0,9,0,0,0,0,0,6.2,0.0,0.0,0.0,0,0.0,0,0.0,0,0,0,0,0,0,0,0,4,0,0,0,0,0,1,0,0,0,6.2,,0.0,0.0,0.0,0,,,
404108,Jens Cajuste,Málaga,Sub,https://images.fotmob.com/image_resources/playerimages/801120.png,1,0,9,0,0,0,0,0,6.2,0.0,0.0,0.0,0,0.0,0,0.0,0,0,0,0,0,6,5,0,7,1,0,0,0,0,0,0,0,0,6.2,83,0.0,0.0,0.0,0,,,
303908,Giovani Lo Celso,Real Betis,Sub,https://images.fotmob.com/image_resources/playerimages/604126.png,1,0,10,0,0,0,0,0,6.2,0.0,0.0,0.0,0,0.0,0,0.0,0,0,0,0,0,3,3,0,8,1,1,0,0,0,0,2,0,0,6.2,100,0.0,0.0,0.0,0,,,
598467,Andres Antanon,Celta Vigo,FWR,https://images.fotmob.com/image_resources/playerimages/1732791.png,1,1,62,0,0,0,0,0,6.2,0.09,0.0,0.09,0,0.0,0,0.0,0,0,0,1,0,14,10,0,23,0,1,1,0,0,1,1,0,0,6.2,71,-0.09,0.0,0.09,0,0.0,,
514695,Aitor Manas,Deportivo Alaves,FW,https://images.fotmob.com/image_resources/playerimages/1553663.png,4,1,110,0,0,0,0,0,6.3,0.0,0.0,0.0,0,0.0,0,0.0,0,0,0,0,0,8,5,1,30,1,2,3,1,3,3,1,0,0,6.18,62,0.0,0.0,0.0,0,,,
495459,Jon Martin,Real Sociedad,DC,https://images.fotmob.com/image_resources/playerimages/1523234.png,5,4,418,0,0,0,1,0,7.1,0.07,0.05,0.07,0,0.0,0,0.0,0,15,0,2,1,249,231,1,289,11,1,10,0,5,14,1,0,0,6.18,93,-0.07,-0.05,0.12,0,0.0,,0.0346
77417,Nemanja Gudelj,Getafe,Sub,https://images.fotmob.com/image_resources/playerimages/178753.png,4,3,304,0,0,1,0,0,6.4,0.15,0.13,0.15,0,0.0,0,0.0,0,8,0,5,0,72,51,1,105,4,4,5,0,6,7,0,0,0,6.18,71,-0.15,-0.13,0.28,0,0.0,,-0.0505
568737,Davinchi,Getafe,DML,https://images.fotmob.com/image_resources/playerimages/1676086.png,3,2,98,0,0,2,0,0,6.6,0.0,0.01,0.0,0,0.0,0,0.0,0,8,0,0,0,25,12,1,51,2,0,1,2,3,4,1,0,0,6.17,48,0.0,-0.01,0.01,0,,,0.1379
366204,Joaquin Munoz,Malaga,ML,https://images.fotmob.com/image_resources/playerimages/951739.png,6,4,329,0,0,0,0,0,6.4,0.1,0.18,0.1,0,0.0,0,0.0,0,21,4,4,0,91,76,3,150,9,1,0,5,4,1,6,0,0,6.17,84,-0.1,-0.18,0.28,0,0.0,,0.0252
541854,Paco Cortes,Levante,AML,https://images.fotmob.com/image_resources/playerimages/1649293.png,3,1,77,0,0,0,0,0,6.3,0.05,0.0,0.05,0,0.0,0,0.0,0,1,0,1,1,15,11,0,27,1,0,0,3,0,0,1,0,0,6.17,73,-0.05,0.0,0.05,0,,,0.0236
486031,Arouna Sangante,Sevilla,DC,https://images.fotmob.com/image_resources/playerimages/1244272.png,3,3,270,0,0,0,1,0,7.0,0.0,0.0,0.0,0,0.0,0,0.0,0,10,0,0,0,112,88,1,141,2,4,9,0,4,11,0,0,0,6.17,79,0.0,0.0,0.0,0,,,0.0372
447544,Matteo Prati,Racing Santander,Sub,https://images.fotmob.com/image_resources/playerimages/1396089.png,4,3,267,0,0,0,0,0,6.7,0.0,0.07,0.0,0,0.0,0,0.0,0,13,1,0,0,120,94,2,161,7,2,0,2,2,12,1,0,0,6.17,78,0.0,-0.07,0.07,0,,,0.0517
427001,Hugo Alvarez,Celta Vigo,Sub,https://images.fotmob.com/image_resources/playerimages/1308414.png,4,2,200,0,0,0,0,0,6.5,0.08,0.11,0.08,0,0.0,0,0.0,0,20,0,1,0,78,64,3,105,1,1,0,0,2,0,4,0,0,6.15,82,-0.08,-0.11,0.19,0,0.0,,0.0928
395708,Victor Garcia,Levante,AMR,https://images.fotmob.com/image_resources/playerimages/977618.png,4,2,213,0,0,0,0,0,6.4,0.27,0.09,0.27,1,0.27,0,0.0,0,9,1,1,0,45,37,1,91,3,2,1,1,3,3,6,0,0,6.15,82,-0.27,-0.09,0.36,0,0.0,,0.0389
322095,Mouctar Diakhaby,Valencia,DC,https://images.fotmob.com/image_resources/playerimages/561198.png,4,3,300,0,0,2,0,0,6.6,0.09,0.0,0.09,0,0.0,0,0.0,0,17,0,2,0,143,119,0,189,3,6,7,1,1,18,0,0,0,6.15,83,-0.09,0.0,0.09,0,0.0,,0.0498
354526,Hugo Duro,Valencia,FW,https://images.fotmob.com/image_resources/playerimages/929838.png,6,2,199,0,0,0,0,0,6.6,0.11,0.01,0.11,0,0.0,0,0.0,0,2,0,2,0,40,27,2,62,2,1,7,0,1,3,2,0,0,6.15,68,-0.11,-0.01,0.12,0,0.0,,0.0015
415345,Hugo Sotelo,Levante,Sub,https://images.fotmob.com/image_resources/playerimages/1254218.png,4,1,113,0,0,1,0,0,6.7,0.08,0.0,0.08,0,0.0,0,0.0,0,6,0,1,0,29,23,0,46,5,2,0,0,2,1,1,0,0,6.15,79,-0.08,0.0,0.08,0,0.0,,0.0638
300291,Romain Del Castillo,Osasuna,Sub,https://images.fotmob.com/image_resources/playerimages/696263.png,2,0,41,0,0,0,0,0,6.3,0.0,0.03,0.0,0,0.0,0,0.0,0,4,0,0,0,14,14,0,21,1,0,2,0,0,0,0,0,0,6.15,100,0.0,-0.03,0.03,0,,,0.1231
444264,Facu Gonzalez,Racing Santander,Sub,https://images.fotmob.com/image_resources/playerimages/1212179.png,5,3,260,0,0,1,0,0,6.4,0.0,0.0,0.0,0,0.0,0,0.0,0,6,0,0,0,91,72,0,134,6,5,4,0,7,19,0,0,0,6.14,79,0.0,0.0,0.0,0,,,0.0224
382157,Pol Lozano,Espanyol,Sub,https://images.fotmob.com/image_resources/playerimages/750031.png,3,0,58,0,0,1,0,0,6.3,0.04,0.05,0.04,0,0.0,0,0.0,0,4,0,1,0,25,22,2,31,4,0,0,0,2,1,1,0,0,6.13,88,-0.04,-0.05,0.09,0,,,0.0659
478349,Gabriel Moscardo,Espanyol,Sub,https://images.fotmob.com/image_resources/playerimages/1503655.png,4,2,180,0,0,1,0,0,6.7,0.11,0.01,0.11,0,0.0,0,0.0,0,5,0,2,1,56,46,0,95,9,1,7,1,3,6,6,0,0,6.13,82,-0.11,-0.01,0.12,0,0.0,,0.0527
399952,Miguel Rodriguez,Deportivo Alavés,Sub,,3,0,26,0,0,0,0,0,6.3,0.0,0.01,0.0,0,0.0,0,0.0,0,4,0,0,0,6,4,2,15,1,0,0,0,0,1,2,0,0,6.13,67,0.0,-0.01,0.01,0,,,0.0955
362602,Gorka Guruzeta,Athletic Club,FW,https://images.fotmob.com/image_resources/playerimages/711231.png,4,2,184,0,0,2,0,0,6.2,0.05,0.21,0.05,0,0.0,0,0.0,0,3,0,2,0,31,19,1,55,5,1,4,0,5,4,0,0,0,6.12,61,-0.05,-0.21,0.26,0,,,0.0436
75919,Kiko Femenia,Getafe,DMR,,3,3,199,0,0,0,1,0,6.8,0.0,0.16,0.0,0,0.0,0,0.0,0,29,0,0,0,96,90,1,122,2,1,2,0,2,2,2,0,0,6.1,94,0.0,-0.16,0.16,0,,,0.2525
644193,Alvaro Padilla,Elche,Sub,https://images.fotmob.com/image_resources/playerimages/1959218.png,1,0,16,0,0,0,0,0,6.1,0.0,0.0,0.0,0,0.0,0,0.0,0,4,0,0,0,7,7,0,12,0,0,0,1,0,0,1,0,0,6.1,100,0.0,0.0,0.0,0,,,0.1519
140772,Pere Milla,Espanyol,Sub,https://images.fotmob.com/image_resources/playerimages/593129.png,5,0,93,0,0,1,0,0,6.4,0.08,0.01,0.08,0,0.0,0,0.0,0,4,1,3,0,27,23,0,45,2,1,3,1,1,1,2,0,0,6.1,85,-0.08,-0.01,0.09,0,0.0,,-0.0512
129620,Jeremy Toljan,Levante,Sub,https://images.fotmob.com/image_resources/playerimages/443966.png,5,1,201,0,0,1,0,0,6.7,0.0,0.0,0.0,0,0.0,0,0.0,0,15,0,0,0,47,32,0,92,1,1,1,2,1,7,1,0,0,6.1,68,0.0,0.0,0.0,0,,,0.1185
481851,Hugo Rincon,Athletic Club,DR,https://images.fotmob.com/image_resources/playerimages/1427819.png,2,1,116,0,0,0,0,0,6.1,0.0,0.0,0.0,0,0.0,0,0.0,0,9,0,0,0,23,19,0,51,2,1,1,0,1,1,1,0,0,6.1,83,0.0,0.0,0.0,0,,,0.0845
541704,Maroan Sannadi,Athletic Club,Sub,https://images.fotmob.com/image_resources/playerimages/1425206.png,3,0,89,0,0,0,0,0,6.2,0.44,0.0,0.44,1,0.42,0,0.0,0,1,0,2,1,10,6,0,21,0,0,2,0,0,1,0,0,0,6.1,60,-0.44,0.0,0.44,0,0.0,,0.0009
448292,Haitam Abaida,Málaga,Sub,https://images.fotmob.com/image_resources/playerimages/1220748.png,2,0,41,0,0,0,0,0,6.2,0.16,0.01,0.16,0,0.0,0,0.0,0,6,1,3,0,9,7,1,26,0,0,0,1,1,0,0,0,0,6.1,78,-0.16,-0.01,0.17,0,0.0,,0.0868
386261,Dani Cardenas,Rayo Vallecano,Sub,https://images.fotmob.com/image_resources/playerimages/1041445.png,3,2,229,0,0,0,0,0,6.3,0.0,0.0,0.0,0,0.0,22,4.34,6,6,0,0,0,63,25,0,93,0,0,0,0,0,3,0,8,0,6.1,40,0.0,0.0,0.0,0,,,0.0388
498812,Abdoulaye Faye,Celta Vigo,DC,https://images.fotmob.com/image_resources/playerimages/1555492.png,1,1,45,0,0,0,0,0,6.1,0.0,0.0,0.0,0,0.0,0,0.0,0,1,0,0,0,33,32,0,41,2,1,0,0,1,6,0,0,0,6.1,97,0.0,0.0,0.0,0,,,0.0108
448450,Riki Rodriguez,Deportivo A Coruña,ML,https://images.fotmob.com/image_resources/playerimages/970566.png,2,2,116,0,0,0,0,0,6.3,0.0,0.01,0.0,0,0.0,0,0.0,0,5,0,0,0,49,40,0,56,2,1,0,0,2,1,1,0,0,6.1,82,0.0,-0.01,0.01,0,,,0.0375
408942,Alfon Gonzalez,Sevilla,Sub,,1,0,17,0,0,0,0,0,6.1,0.0,0.02,0.0,0,0.0,0,0.0,0,2,0,0,0,2,2,1,5,0,0,0,0,0,0,1,0,0,6.1,100,0.0,-0.02,0.02,0,,,0.2924
452407,Alvaro Fidalgo,Real Betis,Sub,https://images.fotmob.com/image_resources/playerimages/895954.png,2,0,42,0,0,0,0,0,6.2,0.0,0.0,0.0,0,0.0,0,0.0,0,2,0,0,0,17,16,0,21,5,0,0,0,0,0,0,0,0,6.1,94,0.0,0.0,0.0,0,,,0.0096
323352,Diego Rico,Osasuna,DL,https://images.fotmob.com/image_resources/playerimages/488718.png,1,1,45,0,0,0,0,0,6.1,0.0,0.13,0.0,0,0.0,0,0.0,0,7,0,0,0,21,17,0,40,3,0,1,0,0,3,1,0,0,6.1,81,0.0,-0.13,0.13,0,,,0.503
445649,Endrick,Real Madrid,Sub,https://images.fotmob.com/image_resources/playerimages/1406729.png,1,0,10,0,0,0,0,0,6.1,0.09,0.0,0.09,0,0.0,0,0.0,0,0,0,1,0,0,0,0,2,0,0,0,0,0,0,0,0,0,6.1,,-0.09,0.0,0.09,0,0.0,,
423109,Nico Serrano,Athletic Club,Sub,https://images.fotmob.com/image_resources/playerimages/1203614.png,1,0,10,0,0,0,0,0,6.1,0.07,0.0,0.07,0,0.0,0,0.0,0,0,0,1,0,3,2,0,10,1,0,0,0,1,0,0,0,0,6.1,67,-0.07,0.0,0.07,0,0.0,,
547317,Jose Angel,Espanyol,DR,https://images.fotmob.com/image_resources/playerimages/1687255.png,1,1,94,0,0,0,0,0,6.1,0.02,0.24,0.02,0,0.0,0,0.0,0,14,0,1,0,31,30,2,59,0,0,1,0,3,1,1,0,0,6.1,97,-0.02,-0.24,0.26,0,,,0.1569
447853,Jonathan Dubasin,Osasuna,MR,https://images.fotmob.com/image_resources/playerimages/1242139.png,6,2,247,0,0,1,0,0,6.5,0.89,0.14,0.89,3,0.86,0,0.0,0,23,0,4,2,105,85,2,157,6,4,3,1,3,1,5,0,0,6.08,81,-0.89,-0.14,1.03,0,0.0,,0.0353
436617,Alemao,Rayo Vallecano,Sub,https://images.fotmob.com/image_resources/playerimages/924300.png,5,0,142,0,0,1,0,0,6.2,0.53,0.01,0.53,1,0.33,0,0.0,0,4,0,5,2,26,20,0,59,2,0,3,1,4,2,7,0,0,6.08,77,-0.53,-0.01,0.54,0,0.0,,-0.0049
546574,Alex Marchal,Real Sociedad,Sub,https://images.fotmob.com/image_resources/playerimages/1721611.png,4,0,135,0,0,0,0,0,6.3,0.11,0.39,0.11,0,0.0,0,0.0,0,3,0,3,1,30,25,2,50,4,0,0,1,1,0,3,0,0,6.08,83,-0.11,-0.39,0.5,0,0.0,,0.094
508035,Izan Merino,Malaga,DMC,https://images.fotmob.com/image_resources/playerimages/1669619.png,6,5,428,0,0,0,0,0,6.4,0.04,0.08,0.04,0,0.0,0,0.0,0,32,0,1,0,266,249,3,290,8,3,0,0,6,6,0,0,0,6.07,94,-0.04,-0.08,0.12,0,,,0.0257
471958,Rafa Rodriguez,Malaga,Sub,https://images.fotmob.com/image_resources/playerimages/1434474.png,3,1,96,0,0,0,0,0,6.1,0.19,0.02,0.19,0,0.0,0,0.0,0,3,1,6,0,45,39,1,65,2,0,0,1,2,1,1,0,0,6.07,87,-0.19,-0.02,0.21,0,0.0,,0.1136
448041,Adria Alti,Deportivo A Coruña,AMR,,3,2,152,0,0,2,1,0,6.7,0.0,0.02,0.0,0,0.0,0,0.0,0,9,0,0,0,28,25,1,52,7,1,1,1,4,3,0,0,0,6.07,89,0.0,-0.02,0.02,0,,,0.0619
445292,Tani Oluwaseyi,Villarreal,Sub,https://images.fotmob.com/image_resources/playerimages/1338740.png,4,0,81,0,0,0,0,0,6.6,0.05,0.08,0.05,0,0.0,0,0.0,0,3,0,1,0,19,14,2,36,3,1,2,0,2,2,2,0,0,6.07,74,-0.05,-0.08,0.13,0,,,0.047
367803,Giorgi Tsitaishvili,Rayo Vallecano,Sub,https://images.fotmob.com/image_resources/playerimages/939061.png,3,2,192,0,0,1,0,0,6.2,0.62,0.22,0.62,1,0.33,0,0.0,0,8,0,6,2,23,21,2,52,3,0,0,0,1,1,2,0,0,6.07,91,-0.62,-0.22,0.84,0,0.0,,0.0493
484251,Sebastian Boselli,Getafe,Sub,https://images.fotmob.com/image_resources/playerimages/1414777.png,5,1,141,0,0,1,0,0,6.5,0.0,0.04,0.0,0,0.0,0,0.0,0,10,0,0,0,32,16,0,67,7,2,1,0,5,4,2,0,0,6.06,50,0.0,-0.04,0.04,0,,,0.1461
381674,Sergio Herrera,Osasuna,GK,https://images.fotmob.com/image_resources/playerimages/683762.png,5,5,473,0,0,2,0,0,7.3,0.0,0.01,0.0,0,0.0,25,6.12,8,33,0,0,0,109,78,1,152,1,0,1,1,1,4,0,6,0,6.06,72,0.0,-0.01,0.01,0,,-1.88,0.1188
471047,Mario Martin,Getafe,MC,https://images.fotmob.com/image_resources/playerimages/1321605.png,4,4,350,0,0,4,1,0,6.5,0.54,0.06,0.54,1,0.34,0,0.0,0,12,0,6,2,91,70,1,152,14,3,5,0,8,6,3,0,0,6.05,77,-0.54,-0.06,0.6,0,0.0,,0.0004
438351,Martim Neto,Elche,MC,https://images.fotmob.com/image_resources/playerimages/1226189.png,4,2,170,0,0,0,0,0,6.3,0.12,0.15,0.12,0,0.0,0,0.0,0,12,1,3,0,78,68,3,99,1,1,0,4,1,0,3,0,0,6.05,87,-0.12,-0.15,0.27,0,0.0,,0.0866
381643,Aleix Febas,Celta Vigo,MC,https://images.fotmob.com/image_resources/playerimages/671686.png,2,2,168,0,0,0,0,0,6.8,0.02,0.0,0.02,0,0.0,0,0.0,0,9,0,1,1,108,100,0,129,6,0,0,0,5,1,0,0,0,6.05,93,-0.02,0.0,0.02,0,,,0.0221
546268,Oscar Lopez,Getafe,Sub,https://images.fotmob.com/image_resources/playerimages/1694764.png,2,0,16,0,0,0,0,0,6.1,0.0,0.0,0.0,0,0.0,0,0.0,0,1,0,0,0,6,4,0,6,0,0,1,0,0,0,0,0,0,6.05,67,0.0,0.0,0.0,0,,,0.041
140088,Adama Traore,Deportivo A Coruña,Sub,https://images.fotmob.com/image_resources/playerimages/493647.png,2,0,65,0,0,0,0,0,6.2,0.0,0.0,0.0,0,0.0,0,0.0,0,4,1,0,0,24,21,0,48,0,0,0,4,0,0,3,0,0,6.05,88,0.0,0.0,0.0,0,,,0.0759
523331,Alberto Risco,Getafe,Sub,https://images.fotmob.com/image_resources/playerimages/1637438.png,4,0,80,0,0,0,0,0,6.2,0.11,0.0,0.11,0,0.0,0,0.0,0,4,0,2,0,21,17,0,41,5,1,0,2,2,0,4,0,0,6.03,81,-0.11,0.0,0.11,0,0.0,,0.0058
508339,Ali Houary,Elche,ML,https://images.fotmob.com/image_resources/playerimages/1670281.png,3,3,188,0,0,1,0,0,6.7,1.07,0.01,1.07,2,0.9,0,0.0,0,8,1,5,2,94,75,2,141,3,1,0,5,2,0,8,0,0,6.03,80,-1.07,-0.01,1.08,0,0.0,,-0.004
448289,Ramon Enriquez,Malaga,Sub,https://images.fotmob.com/image_resources/playerimages/1082957.png,6,0,132,0,0,3,0,0,6.3,0.0,0.02,0.0,0,0.0,0,0.0,0,22,0,0,0,121,110,1,136,1,2,0,1,2,3,0,0,0,6.02,91,0.0,-0.02,0.02,0,,,0.0895
422916,Matias Dituro,Elche,GK,https://images.fotmob.com/image_resources/playerimages/592412.png,7,7,666,0,0,0,0,0,7.0,0.0,0.01,0.0,0,0.0,52,12.8,15,45,0,0,0,336,215,0,405,0,2,2,0,0,6,1,18,0,6.01,64,0.0,-0.01,0.01,0,,-2.2,0.0964
427360,Carlos Martin,Atletico Madrid,MR,https://images.fotmob.com/image_resources/playerimages/1282015.png,1,1,56,0,0,0,0,0,6.0,0.07,0.06,0.07,0,0.0,0,0.0,0,7,0,2,0,20,15,0,28,0,0,1,0,4,0,1,0,0,6.0,75,-0.07,-0.06,0.13,0,0.0,,0.3783
463425,Eneko Jauregi,Malaga,Sub,https://images.fotmob.com/image_resources/playerimages/722830.png,1,0,17,0,0,0,0,0,6.0,0.0,0.0,0.0,0,0.0,0,0.0,0,0,0,0,0,4,3,0,8,1,0,0,0,1,0,2,0,0,6.0,75,0.0,0.0,0.0,0,,,
507361,David Mella,Deportivo A Coruña,Sub,https://images.fotmob.com/image_resources/playerimages/1368655.png,2,0,58,0,0,0,0,0,6.1,0.0,0.01,0.0,0,0.0,0,0.0,0,3,0,0,0,11,7,0,25,4,1,1,0,1,1,1,0,0,6.0,64,0.0,-0.01,0.01,0,,,0.1219
511028,Kevin Sanchez,Deportivo A Coruña,Sub,https://images.fotmob.com/image_resources/playerimages/1560023.png,1,0,12,0,0,0,0,0,6.0,0.0,0.0,0.0,0,0.0,0,0.0,0,0,0,0,0,1,0,0,1,0,0,0,0,0,0,0,0,0,6.0,0,0.0,0.0,0.0,0,,,
430451,Jofre Carreras,Espanyol,Sub,https://images.fotmob.com/image_resources/playerimages/1184777.png,3,0,33,0,0,0,0,0,6.1,0.12,0.0,0.12,0,0.0,0,0.0,0,1,0,2,0,13,8,0,22,0,0,1,0,0,0,2,0,0,6.0,62,-0.12,0.0,0.12,0,0.0,,0.002
515307,Adama Boiro,Athletic Club,Sub,https://images.fotmob.com/image_resources/playerimages/1331249.png,1,0,24,0,0,0,0,0,6.0,0.0,0.0,0.0,0,0.0,0,0.0,0,2,0,0,0,8,7,0,14,1,1,0,0,0,1,0,0,0,6.0,88,0.0,0.0,0.0,0,,,0.1821
331171,Asier Villalibre,Racing Santander,FW,https://images.fotmob.com/image_resources/playerimages/670031.png,5,3,232,0,0,0,0,0,6.1,0.42,0.0,0.42,1,0.34,0,0.0,0,3,0,2,1,28,16,1,65,0,0,4,0,0,4,3,0,0,6.0,57,-0.42,0.0,0.42,0,0.0,,0.0014
101613,Ivan Balliu,Rayo Vallecano,DL,https://images.fotmob.com/image_resources/playerimages/264885.png,5,2,243,0,0,0,0,0,6.3,0.0,0.0,0.0,0,0.0,0,0.0,0,19,0,0,0,56,42,0,120,8,2,4,0,2,8,0,0,0,6.0,75,0.0,0.0,0.0,0,,,0.0464
367583,Aihen Munoz,Real Sociedad,Sub,https://images.fotmob.com/image_resources/playerimages/999159.png,1,0,24,0,0,0,0,0,6.0,0.0,0.01,0.0,0,0.0,0,0.0,0,6,0,0,0,7,6,0,15,2,0,0,0,0,0,0,0,0,6.0,86,0.0,-0.01,0.01,0,,,0.1047
278721,Borja Mayoral,Getafe,Sub,https://images.fotmob.com/image_resources/playerimages/635772.png,2,0,16,0,0,0,0,0,6.1,0.0,0.0,0.0,0,0.0,0,0.0,0,0,0,0,0,2,0,0,5,0,0,0,0,0,0,0,0,0,6.0,0,0.0,0.0,0.0,0,,,
431570,Juan Carlos Arana,Racing Santander,Sub,https://images.fotmob.com/image_resources/playerimages/1225417.png,3,1,74,0,0,0,0,0,6.0,0.31,0.0,0.31,1,0.31,0,0.0,0,0,0,1,0,15,11,0,25,1,1,0,0,3,0,1,0,0,6.0,73,-0.31,0.0,0.31,0,0.0,,
391317,Julen Lobete,Málaga,Sub,https://images.fotmob.com/image_resources/playerimages/1098594.png,1,0,9,0,0,0,0,0,6.0,0.0,0.0,0.0,0,0.0,0,0.0,0,1,0,0,0,2,2,0,2,0,0,0,0,0,0,0,0,0,6.0,100,0.0,0.0,0.0,0,,,0.1328
505924,Jozhua Vertrouwd,Rayo Vallecano,DL,https://images.fotmob.com/image_resources/playerimages/1255090.png,2,2,129,0,0,0,0,0,6.0,0.0,0.0,0.0,0,0.0,0,0.0,0,8,0,0,0,36,31,0,60,3,0,0,0,2,3,1,0,0,6.0,86,0.0,0.0,0.0,0,,,0.0442
541871,Jon Gorrotxategi,Real Sociedad,Sub,https://images.fotmob.com/image_resources/playerimages/1323827.png,4,0,87,0,0,0,0,0,6.2,0.0,0.0,0.0,0,0.0,0,0.0,0,7,0,0,0,38,34,0,50,0,0,1,0,0,3,1,0,0,6.0,89,0.0,0.0,0.0,0,,,0.0232
637210,Yanis Musuayi,Levante,Sub,https://images.fotmob.com/image_resources/playerimages/1836083.png,1,0,35,0,0,0,0,0,6.0,0.0,0.0,0.0,0,0.0,0,0.0,0,0,0,0,0,4,3,0,16,0,0,0,1,2,1,2,0,0,6.0,75,0.0,0.0,0.0,0,,,
363982,Harvey Elliott,Valencia,Sub,https://images.fotmob.com/image_resources/playerimages/963964.png,2,0,79,0,0,0,0,0,6.1,0.0,0.02,0.0,0,0.0,0,0.0,0,3,0,0,0,34,26,0,37,2,0,0,0,0,0,0,0,0,6.0,76,0.0,-0.02,0.02,0,,,0.0609
389130,Logan Costa,Villarreal,DC,https://images.fotmob.com/image_resources/playerimages/922877.png,1,1,82,0,0,0,0,0,6.0,0.04,0.03,0.04,0,0.0,0,0.0,0,4,0,1,0,52,48,0,56,0,0,1,0,0,1,0,0,0,6.0,92,-0.04,-0.03,0.07,0,,,0.0435
364114,Juan Berrocal,Málaga,Sub,https://images.fotmob.com/image_resources/playerimages/873838.png,1,0,9,0,0,0,0,0,6.0,0.0,0.0,0.0,0,0.0,0,0.0,0,0,0,0,0,1,1,0,3,0,0,0,0,0,0,0,0,0,6.0,100,0.0,0.0,0.0,0,,,
511219,Rayane Belaid,Rayo Vallecano,Sub,https://images.fotmob.com/image_resources/playerimages/1553404.png,1,0,29,0,0,0,0,0,6.0,0.0,0.0,0.0,0,0.0,0,0.0,0,1,0,0,0,5,5,0,9,1,0,1,0,0,1,1,0,0,6.0,100,0.0,0.0,0.0,0,,,0.0727
604368,Unai Santos,Osasuna,DC,https://images.fotmob.com/image_resources/playerimages/1682298.png,1,1,93,0,0,0,0,0,6.0,0.02,0.0,0.02,0,0.0,0,0.0,0,8,0,1,0,41,31,0,60,0,2,2,0,3,8,0,0,0,6.0,76,-0.02,0.0,0.02,0,,,0.0877
400185,Arsen Zakharyan,Real Sociedad,Sub,https://images.fotmob.com/image_resources/playerimages/1175610.png,2,0,20,0,0,0,0,0,6.0,0.0,0.02,0.0,0,0.0,0,0.0,0,5,0,0,0,15,11,0,21,0,0,0,0,0,0,0,0,0,5.95,73,0.0,-0.02,0.02,0,,,0.3383
444265,Fran Perez,Rayo Vallecano,Sub,https://images.fotmob.com/image_resources/playerimages/1284430.png,5,1,180,0,0,1,1,0,6.5,0.03,0.1,0.03,0,0.0,0,0.0,0,7,2,1,0,36,29,1,72,2,2,0,4,5,1,1,0,0,5.94,81,-0.03,-0.1,0.13,0,,,0.0778
460461,Giorgi Guliashvili,Racing Santander,Sub,https://images.fotmob.com/image_resources/playerimages/1065640.png,3,0,69,0,0,0,0,0,6.0,0.0,0.0,0.0,0,0.0,0,0.0,0,1,0,0,0,8,7,0,15,0,0,0,1,1,1,1,0,0,5.93,88,0.0,0.0,0.0,0,,,0.0031
441888,Jones El Abdellaoui,Celta Vigo,Sub,,3,2,160,0,0,0,0,0,6.1,0.41,0.01,0.41,1,0.31,0,0.0,0,6,0,3,1,39,34,0,69,0,0,1,1,4,2,3,0,0,5.9,87,-0.41,-0.01,0.42,0,0.0,,-0.0578
556141,Umaru,Elche,Sub,,1,0,28,0,0,1,0,0,5.9,0.0,0.0,0.0,0,0.0,0,0.0,0,0,0,0,0,4,3,0,9,0,0,1,0,2,0,1,0,0,5.9,75,0.0,0.0,0.0,0,,,
406937,Carlos Alvarez,Levante,AMC,https://images.fotmob.com/image_resources/playerimages/1209980.png,1,1,45,0,0,0,0,0,5.9,0.0,0.01,0.0,0,0.0,0,0.0,0,4,0,0,0,14,12,1,20,0,0,0,0,1,0,1,0,0,5.9,86,0.0,-0.01,0.01,0,,,0.0208
444806,Alvaro Djalo,Athletic Club,Sub,https://images.fotmob.com/image_resources/playerimages/1355668.png,1,0,13,0,0,0,0,0,5.9,0.0,0.0,0.0,0,0.0,0,0.0,0,0,0,0,0,1,0,0,5,2,0,0,0,0,0,2,0,0,5.9,0,0.0,0.0,0.0,0,,,
545956,Diego Diaz,Racing Santander,Sub,https://images.fotmob.com/image_resources/playerimages/1693550.png,1,0,17,0,0,0,0,0,5.9,0.0,0.0,0.0,0,0.0,0,0.0,0,1,0,0,0,4,3,0,7,1,0,0,0,0,0,0,0,0,5.9,75,0.0,0.0,0.0,0,,,0.0394
562981,Ryunosuke Sato,Valencia,MR,https://images.fotmob.com/image_resources/playerimages/1611149.png,5,4,306,0,0,2,0,0,6.3,0.3,0.02,0.3,0,0.0,0,0.0,0,17,0,5,1,100,82,1,155,11,0,1,1,4,0,3,0,0,5.9,82,-0.3,-0.02,0.32,0,0.0,,0.0395
259042,Borja Iglesias,Celta Vigo,Sub,https://images.fotmob.com/image_resources/playerimages/609505.png,1,0,27,0,0,0,0,0,5.9,0.1,0.0,0.1,0,0.0,0,0.0,0,1,0,2,0,5,4,0,8,0,0,0,0,0,0,0,0,0,5.9,80,-0.1,0.0,0.1,0,0.0,,0.0288
508469,Joselu Perez,Getafe,Sub,https://images.fotmob.com/image_resources/playerimages/1559834.png,1,0,13,0,0,0,0,0,5.9,0.0,0.0,0.0,0,0.0,0,0.0,0,0,0,0,0,3,2,0,5,0,0,0,0,1,0,0,0,0,5.9,67,0.0,0.0,0.0,0,,,
444239,Arnau Martinez,Valencia,DC,https://images.fotmob.com/image_resources/playerimages/1194892.png,4,3,251,0,0,1,0,0,6.4,0.03,0.01,0.03,0,0.0,0,0.0,0,26,0,1,0,112,94,0,168,9,1,2,0,2,3,0,0,0,5.88,84,-0.03,-0.01,0.04,0,,,0.1756
400826,Luiz Junior,Villarreal,GK,https://images.fotmob.com/image_resources/playerimages/1187044.png,4,4,382,0,0,0,0,0,6.5,0.0,0.0,0.0,0,0.0,32,5.18,8,4,0,0,0,84,76,0,106,0,0,0,0,0,2,0,6,0,5.85,90,0.0,0.0,0.0,0,,-2.82,0.0071
605437,Iker Luque,Racing Santander,Sub,https://images.fotmob.com/image_resources/playerimages/1586390.png,2,0,61,0,0,0,0,0,6.1,0.06,0.0,0.06,0,0.0,0,0.0,0,2,1,1,0,6,4,0,22,2,1,0,2,2,1,0,0,0,5.85,67,-0.06,0.0,0.06,0,0.0,,0.0795
544767,Jean Valou,Getafe,Sub,https://images.fotmob.com/image_resources/playerimages/1792368.png,1,0,26,0,0,0,0,0,5.8,0.0,0.0,0.0,0,0.0,0,0.0,0,1,0,0,0,3,3,0,7,0,0,0,0,1,2,0,0,0,5.8,100,0.0,0.0,0.0,0,,,-0.0006
604365,Kareem Tunde,Levante,Sub,https://images.fotmob.com/image_resources/playerimages/1875615.png,1,0,19,0,0,0,0,0,5.8,0.0,0.0,0.0,0,0.0,0,0.0,0,0,0,0,0,2,1,0,4,0,0,0,0,0,0,0,0,0,5.8,50,0.0,0.0,0.0,0,,,
108100,Pedro Bigas,Elche,Sub,https://images.fotmob.com/image_resources/playerimages/291635.png,4,2,206,0,0,0,0,0,6.3,0.02,0.0,0.02,0,0.0,0,0.0,0,11,0,1,1,122,109,0,147,0,1,1,0,2,7,0,0,0,5.8,89,-0.02,0.0,0.02,0,,,0.0574
323546,Aaron Martin,Racing Santander,Sub,,2,1,100,0,0,0,0,0,6.0,0.0,0.07,0.0,0,0.0,0,0.0,0,7,0,0,0,27,21,1,43,5,2,1,1,2,1,1,0,0,5.8,78,0.0,-0.07,0.07,0,,,0.1673
546570,Luken Beitia,Real Sociedad,DC,https://images.fotmob.com/image_resources/playerimages/1697334.png,2,2,188,0,0,1,0,0,6.2,0.0,0.12,0.0,0,0.0,0,0.0,0,9,0,0,0,127,116,2,146,3,2,4,0,2,9,1,0,0,5.7,91,0.0,-0.12,0.12,0,,,0.0713
476789,Petar Ratkov,Levante,FW,https://images.fotmob.com/image_resources/playerimages/1302821.png,1,1,59,0,0,0,0,0,5.7,0.09,0.0,0.09,0,0.0,0,0.0,0,0,0,1,0,11,6,0,21,1,1,1,0,0,0,3,0,0,5.7,55,-0.09,0.0,0.09,0,0.0,,
478316,Pedro Felipe,Racing Santander,DC,https://images.fotmob.com/image_resources/playerimages/1644302.png,3,2,75,0,0,1,0,0,6.3,0.0,0.0,0.0,0,0.0,0,0.0,0,1,0,0,0,16,13,0,29,4,0,0,0,3,5,0,0,0,5.67,81,0.0,0.0,0.0,0,,,0.0235
322246,Andre Almeida,Racing Santander,Sub,https://images.fotmob.com/image_resources/playerimages/777028.png,2,0,77,0,0,0,1,0,6.3,0.0,0.28,0.0,0,0.0,0,0.0,0,8,0,0,0,48,43,0,57,3,1,0,0,2,0,1,0,0,5.65,90,0.0,-0.28,0.28,0,,,0.2195
73379,Wojciech Szczesny,Barcelona,Sub,https://images.fotmob.com/image_resources/playerimages/169718.png,1,0,48,0,0,0,0,0,5.3,0.0,0.0,0.0,0,0.0,0,0.0,0,0,0,0,0,4,3,0,7,0,0,0,0,0,0,1,0,0,5.3,75,0.0,0.0,0.0,0,,,
